source_dataset,target_dataset,family,mode,policy,seeds,calibration_seeds,heldout_seeds,final_best_mean,final_best_std,best_so_far_auc_mean,best_so_far_auc_std,top10_hit_mean,top10_hit_std,balanced_score,cal_final_best_mean,cal_final_best_std,cal_best_so_far_auc_mean,cal_best_so_far_auc_std,cal_top10_hit_mean,cal_top10_hit_std,cal_balanced_score,heldout_final_best_mean,heldout_final_best_std,heldout_best_so_far_auc_mean,heldout_best_so_far_auc_std,heldout_top10_hit_mean,heldout_top10_hit_std,heldout_balanced_score
real_buchwald_hartwig,real_chemlex_acidamine,transfer_gate,transfer_descriptor_target_calibrated_gate_v1,transfer_gate:transfer_descriptor_target_calibrated_gate_v1,50,25,25,80.041,27.4384,73.1298,28.5947,0.0,0.0,153.1708,78.1888,29.5801,72.7363,30.3237,0.0,0.0,150.9251,81.8932,24.9779,73.5232,26.7485,0.0,0.0,155.4164
real_buchwald_hartwig,real_chemlex_acidamine,transfer_gate,transfer_descriptor_target_calibrated_strict_gate_v1,transfer_gate:transfer_descriptor_target_calibrated_strict_gate_v1,50,25,25,80.8854,28.0047,73.5367,28.8436,0.0,0.0,154.4221,80.9132,29.7519,73.7587,30.3068,0.0,0.0,154.6719,80.8576,26.141,73.3147,27.3002,0.0,0.0,154.1723
real_buchwald_hartwig,real_chemlex_acidamine,transfer_gate,transfer_gate_v1,transfer_gate:transfer_gate_v1,50,25,25,80.041,27.4384,73.1298,28.5947,0.0,0.0,153.1708,78.1888,29.5801,72.7363,30.3237,0.0,0.0,150.9251,81.8932,24.9779,73.5232,26.7485,0.0,0.0,155.4164
real_buchwald_hartwig,real_chemlex_acidamine,transfer_gate,transfer_strict_gate_v1,transfer_gate:transfer_strict_gate_v1,50,25,25,80.8854,28.0047,73.5367,28.8436,0.0,0.0,154.4221,80.9132,29.7519,73.7587,30.3068,0.0,0.0,154.6719,80.8576,26.141,73.3147,27.3002,0.0,0.0,154.1723
real_buchwald_hartwig,real_chemlex_acidamine,transfer_gate,transfer_value_prior_gate_v1,transfer_gate:transfer_value_prior_gate_v1,50,25,25,80.041,27.4384,73.1298,28.5947,0.0,0.0,153.1708,78.1888,29.5801,72.7363,30.3237,0.0,0.0,150.9251,81.8932,24.9779,73.5232,26.7485,0.0,0.0,155.4164
real_buchwald_hartwig,real_chemlex_acidamine,transfer_gate,transfer_value_prior_strict_gate_v1,transfer_gate:transfer_value_prior_strict_gate_v1,50,25,25,80.8854,28.0047,73.5367,28.8436,0.0,0.0,154.4221,80.9132,29.7519,73.7587,30.3068,0.0,0.0,154.6719,80.8576,26.141,73.3147,27.3002,0.0,0.0,154.1723
real_buchwald_hartwig,real_suzuki_miyaura,hybrid_gp,hybrid_transfer_gp_ucb_gate_v1,hybrid_gp:hybrid_transfer_gp_ucb_gate_v1,50,25,25,93.0209,7.1376,88.3746,9.7939,0.14,0.347,181.5355,91.9475,8.7026,88.7145,9.2226,0.08,0.2713,180.742,94.0942,4.8836,88.0346,10.3226,0.2,0.4,182.3288
real_buchwald_hartwig,real_suzuki_miyaura,hybrid_gp,hybrid_transfer_gp_ucb_no_gate,hybrid_gp:hybrid_transfer_gp_ucb_no_gate,50,25,25,93.3867,5.4393,88.4753,9.4404,0.14,0.347,182.002,92.6791,5.8584,88.9161,8.4437,0.08,0.2713,181.6752,94.0942,4.8836,88.0346,10.3226,0.2,0.4,182.3288
real_buchwald_hartwig,real_suzuki_miyaura,hybrid_gp,hybrid_value_prior_gp_ucb_adaptive_gate_v1,hybrid_gp:hybrid_value_prior_gp_ucb_adaptive_gate_v1,50,25,25,93.0209,7.1376,88.3746,9.7939,0.14,0.347,181.5355,91.9475,8.7026,88.7145,9.2226,0.08,0.2713,180.742,94.0942,4.8836,88.0346,10.3226,0.2,0.4,182.3288
real_buchwald_hartwig,real_suzuki_miyaura,hybrid_gp,hybrid_value_prior_gp_ucb_gate_v1,hybrid_gp:hybrid_value_prior_gp_ucb_gate_v1,50,25,25,93.0209,7.1376,88.3746,9.7939,0.14,0.347,181.5355,91.9475,8.7026,88.7145,9.2226,0.08,0.2713,180.742,94.0942,4.8836,88.0346,10.3226,0.2,0.4,182.3288
real_buchwald_hartwig,real_suzuki_miyaura,hybrid_gp,hybrid_value_prior_gp_ucb_strict_gate_v1,hybrid_gp:hybrid_value_prior_gp_ucb_strict_gate_v1,50,25,25,93.0209,7.1376,88.3746,9.7939,0.14,0.347,181.5355,91.9475,8.7026,88.7145,9.2226,0.08,0.2713,180.742,94.0942,4.8836,88.0346,10.3226,0.2,0.4,182.3288
real_buchwald_hartwig,real_suzuki_miyaura,hybrid_gp,hybrid_value_prior_gp_ucb_target_calibrated_gate_v1,hybrid_gp:hybrid_value_prior_gp_ucb_target_calibrated_gate_v1,50,25,25,93.0209,7.1376,88.3746,9.7939,0.14,0.347,181.5355,91.9475,8.7026,88.7145,9.2226,0.08,0.2713,180.742,94.0942,4.8836,88.0346,10.3226,0.2,0.4,182.3288
real_buchwald_hartwig,real_suzuki_miyaura,transfer_gate,transfer_descriptor_target_calibrated_gate_v1,transfer_gate:transfer_descriptor_target_calibrated_gate_v1,50,25,25,91.121,7.9682,87.4168,10.5019,0.16,0.3666,178.6978,92.0379,8.1352,87.4016,11.4497,0.24,0.4271,179.6795,90.2041,7.689,87.432,9.4595,0.08,0.2713,177.7161
real_buchwald_hartwig,real_suzuki_miyaura,transfer_gate,transfer_descriptor_target_calibrated_strict_gate_v1,transfer_gate:transfer_descriptor_target_calibrated_strict_gate_v1,50,25,25,92.5782,5.999,88.6292,8.2107,0.18,0.3842,181.3874,93.2467,5.743,89.3012,8.2799,0.24,0.4271,182.7879,91.9096,6.1724,87.9571,8.0852,0.12,0.325,179.9867
real_buchwald_hartwig,real_suzuki_miyaura,transfer_gate,transfer_gate_v1,transfer_gate:transfer_gate_v1,50,25,25,91.1253,8.3908,87.2412,10.5883,0.1,0.3,178.4665,91.1994,8.8137,87.1599,11.4017,0.08,0.2713,178.4393,91.0512,7.9448,87.3225,9.7063,0.12,0.325,178.4937
real_buchwald_hartwig,real_suzuki_miyaura,transfer_gate,transfer_strict_gate_v1,transfer_gate:transfer_strict_gate_v1,50,25,25,92.0067,6.7726,87.7611,9.2312,0.12,0.325,179.8878,91.6913,7.6738,87.7063,10.0139,0.16,0.3666,179.5576,92.322,5.714,87.8159,8.3753,0.08,0.2713,180.2179
real_buchwald_hartwig,real_suzuki_miyaura,transfer_gate,transfer_value_prior_gate_v1,transfer_gate:transfer_value_prior_gate_v1,50,25,25,91.1253,8.3908,87.2412,10.5883,0.1,0.3,178.4665,91.1994,8.8137,87.1599,11.4017,0.08,0.2713,178.4393,91.0512,7.9448,87.3225,9.7063,0.12,0.325,178.4937
real_buchwald_hartwig,real_suzuki_miyaura,transfer_gate,transfer_value_prior_strict_gate_v1,transfer_gate:transfer_value_prior_strict_gate_v1,50,25,25,92.0067,6.7726,87.7611,9.2312,0.12,0.325,179.8878,91.6913,7.6738,87.7063,10.0139,0.16,0.3666,179.5576,92.322,5.714,87.8159,8.3753,0.08,0.2713,180.2179
real_buchwald_hartwig,real_suzuki_miyaura,weighted_kernel,transfer_weighted_gp_ucb_scale_0p25,weighted_kernel:transfer_weighted_gp_ucb_scale_0p25,50,25,25,92.5463,7.9048,88.2985,10.4235,0.16,0.3666,181.0048,91.9911,8.6185,88.908,9.0036,0.12,0.325,181.0191,93.1014,7.0764,87.689,11.64,0.2,0.4,180.9904
real_buchwald_hartwig,real_suzuki_miyaura,weighted_kernel,transfer_weighted_gp_ucb_scale_0p5,weighted_kernel:transfer_weighted_gp_ucb_scale_0p5,50,25,25,92.1862,8.6417,88.4204,10.3613,0.14,0.347,180.7466,91.7644,8.6811,89.036,9.0448,0.08,0.2713,180.8804,92.6081,8.5814,87.8048,11.4956,0.2,0.4,180.6129
real_buchwald_hartwig,real_suzuki_miyaura,weighted_kernel,transfer_weighted_gp_ucb_scale_1,weighted_kernel:transfer_weighted_gp_ucb_scale_1,50,25,25,92.1979,8.3513,88.396,10.0748,0.16,0.3666,180.7539,91.6752,8.8449,89.1157,8.8654,0.12,0.325,180.9109,92.7206,7.7918,87.6764,11.1072,0.2,0.4,180.597
real_buchwald_hartwig,real_suzuki_miyaura,weighted_kernel,transfer_weighted_gp_ucb_scale_1p5,weighted_kernel:transfer_weighted_gp_ucb_scale_1p5,50,25,25,92.6114,8.2576,88.3631,9.9827,0.16,0.3666,181.1345,92.3051,8.7031,88.7837,8.7814,0.12,0.325,181.2088,92.9176,7.7746,87.9426,11.0382,0.2,0.4,181.0602
real_buchwald_hartwig,real_suzuki_miyaura,weighted_kernel,transfer_weighted_gp_ucb_scale_2,weighted_kernel:transfer_weighted_gp_ucb_scale_2,50,25,25,92.4669,8.2269,88.2929,9.9588,0.14,0.347,180.8998,92.147,8.6543,88.8144,8.7967,0.08,0.2713,181.0414,92.7869,7.7629,87.7713,10.974,0.2,0.4,180.7582
real_buchwald_hartwig,real_suzuki_miyaura,weighted_kernel,transfer_weighted_gp_ucb_scale_3,weighted_kernel:transfer_weighted_gp_ucb_scale_3,50,25,25,91.553,8.6486,87.5723,10.5398,0.12,0.325,179.2453,91.8006,8.687,88.7332,8.5822,0.08,0.2713,180.6138,91.3055,8.6028,86.4113,12.0758,0.16,0.3666,177.8768
real_buchwald_hartwig,real_suzuki_miyaura,weighted_kernel,transfer_weighted_gp_ucb_scale_4,weighted_kernel:transfer_weighted_gp_ucb_scale_4,50,25,25,91.3762,8.5345,87.4977,10.6125,0.14,0.347,179.0139,91.268,8.8793,88.1242,9.136,0.12,0.325,179.5122,91.4843,8.1738,86.8712,11.8743,0.16,0.3666,178.5155
real_buchwald_hartwig,real_suzuki_miyaura,weighted_kernel,transfer_weighted_gp_ucb_scale_6,weighted_kernel:transfer_weighted_gp_ucb_scale_6,50,25,25,91.7762,8.2665,87.5967,10.5557,0.14,0.347,179.5129,91.722,8.6604,88.2785,9.1763,0.12,0.325,180.1205,91.8305,7.8525,86.915,11.735,0.16,0.3666,178.9055
real_chemlex_acidamine,real_buchwald_hartwig,hybrid_gp,hybrid_transfer_gp_ucb_gate_v1,hybrid_gp:hybrid_transfer_gp_ucb_gate_v1,50,25,25,90.2473,9.3901,82.7764,10.979,0.24,0.4271,173.2637,92.1658,6.571,86.2583,7.1279,0.32,0.4665,178.7441,88.3288,11.2164,79.2945,12.885,0.16,0.3666,167.7833
real_chemlex_acidamine,real_buchwald_hartwig,hybrid_gp,hybrid_transfer_gp_ucb_no_gate,hybrid_gp:hybrid_transfer_gp_ucb_no_gate,50,25,25,89.564,10.4693,82.3136,11.8896,0.24,0.4271,172.1176,92.2594,6.5003,86.1389,7.2284,0.32,0.4665,178.7183,86.8686,12.7448,78.4883,14.1848,0.16,0.3666,165.5169
real_chemlex_acidamine,real_buchwald_hartwig,hybrid_gp,hybrid_value_prior_gp_ucb_adaptive_gate_v1,hybrid_gp:hybrid_value_prior_gp_ucb_adaptive_gate_v1,50,25,25,90.2473,9.3901,82.7764,10.979,0.24,0.4271,173.2637,92.1658,6.571,86.2583,7.1279,0.32,0.4665,178.7441,88.3288,11.2164,79.2945,12.885,0.16,0.3666,167.7833
real_chemlex_acidamine,real_buchwald_hartwig,hybrid_gp,hybrid_value_prior_gp_ucb_gate_v1,hybrid_gp:hybrid_value_prior_gp_ucb_gate_v1,50,25,25,90.2473,9.3901,82.7764,10.979,0.24,0.4271,173.2637,92.1658,6.571,86.2583,7.1279,0.32,0.4665,178.7441,88.3288,11.2164,79.2945,12.885,0.16,0.3666,167.7833
real_chemlex_acidamine,real_buchwald_hartwig,hybrid_gp,hybrid_value_prior_gp_ucb_strict_gate_v1,hybrid_gp:hybrid_value_prior_gp_ucb_strict_gate_v1,50,25,25,90.2473,9.3901,82.7764,10.979,0.24,0.4271,173.2637,92.1658,6.571,86.2583,7.1279,0.32,0.4665,178.7441,88.3288,11.2164,79.2945,12.885,0.16,0.3666,167.7833
real_chemlex_acidamine,real_buchwald_hartwig,hybrid_gp,hybrid_value_prior_gp_ucb_target_calibrated_gate_v1,hybrid_gp:hybrid_value_prior_gp_ucb_target_calibrated_gate_v1,50,25,25,90.2473,9.3901,82.7764,10.979,0.24,0.4271,173.2637,92.1658,6.571,86.2583,7.1279,0.32,0.4665,178.7441,88.3288,11.2164,79.2945,12.885,0.16,0.3666,167.7833
real_chemlex_acidamine,real_buchwald_hartwig,transfer_gate,transfer_descriptor_target_calibrated_gate_v1,transfer_gate:transfer_descriptor_target_calibrated_gate_v1,50,25,25,87.4341,12.8936,80.833,12.5675,0.16,0.3666,168.4271,88.2422,9.9392,82.2885,10.1481,0.12,0.325,170.6507,86.6259,15.2446,79.3774,14.4451,0.2,0.4,166.2033
real_chemlex_acidamine,real_buchwald_hartwig,transfer_gate,transfer_descriptor_target_calibrated_strict_gate_v1,transfer_gate:transfer_descriptor_target_calibrated_strict_gate_v1,50,25,25,85.9583,13.8409,79.8331,13.4357,0.14,0.347,165.9314,87.7115,10.1563,82.1377,10.3556,0.16,0.3666,170.0092,84.205,16.5482,77.5286,15.594,0.12,0.325,161.8536
real_chemlex_acidamine,real_buchwald_hartwig,transfer_gate,transfer_gate_v1,transfer_gate:transfer_gate_v1,50,25,25,87.4341,12.8936,80.833,12.5675,0.16,0.3666,168.4271,88.2422,9.9392,82.2885,10.1481,0.12,0.325,170.6507,86.6259,15.2446,79.3774,14.4451,0.2,0.4,166.2033
real_chemlex_acidamine,real_buchwald_hartwig,transfer_gate,transfer_strict_gate_v1,transfer_gate:transfer_strict_gate_v1,50,25,25,85.9583,13.8409,79.8331,13.4357,0.14,0.347,165.9314,87.7115,10.1563,82.1377,10.3556,0.16,0.3666,170.0092,84.205,16.5482,77.5286,15.594,0.12,0.325,161.8536
real_chemlex_acidamine,real_buchwald_hartwig,transfer_gate,transfer_value_prior_gate_v1,transfer_gate:transfer_value_prior_gate_v1,50,25,25,87.4341,12.8936,80.833,12.5675,0.16,0.3666,168.4271,88.2422,9.9392,82.2885,10.1481,0.12,0.325,170.6507,86.6259,15.2446,79.3774,14.4451,0.2,0.4,166.2033
real_chemlex_acidamine,real_buchwald_hartwig,transfer_gate,transfer_value_prior_strict_gate_v1,transfer_gate:transfer_value_prior_strict_gate_v1,50,25,25,85.9583,13.8409,79.8331,13.4357,0.14,0.347,165.9314,87.7115,10.1563,82.1377,10.3556,0.16,0.3666,170.0092,84.205,16.5482,77.5286,15.594,0.12,0.325,161.8536
real_chemlex_acidamine,real_buchwald_hartwig,weighted_kernel,transfer_weighted_gp_ucb_scale_0p25,weighted_kernel:transfer_weighted_gp_ucb_scale_0p25,50,25,25,90.1018,9.9266,82.2035,12.617,0.28,0.449,172.5853,91.9972,6.784,86.5158,7.2822,0.32,0.4665,178.833,88.2065,11.9945,77.8913,15.1048,0.24,0.4271,166.3378
real_chemlex_acidamine,real_buchwald_hartwig,weighted_kernel,transfer_weighted_gp_ucb_scale_0p5,weighted_kernel:transfer_weighted_gp_ucb_scale_0p5,50,25,25,90.0201,10.0176,82.2964,12.4207,0.26,0.4386,172.5765,92.1441,6.5572,86.7626,7.0873,0.32,0.4665,179.2267,87.8961,12.1936,77.8302,14.7792,0.2,0.4,165.9263
real_chemlex_acidamine,real_buchwald_hartwig,weighted_kernel,transfer_weighted_gp_ucb_scale_1,weighted_kernel:transfer_weighted_gp_ucb_scale_1,50,25,25,90.102,9.2277,82.6992,11.5402,0.26,0.4386,173.0612,91.7894,7.1842,86.727,6.8998,0.32,0.4665,178.8364,88.4145,10.6299,78.6714,13.6491,0.2,0.4,167.2859
real_chemlex_acidamine,real_buchwald_hartwig,weighted_kernel,transfer_weighted_gp_ucb_scale_1p5,weighted_kernel:transfer_weighted_gp_ucb_scale_1p5,50,25,25,89.7795,11.0447,82.4875,12.6927,0.26,0.4386,172.527,92.069,7.223,87.1964,6.8047,0.32,0.4665,179.5854,87.49,13.4653,77.7786,15.2171,0.2,0.4,165.4686
real_chemlex_acidamine,real_buchwald_hartwig,weighted_kernel,transfer_weighted_gp_ucb_scale_2,weighted_kernel:transfer_weighted_gp_ucb_scale_2,50,25,25,90.5758,8.899,83.1126,11.4691,0.26,0.4386,173.9484,92.3,6.7853,86.8039,7.5982,0.32,0.4665,179.4239,88.8517,10.315,79.4213,13.3453,0.2,0.4,168.473
real_chemlex_acidamine,real_buchwald_hartwig,weighted_kernel,transfer_weighted_gp_ucb_scale_3,weighted_kernel:transfer_weighted_gp_ucb_scale_3,50,25,25,89.1529,11.0539,81.3192,12.8239,0.24,0.4271,170.7121,91.6777,6.4847,85.0692,9.2349,0.28,0.449,177.0269,86.628,13.7687,77.5693,14.6799,0.2,0.4,164.3973
real_chemlex_acidamine,real_buchwald_hartwig,weighted_kernel,transfer_weighted_gp_ucb_scale_4,weighted_kernel:transfer_weighted_gp_ucb_scale_4,50,25,25,88.0888,11.7732,81.2505,12.7094,0.24,0.4271,169.5793,87.847,11.6416,83.3909,12.1878,0.24,0.4271,171.4779,88.3306,11.8984,79.1101,12.8589,0.24,0.4271,167.6807
real_chemlex_acidamine,real_buchwald_hartwig,weighted_kernel,transfer_weighted_gp_ucb_scale_6,weighted_kernel:transfer_weighted_gp_ucb_scale_6,50,25,25,88.8831,11.0883,82.3371,11.6819,0.22,0.4142,171.4402,87.3435,11.8263,82.7865,11.6797,0.2,0.4,170.33,90.4226,10.0647,81.8877,11.6667,0.24,0.4271,172.5503
real_chemlex_acidamine,real_suzuki_miyaura,transfer_gate,transfer_descriptor_target_calibrated_gate_v1,transfer_gate:transfer_descriptor_target_calibrated_gate_v1,50,25,25,92.4869,6.4608,88.0892,9.229,0.1,0.3,180.6761,92.497,7.1492,88.1601,9.9634,0.12,0.325,180.7771,92.4769,5.6897,88.0182,8.4302,0.08,0.2713,180.5751
real_chemlex_acidamine,real_suzuki_miyaura,transfer_gate,transfer_descriptor_target_calibrated_strict_gate_v1,transfer_gate:transfer_descriptor_target_calibrated_strict_gate_v1,50,25,25,90.1331,9.2019,86.9489,10.7193,0.08,0.2713,177.162,90.4877,10.0268,87.0657,11.6547,0.08,0.2713,177.6334,89.7786,8.2802,86.8321,9.6926,0.08,0.2713,176.6907
real_chemlex_acidamine,real_suzuki_miyaura,transfer_gate,transfer_gate_v1,transfer_gate:transfer_gate_v1,50,25,25,92.4869,6.4608,88.0892,9.229,0.1,0.3,180.6761,92.497,7.1492,88.1601,9.9634,0.12,0.325,180.7771,92.4769,5.6897,88.0182,8.4302,0.08,0.2713,180.5751
real_chemlex_acidamine,real_suzuki_miyaura,transfer_gate,transfer_strict_gate_v1,transfer_gate:transfer_strict_gate_v1,50,25,25,90.1331,9.2019,86.9489,10.7193,0.08,0.2713,177.162,90.4877,10.0268,87.0657,11.6547,0.08,0.2713,177.6334,89.7786,8.2802,86.8321,9.6926,0.08,0.2713,176.6907
real_chemlex_acidamine,real_suzuki_miyaura,transfer_gate,transfer_value_prior_gate_v1,transfer_gate:transfer_value_prior_gate_v1,50,25,25,92.4869,6.4608,88.0892,9.229,0.1,0.3,180.6761,92.497,7.1492,88.1601,9.9634,0.12,0.325,180.7771,92.4769,5.6897,88.0182,8.4302,0.08,0.2713,180.5751
real_chemlex_acidamine,real_suzuki_miyaura,transfer_gate,transfer_value_prior_strict_gate_v1,transfer_gate:transfer_value_prior_strict_gate_v1,50,25,25,90.1331,9.2019,86.9489,10.7193,0.08,0.2713,177.162,90.4877,10.0268,87.0657,11.6547,0.08,0.2713,177.6334,89.7786,8.2802,86.8321,9.6926,0.08,0.2713,176.6907
real_moleculenet_esol,real_moleculenet_freesolv,value_prior,transfer_value_prior_gate_v1,value_prior:transfer_value_prior_gate_v1,50,25,25,64.004,16.3388,57.1633,16.6979,0.48,0.4996,121.6473,63.408,17.5898,56.1957,17.6679,0.48,0.4996,120.0837,64.6,14.96,58.1308,15.6081,0.48,0.4996,123.2108
real_moleculenet_esol,real_moleculenet_freesolv,value_prior,transfer_value_prior_strict_gate_v1,value_prior:transfer_value_prior_strict_gate_v1,50,25,25,64.0207,16.2925,57.1621,16.6741,0.48,0.4996,121.6628,62.5547,17.3464,56.2912,17.6481,0.44,0.4964,119.2859,65.4867,15.0231,58.0329,15.591,0.52,0.4996,124.0396
real_moleculenet_esol,real_moleculenet_lipophilicity,value_prior,transfer_value_prior_gate_v1,value_prior:transfer_value_prior_gate_v1,50,25,25,87.6025,3.4756,85.7322,4.0489,0.06,0.2375,173.3947,87.195,3.1155,85.555,3.9873,0.0,0.0,172.75,88.01,3.7578,85.9095,4.102,0.12,0.325,174.0395
real_moleculenet_esol,real_moleculenet_lipophilicity,value_prior,transfer_value_prior_strict_gate_v1,value_prior:transfer_value_prior_strict_gate_v1,50,25,25,87.7675,3.0817,85.7815,3.9597,0.04,0.196,173.589,87.575,2.892,85.8455,3.7775,0.0,0.0,173.4205,87.96,3.249,85.7175,4.133,0.08,0.2713,173.7575
real_moleculenet_freesolv,real_moleculenet_lipophilicity,hybrid_gp,hybrid_transfer_gp_ucb_gate_v1,hybrid_gp:hybrid_transfer_gp_ucb_gate_v1,50,25,25,88.395,3.5009,86.4265,3.3364,0.08,0.2713,174.9015,88.38,3.4325,86.458,3.2598,0.08,0.2713,174.918,88.41,3.568,86.395,3.4111,0.08,0.2713,174.885
real_moleculenet_freesolv,real_moleculenet_lipophilicity,hybrid_gp,hybrid_transfer_gp_ucb_no_gate,hybrid_gp:hybrid_transfer_gp_ucb_no_gate,50,25,25,88.41,3.4698,86.3113,3.2202,0.1,0.3,174.8213,88.805,3.6843,86.451,3.1971,0.16,0.3666,175.416,88.015,3.1926,86.1715,3.2371,0.04,0.196,174.2265
real_moleculenet_freesolv,real_moleculenet_lipophilicity,hybrid_gp,hybrid_value_prior_gp_ucb_gate_v1,hybrid_gp:hybrid_value_prior_gp_ucb_gate_v1,50,25,25,88.8775,3.5911,86.727,3.4202,0.16,0.3666,175.7645,88.725,3.1167,86.6745,2.969,0.12,0.325,175.5195,89.03,4.0039,86.7795,3.8177,0.2,0.4,176.0095
real_moleculenet_freesolv,real_moleculenet_lipophilicity,hybrid_gp,hybrid_value_prior_gp_ucb_no_gate,hybrid_gp:hybrid_value_prior_gp_ucb_no_gate,50,25,25,88.8725,3.5845,86.7265,3.4194,0.16,0.3666,175.759,88.725,3.1167,86.6745,2.969,0.12,0.325,175.5195,89.02,3.9924,86.7785,3.8163,0.2,0.4,175.9985
real_moleculenet_freesolv,real_moleculenet_lipophilicity,value_prior,transfer_strict_gate_v1,value_prior:transfer_strict_gate_v1,50,25,25,87.12,3.2781,85.541,4.0764,0.04,0.196,172.701,86.92,3.0448,85.437,3.9352,0.0,0.0,172.357,87.32,3.4844,85.645,4.2104,0.08,0.2713,173.045
real_moleculenet_freesolv,real_moleculenet_lipophilicity,value_prior,transfer_value_prior_gate_v1,value_prior:transfer_value_prior_gate_v1,50,25,25,90.0625,3.6914,87.966,3.3587,0.3,0.4583,178.3285,90.2,3.8968,88.29,3.5119,0.36,0.48,178.85,89.925,3.4684,87.642,3.1651,0.24,0.4271,177.807
real_moleculenet_freesolv,real_moleculenet_lipophilicity,value_prior,transfer_value_prior_strict_gate_v1,value_prior:transfer_value_prior_strict_gate_v1,50,25,25,88.1625,3.9866,86.182,4.1503,0.16,0.3666,174.5045,87.625,4.2524,85.803,4.4041,0.12,0.325,173.548,88.7,3.623,86.561,3.8427,0.2,0.4,175.461
real_moleculenet_freesolv,real_moleculenet_lipophilicity,weighted_kernel,transfer_weighted_gp_ucb_scale_1p5,weighted_kernel:transfer_weighted_gp_ucb_scale_1p5,50,25,25,88.565,3.4113,86.6808,3.3834,0.08,0.2713,175.3258,88.815,2.964,86.8465,3.1518,0.08,0.2713,175.7415,88.315,3.79,86.515,3.5925,0.08,0.2713,174.91
real_moleculenet_freesolv,real_moleculenet_lipophilicity,weighted_kernel,transfer_weighted_gp_ucb_scale_4,weighted_kernel:transfer_weighted_gp_ucb_scale_4,50,25,25,88.5025,3.3413,86.38,3.0135,0.12,0.325,175.0025,88.995,2.975,86.8815,2.3977,0.12,0.325,175.9965,88.01,3.6045,85.8785,3.4511,0.12,0.325,174.0085
real_moleculenet_lipophilicity,real_moleculenet_freesolv,value_prior,transfer_value_prior_gate_v1,value_prior:transfer_value_prior_gate_v1,50,25,25,67.0507,16.7555,57.6708,16.9343,0.68,0.4665,125.4015,67.2333,16.9549,56.6977,17.2711,0.68,0.4665,124.611,66.868,16.5517,58.6439,16.5335,0.68,0.4665,126.1919
real_moleculenet_lipophilicity,real_moleculenet_freesolv,value_prior,transfer_value_prior_strict_gate_v1,value_prior:transfer_value_prior_strict_gate_v1,50,25,25,65.3753,17.9479,56.9143,17.194,0.58,0.4936,122.8696,65.976,18.1318,56.0337,17.5294,0.6,0.4899,122.6097,64.7747,17.7419,57.7948,16.8059,0.56,0.4964,123.1295
real_suzuki_miyaura,real_buchwald_hartwig,hybrid_gp,hybrid_transfer_gp_ucb_gate_v1,hybrid_gp:hybrid_transfer_gp_ucb_gate_v1,50,25,25,90.7886,9.0508,83.1863,10.6651,0.26,0.4386,174.2349,91.1468,7.6891,86.2137,7.4275,0.28,0.449,177.6405,90.4304,10.2204,80.1589,12.4093,0.24,0.4271,170.8293
real_suzuki_miyaura,real_buchwald_hartwig,hybrid_gp,hybrid_transfer_gp_ucb_no_gate,hybrid_gp:hybrid_transfer_gp_ucb_no_gate,50,25,25,90.7886,9.0508,83.1863,10.6651,0.26,0.4386,174.2349,91.1468,7.6891,86.2137,7.4275,0.28,0.449,177.6405,90.4304,10.2204,80.1589,12.4093,0.24,0.4271,170.8293
real_suzuki_miyaura,real_buchwald_hartwig,hybrid_gp,hybrid_value_prior_gp_ucb_gate_v1,hybrid_gp:hybrid_value_prior_gp_ucb_gate_v1,50,25,25,90.7886,9.0508,83.1863,10.6651,0.26,0.4386,174.2349,91.1468,7.6891,86.2137,7.4275,0.28,0.449,177.6405,90.4304,10.2204,80.1589,12.4093,0.24,0.4271,170.8293
real_suzuki_miyaura,real_buchwald_hartwig,hybrid_gp,hybrid_value_prior_gp_ucb_no_gate,hybrid_gp:hybrid_value_prior_gp_ucb_no_gate,50,25,25,90.7886,9.0508,83.1863,10.6651,0.26,0.4386,174.2349,91.1468,7.6891,86.2137,7.4275,0.28,0.449,177.6405,90.4304,10.2204,80.1589,12.4093,0.24,0.4271,170.8293
real_suzuki_miyaura,real_buchwald_hartwig,transfer_gate,transfer_gate_v1,transfer_gate:transfer_gate_v1,50,25,25,89.0866,12.054,81.0779,11.8737,0.24,0.4271,170.4045,89.6426,10.7841,82.3468,10.4261,0.24,0.4271,172.2294,88.5306,13.1789,79.809,13.0402,0.24,0.4271,168.5796
real_suzuki_miyaura,real_buchwald_hartwig,transfer_gate,transfer_strict_gate_v1,transfer_gate:transfer_strict_gate_v1,50,25,25,87.6158,11.0097,80.2528,12.7058,0.16,0.3666,168.0286,86.96,10.3965,81.4331,11.4057,0.16,0.3666,168.5531,88.2716,11.5533,79.0726,13.7841,0.16,0.3666,167.5042
real_suzuki_miyaura,real_buchwald_hartwig,weighted_kernel,transfer_weighted_gp_ucb_scale_0p5,weighted_kernel:transfer_weighted_gp_ucb_scale_0p5,50,25,25,90.4219,9.8271,83.074,11.9754,0.28,0.449,173.7759,92.4577,6.3423,87.1488,7.1337,0.32,0.4665,179.9265,88.3861,12.0262,78.9992,14.238,0.24,0.4271,167.6253
real_suzuki_miyaura,real_buchwald_hartwig,weighted_kernel,transfer_weighted_gp_ucb_scale_1,weighted_kernel:transfer_weighted_gp_ucb_scale_1,50,25,25,90.5615,8.8887,82.9086,11.5985,0.22,0.4142,173.6901,92.9552,6.299,87.2273,6.9416,0.32,0.4665,180.5025,88.1677,10.3383,78.5899,13.5485,0.12,0.325,166.8776
real_suzuki_miyaura,real_buchwald_hartwig,weighted_kernel,transfer_weighted_gp_ucb_scale_1p5,weighted_kernel:transfer_weighted_gp_ucb_scale_1p5,50,25,25,91.4146,8.413,83.2862,11.0284,0.26,0.4386,174.9608,92.5309,7.1751,87.1369,7.0909,0.32,0.4665,179.9878,90.2983,9.3585,79.4356,12.7794,0.2,0.4,169.9339
real_suzuki_miyaura,real_buchwald_hartwig,weighted_kernel,transfer_weighted_gp_ucb_scale_2,weighted_kernel:transfer_weighted_gp_ucb_scale_2,50,25,25,90.4716,10.088,82.6653,11.8589,0.26,0.4386,173.3969,92.156,7.2218,87.086,7.1867,0.32,0.4665,179.562,88.7872,12.0709,78.2446,13.8033,0.2,0.4,167.2318
real_suzuki_miyaura,real_buchwald_hartwig,weighted_kernel,transfer_weighted_gp_ucb_scale_4,weighted_kernel:transfer_weighted_gp_ucb_scale_4,50,25,25,91.4524,8.5665,82.102,12.3684,0.26,0.4386,173.8144,92.4114,6.459,86.7897,7.1029,0.32,0.4665,179.5211,90.4934,10.1593,77.4143,14.5449,0.2,0.4,168.1077
real_suzuki_miyaura,real_chemlex_acidamine,hybrid_gp,hybrid_transfer_gp_ucb_gate_v1,hybrid_gp:hybrid_transfer_gp_ucb_gate_v1,50,25,25,88.0795,17.6799,79.5694,21.3237,0.0,0.0,167.6489,86.9738,21.2899,81.4644,21.8666,0.0,0.0,168.4382,89.1852,13.0175,77.6744,20.5929,0.0,0.0,166.8596
real_suzuki_miyaura,real_chemlex_acidamine,hybrid_gp,hybrid_transfer_gp_ucb_no_gate,hybrid_gp:hybrid_transfer_gp_ucb_no_gate,50,25,25,87.7189,17.629,79.3924,21.4428,0.0,0.0,167.1113,87.0734,21.3429,81.4471,21.865,0.0,0.0,168.5205,88.3644,12.8536,77.3376,20.8102,0.0,0.0,165.702
real_suzuki_miyaura,real_chemlex_acidamine,hybrid_gp,hybrid_value_prior_gp_ucb_adaptive_gate_v1,hybrid_gp:hybrid_value_prior_gp_ucb_adaptive_gate_v1,50,25,25,88.0795,17.6799,79.5694,21.3237,0.0,0.0,167.6489,86.9738,21.2899,81.4644,21.8666,0.0,0.0,168.4382,89.1852,13.0175,77.6744,20.5929,0.0,0.0,166.8596
real_suzuki_miyaura,real_chemlex_acidamine,hybrid_gp,hybrid_value_prior_gp_ucb_gate_v1,hybrid_gp:hybrid_value_prior_gp_ucb_gate_v1,50,25,25,88.0795,17.6799,79.5694,21.3237,0.0,0.0,167.6489,86.9738,21.2899,81.4644,21.8666,0.0,0.0,168.4382,89.1852,13.0175,77.6744,20.5929,0.0,0.0,166.8596
real_suzuki_miyaura,real_chemlex_acidamine,hybrid_gp,hybrid_value_prior_gp_ucb_strict_gate_v1,hybrid_gp:hybrid_value_prior_gp_ucb_strict_gate_v1,50,25,25,88.0795,17.6799,79.5694,21.3237,0.0,0.0,167.6489,86.9738,21.2899,81.4644,21.8666,0.0,0.0,168.4382,89.1852,13.0175,77.6744,20.5929,0.0,0.0,166.8596
real_suzuki_miyaura,real_chemlex_acidamine,hybrid_gp,hybrid_value_prior_gp_ucb_target_calibrated_gate_v1,hybrid_gp:hybrid_value_prior_gp_ucb_target_calibrated_gate_v1,50,25,25,88.0795,17.6799,79.5694,21.3237,0.0,0.0,167.6489,86.9738,21.2899,81.4644,21.8666,0.0,0.0,168.4382,89.1852,13.0175,77.6744,20.5929,0.0,0.0,166.8596
real_suzuki_miyaura,real_chemlex_acidamine,transfer_gate,transfer_descriptor_target_calibrated_gate_v1,transfer_gate:transfer_descriptor_target_calibrated_gate_v1,50,25,25,81.743,26.8574,74.5176,28.5391,0.0,0.0,156.2606,79.2504,30.4567,74.5649,30.1554,0.0,0.0,153.8153,84.2356,22.4189,74.4702,26.8254,0.0,0.0,158.7058
real_suzuki_miyaura,real_chemlex_acidamine,transfer_gate,transfer_descriptor_target_calibrated_strict_gate_v1,transfer_gate:transfer_descriptor_target_calibrated_strict_gate_v1,50,25,25,82.1164,27.5059,73.4306,28.7396,0.0,0.0,155.547,82.2836,29.4808,73.6482,30.1134,0.0,0.0,155.9318,81.9492,25.3768,73.213,27.2951,0.0,0.0,155.1622
real_suzuki_miyaura,real_chemlex_acidamine,transfer_gate,transfer_gate_v1,transfer_gate:transfer_gate_v1,50,25,25,81.743,26.8574,74.5176,28.5391,0.0,0.0,156.2606,79.2504,30.4567,74.5649,30.1554,0.0,0.0,153.8153,84.2356,22.4189,74.4702,26.8254,0.0,0.0,158.7058
real_suzuki_miyaura,real_chemlex_acidamine,transfer_gate,transfer_strict_gate_v1,transfer_gate:transfer_strict_gate_v1,50,25,25,82.1164,27.5059,73.4306,28.7396,0.0,0.0,155.547,82.2836,29.4808,73.6482,30.1134,0.0,0.0,155.9318,81.9492,25.3768,73.213,27.2951,0.0,0.0,155.1622
real_suzuki_miyaura,real_chemlex_acidamine,transfer_gate,transfer_value_prior_gate_v1,transfer_gate:transfer_value_prior_gate_v1,50,25,25,81.743,26.8574,74.5176,28.5391,0.0,0.0,156.2606,79.2504,30.4567,74.5649,30.1554,0.0,0.0,153.8153,84.2356,22.4189,74.4702,26.8254,0.0,0.0,158.7058
real_suzuki_miyaura,real_chemlex_acidamine,transfer_gate,transfer_value_prior_strict_gate_v1,transfer_gate:transfer_value_prior_strict_gate_v1,50,25,25,82.1164,27.5059,73.4306,28.7396,0.0,0.0,155.547,82.2836,29.4808,73.6482,30.1134,0.0,0.0,155.9318,81.9492,25.3768,73.213,27.2951,0.0,0.0,155.1622
real_suzuki_miyaura,real_chemlex_acidamine,weighted_kernel,transfer_weighted_gp_ucb_scale_0p25,weighted_kernel:transfer_weighted_gp_ucb_scale_0p25,50,25,25,87.8151,18.3277,80.2202,21.287,0.02,0.14,168.0553,87.0958,21.5239,81.8941,21.8847,0.04,0.196,169.0299,88.5344,14.4048,78.5463,20.5361,0.0,0.0,167.0807
real_suzuki_miyaura,real_chemlex_acidamine,weighted_kernel,transfer_weighted_gp_ucb_scale_0p5,weighted_kernel:transfer_weighted_gp_ucb_scale_0p5,50,25,25,90.0157,14.0897,80.8651,19.5874,0.02,0.14,170.9008,91.6458,13.6321,83.4172,18.1029,0.04,0.196,175.103,88.3856,14.3489,78.3129,20.654,0.0,0.0,166.6985
real_suzuki_miyaura,real_chemlex_acidamine,weighted_kernel,transfer_weighted_gp_ucb_scale_1,weighted_kernel:transfer_weighted_gp_ucb_scale_1,50,25,25,91.0112,13.5997,81.5843,18.7502,0.02,0.14,172.6155,93.4616,12.7186,84.9966,15.2863,0.04,0.196,178.4982,88.5608,14.0047,78.172,21.123,0.0,0.0,166.7328
real_suzuki_miyaura,real_chemlex_acidamine,weighted_kernel,transfer_weighted_gp_ucb_scale_1p5,weighted_kernel:transfer_weighted_gp_ucb_scale_1p5,50,25,25,90.8346,12.391,80.9812,18.3912,0.02,0.14,171.8358,91.5368,13.4956,83.2853,16.6429,0.04,0.196,174.8621,90.1324,11.1335,78.6772,19.7197,0.0,0.0,168.8096
real_suzuki_miyaura,real_chemlex_acidamine,weighted_kernel,transfer_weighted_gp_ucb_scale_2,weighted_kernel:transfer_weighted_gp_ucb_scale_2,50,25,25,90.5812,11.9777,80.7225,18.5862,0.02,0.14,171.3237,91.1992,12.8256,82.399,17.5578,0.04,0.196,173.6382,89.9632,11.0304,79.046,19.4164,0.0,0.0,169.0092
real_suzuki_miyaura,real_chemlex_acidamine,weighted_kernel,transfer_weighted_gp_ucb_scale_3,weighted_kernel:transfer_weighted_gp_ucb_scale_3,50,25,25,90.8288,12.0094,80.3066,18.7653,0.02,0.14,171.1554,91.3576,12.7423,81.9706,18.1608,0.04,0.196,173.3682,90.3,11.2039,78.6427,19.2073,0.0,0.0,168.9427
real_suzuki_miyaura,real_chemlex_acidamine,weighted_kernel,transfer_weighted_gp_ucb_scale_4,weighted_kernel:transfer_weighted_gp_ucb_scale_4,50,25,25,89.3998,15.7927,79.1138,21.0914,0.02,0.14,168.5336,88.6016,19.2936,79.7721,22.8059,0.04,0.196,168.4137,90.198,11.1939,78.4554,19.2019,0.0,0.0,168.6534
real_suzuki_miyaura,real_chemlex_acidamine,weighted_kernel,transfer_weighted_gp_ucb_scale_6,weighted_kernel:transfer_weighted_gp_ucb_scale_6,50,25,25,88.2218,16.5347,78.5984,21.4829,0.0,0.0,166.8202,88.1168,19.0441,79.8148,22.5098,0.0,0.0,167.9316,88.3268,13.5681,77.3819,20.3319,0.0,0.0,165.7087
synthetic_materials_i,real_matbench_expt_gap,transfer_gate,transfer_descriptor_target_calibrated_gate_v1,transfer_gate:transfer_descriptor_target_calibrated_gate_v1,50,25,25,47.145,22.7141,43.875,21.836,0.02,0.14,91.04,46.585,22.9654,42.876,20.8058,0.0,0.0,89.461,47.705,22.4461,44.874,22.776,0.04,0.196,92.619
synthetic_materials_i,real_matbench_expt_gap,transfer_gate,transfer_descriptor_target_calibrated_strict_gate_v1,transfer_gate:transfer_descriptor_target_calibrated_strict_gate_v1,50,25,25,47.145,22.7141,44.021,21.9102,0.02,0.14,91.186,46.585,22.9654,43.0505,20.9769,0.0,0.0,89.6355,47.705,22.4461,44.9915,22.764,0.04,0.196,92.7365
synthetic_materials_i,real_matbench_expt_gap,transfer_gate,transfer_gate_v1,transfer_gate:transfer_gate_v1,50,25,25,47.145,22.7141,43.875,21.836,0.02,0.14,91.04,46.585,22.9654,42.876,20.8058,0.0,0.0,89.461,47.705,22.4461,44.874,22.776,0.04,0.196,92.619
synthetic_materials_i,real_matbench_expt_gap,transfer_gate,transfer_strict_gate_v1,transfer_gate:transfer_strict_gate_v1,50,25,25,47.145,22.7141,44.021,21.9102,0.02,0.14,91.186,46.585,22.9654,43.0505,20.9769,0.0,0.0,89.6355,47.705,22.4461,44.9915,22.764,0.04,0.196,92.7365
synthetic_materials_i,real_matbench_expt_gap,transfer_gate,transfer_value_prior_gate_v1,transfer_gate:transfer_value_prior_gate_v1,50,25,25,47.145,22.7141,43.875,21.836,0.02,0.14,91.04,46.585,22.9654,42.876,20.8058,0.0,0.0,89.461,47.705,22.4461,44.874,22.776,0.04,0.196,92.619
synthetic_materials_i,real_matbench_expt_gap,transfer_gate,transfer_value_prior_strict_gate_v1,transfer_gate:transfer_value_prior_strict_gate_v1,50,25,25,47.145,22.7141,44.021,21.9102,0.02,0.14,91.186,46.585,22.9654,43.0505,20.9769,0.0,0.0,89.6355,47.705,22.4461,44.9915,22.764,0.04,0.196,92.7365
target_only,real_buchwald_hartwig,target_only,knn_ucb,target_only:knn_ucb,50,25,25,87.3065,10.1501,81.0692,11.9393,0.12,0.325,168.4957,88.6535,10.8418,83.3164,11.6706,0.24,0.4271,172.2099,85.9595,9.2128,78.8219,11.7809,0.0,0.0,164.7814
target_only,real_buchwald_hartwig,target_only,mixed_kernel_gp_ei,target_only:mixed_kernel_gp_ei,50,25,25,88.3858,12.0309,81.5814,13.4471,0.28,0.449,170.2472,90.0315,8.2992,86.0776,7.7113,0.32,0.4665,176.4291,86.7401,14.6694,77.0851,16.1787,0.24,0.4271,164.0652
target_only,real_buchwald_hartwig,target_only,mixed_kernel_gp_ucb,target_only:mixed_kernel_gp_ucb,50,25,25,91.1145,9.7729,82.97,11.5663,0.32,0.4665,174.4045,92.528,6.5675,86.5905,7.3978,0.32,0.4665,179.4385,89.7011,11.9956,79.3496,13.6608,0.32,0.4665,169.3707
target_only,real_buchwald_hartwig,target_only,public_incumbent,target_only:public_incumbent,50,25,25,86.6477,13.4223,79.9713,13.0619,0.16,0.3666,166.779,87.0638,11.0993,81.3545,11.3465,0.16,0.3666,168.5783,86.2317,15.3876,78.588,14.4449,0.16,0.3666,164.9797
target_only,real_buchwald_hartwig,target_only,random,target_only:random,50,25,25,82.1728,10.5668,77.4347,11.5798,0.06,0.2375,159.6675,84.1903,11.0956,79.5121,11.4461,0.12,0.325,163.8224,80.1554,9.5948,75.3573,11.3375,0.0,0.0,155.5127
target_only,real_chemlex_acidamine,target_only,knn_ucb,target_only:knn_ucb,50,25,25,89.0588,17.5186,82.1505,19.9224,0.0,0.0,171.2093,89.2936,14.6943,82.4861,17.7105,0.0,0.0,171.7797,88.824,19.9441,81.8148,21.9069,0.0,0.0,170.6388
target_only,real_chemlex_acidamine,target_only,mixed_kernel_gp_ei,target_only:mixed_kernel_gp_ei,50,25,25,91.357,10.6768,83.4489,16.3468,0.0,0.0,174.8059,93.9516,5.2307,86.8831,11.6293,0.0,0.0,180.8347,88.7624,13.6807,80.0148,19.3806,0.0,0.0,168.7772
target_only,real_chemlex_acidamine,target_only,mixed_kernel_gp_ucb,target_only:mixed_kernel_gp_ucb,50,25,25,87.7717,18.2702,79.807,21.6878,0.0,0.0,167.5787,87.7906,21.5041,81.5353,21.8677,0.0,0.0,169.3259,87.7528,14.3238,78.0787,21.3672,0.0,0.0,165.8315
target_only,real_chemlex_acidamine,target_only,public_incumbent,target_only:public_incumbent,50,25,25,80.8268,27.9558,73.5425,28.8434,0.0,0.0,154.3693,80.9132,29.7519,73.7587,30.3068,0.0,0.0,154.6719,80.7404,26.0359,73.3263,27.2999,0.0,0.0,154.0667
target_only,real_chemlex_acidamine,target_only,random,target_only:random,50,25,25,87.2615,15.4278,80.4069,17.612,0.02,0.14,167.6884,89.2108,17.3584,81.0012,17.9719,0.04,0.196,170.252,85.3122,12.9274,79.8126,17.224,0.0,0.0,165.1248
target_only,real_matbench_expt_gap,target_only,knn_ucb,target_only:knn_ucb,50,25,25,55.2225,22.2265,48.5038,21.1231,0.06,0.2375,103.7863,53.915,23.1375,46.2375,19.1204,0.08,0.2713,100.2325,56.53,21.1961,50.77,22.7267,0.04,0.196,107.34
target_only,real_matbench_expt_gap,target_only,mixed_kernel_gp_ei,target_only:mixed_kernel_gp_ei,50,25,25,65.0525,21.6536,53.4378,17.7597,0.12,0.325,118.6103,69.02,20.5164,52.2565,16.676,0.12,0.325,121.3965,61.085,22.0307,54.619,18.7064,0.12,0.325,115.824
target_only,real_matbench_expt_gap,target_only,mixed_kernel_gp_ucb,target_only:mixed_kernel_gp_ucb,50,25,25,64.51,22.9039,53.955,18.8138,0.14,0.347,118.605,68.625,23.6325,54.536,18.8915,0.2,0.4,123.361,60.395,21.3733,53.374,18.7177,0.08,0.2713,113.849
target_only,real_matbench_expt_gap,target_only,public_incumbent,target_only:public_incumbent,50,25,25,47.145,22.7141,44.021,21.9102,0.02,0.14,91.186,46.585,22.9654,43.0505,20.9769,0.0,0.0,89.6355,47.705,22.4461,44.9915,22.764,0.04,0.196,92.7365
target_only,real_matbench_expt_gap,target_only,random,target_only:random,50,25,25,51.3975,18.2366,47.413,19.3533,0.04,0.196,98.8505,48.225,13.2602,44.634,14.7984,0.0,0.0,92.859,54.57,21.6607,50.192,22.6862,0.08,0.2713,104.842
target_only,real_moleculenet_freesolv,target_only,knn_ucb,target_only:knn_ucb,50,25,25,68.2907,19.1284,57.9677,15.8985,0.4,0.4899,126.6584,67.3493,18.7431,58.7403,15.989,0.36,0.48,126.4496,69.232,19.4605,57.1951,15.7696,0.44,0.4964,126.8671
target_only,real_moleculenet_freesolv,target_only,mixed_kernel_gp_ei,target_only:mixed_kernel_gp_ei,50,25,25,67.9993,13.6438,59.9702,14.2713,0.54,0.4984,128.5095,67.2733,14.8146,59.9492,14.547,0.56,0.4964,127.7825,68.7253,12.32,59.9912,13.99,0.52,0.4996,129.2365
target_only,real_moleculenet_freesolv,target_only,mixed_kernel_gp_ucb,target_only:mixed_kernel_gp_ucb,50,25,25,68.9453,15.6116,59.6761,14.9047,0.54,0.4984,129.1614,66.8227,16.8063,59.3135,15.6931,0.56,0.4964,126.6962,71.068,13.9993,60.0388,14.0628,0.52,0.4996,131.6268
target_only,real_moleculenet_freesolv,target_only,public_incumbent,target_only:public_incumbent,50,25,25,67.41,15.862,58.5926,16.5791,0.62,0.4854,126.6226,67.516,16.7558,57.6291,17.5101,0.64,0.48,125.7851,67.304,14.9139,59.5561,15.533,0.6,0.4899,127.4601
target_only,real_moleculenet_freesolv,target_only,random,target_only:random,50,25,25,58.9047,18.2493,54.4903,16.9258,0.3,0.4583,113.695,63.196,19.226,57.1152,18.2348,0.44,0.4964,120.7512,54.6133,16.1122,51.8653,15.0558,0.16,0.3666,106.6386
target_only,real_moleculenet_lipophilicity,target_only,knn_ucb,target_only:knn_ucb,50,25,25,87.7075,3.8714,86.1762,3.895,0.08,0.2713,173.9637,87.9,4.0311,86.721,3.7921,0.08,0.2713,174.701,87.515,3.6948,85.6315,3.9203,0.08,0.2713,173.2265
target_only,real_moleculenet_lipophilicity,target_only,mixed_kernel_gp_ei,target_only:mixed_kernel_gp_ei,50,25,25,88.4675,3.0952,86.3153,2.9352,0.06,0.2375,174.8428,88.25,3.168,86.066,3.1356,0.04,0.196,174.356,88.685,3.005,86.5645,2.6972,0.08,0.2713,175.3295
target_only,real_moleculenet_lipophilicity,target_only,mixed_kernel_gp_ucb,target_only:mixed_kernel_gp_ucb,50,25,25,88.4775,3.4036,86.4578,3.3899,0.08,0.2713,175.0153,88.56,3.3004,86.647,3.1853,0.08,0.2713,175.287,88.395,3.5019,86.2685,3.5728,0.08,0.2713,174.7435
target_only,real_moleculenet_lipophilicity,target_only,public_incumbent,target_only:public_incumbent,50,25,25,87.3075,3.198,85.566,4.0382,0.04,0.196,172.9135,86.99,2.9614,85.4535,3.9137,0.0,0.0,172.4435,87.625,3.3886,85.6785,4.156,0.08,0.2713,173.3835
target_only,real_moleculenet_lipophilicity,target_only,random,target_only:random,50,25,25,85.765,3.9595,84.2917,4.0938,0.02,0.14,170.0767,85.78,4.0996,84.697,3.9583,0.04,0.196,170.517,85.75,3.8143,83.8865,4.1859,0.0,0.0,169.6365
target_only,real_suzuki_miyaura,target_only,knn_ucb,target_only:knn_ucb,50,25,25,90.6826,9.1068,86.6889,10.6889,0.08,0.2713,177.4515,90.5557,7.751,85.455,9.9894,0.0,0.0,176.0107,90.8094,10.2838,87.9228,11.2103,0.16,0.3666,178.8922
target_only,real_suzuki_miyaura,target_only,mixed_kernel_gp_ei,target_only:mixed_kernel_gp_ei,50,25,25,93.1838,7.3067,88.3704,10.4463,0.18,0.3842,181.7342,93.6497,5.4136,89.0882,8.781,0.12,0.325,182.8579,92.7179,8.7769,87.6527,11.837,0.24,0.4271,180.6106
target_only,real_suzuki_miyaura,target_only,mixed_kernel_gp_ucb,target_only:mixed_kernel_gp_ucb,50,25,25,93.102,5.7476,88.5078,9.5915,0.14,0.347,181.7498,92.3342,5.8436,88.8003,8.7623,0.04,0.196,181.1745,93.8699,5.5447,88.2152,10.3463,0.24,0.4271,182.3251
target_only,real_suzuki_miyaura,target_only,public_incumbent,target_only:public_incumbent,50,25,25,92.5816,5.4316,87.9877,8.4937,0.08,0.2713,180.6493,92.84,5.2197,88.2857,8.3865,0.08,0.2713,181.2057,92.3233,5.6237,87.6897,8.5893,0.08,0.2713,180.093
target_only,real_suzuki_miyaura,target_only,random,target_only:random,50,25,25,86.9257,9.9486,83.9785,10.9674,0.02,0.14,170.9242,88.9436,4.8493,85.2751,6.069,0.0,0.0,174.2187,84.9077,12.8953,82.6819,14.1553,0.04,0.196,167.6296
