target_dataset,mode,seed,initial_observations,reveal_rounds,initial_candidate_ids,source_datasets,final_best,best_so_far_auc,simple_regret,top10_hit
real_baumgartner_cn_phenethylamine_alphos,target_gp_random_initial,91000,3,10,baumgartner_cn_phenethylamine_alphos_011;baumgartner_cn_phenethylamine_alphos_018;baumgartner_cn_phenethylamine_alphos_009,,98.5826,97.61132,0.0,1
real_baumgartner_cn_phenethylamine_alphos,target_gp_random_initial,91001,3,10,baumgartner_cn_phenethylamine_alphos_007;baumgartner_cn_phenethylamine_alphos_009;baumgartner_cn_phenethylamine_alphos_016,,97.4404,87.74533,1.1422,1
real_baumgartner_cn_phenethylamine_alphos,target_gp_random_initial,91002,3,10,baumgartner_cn_phenethylamine_alphos_021;baumgartner_cn_phenethylamine_alphos_016;baumgartner_cn_phenethylamine_alphos_020,,98.5826,97.42856,0.0,1
real_baumgartner_cn_phenethylamine_alphos,target_gp_random_initial,91003,3,10,baumgartner_cn_phenethylamine_alphos_014;baumgartner_cn_phenethylamine_alphos_001;baumgartner_cn_phenethylamine_alphos_021,,97.8787,96.77153,0.7039,1
real_baumgartner_cn_phenethylamine_alphos,target_gp_random_initial,91004,3,10,baumgartner_cn_phenethylamine_alphos_008;baumgartner_cn_phenethylamine_alphos_012;baumgartner_cn_phenethylamine_alphos_014,,98.5826,97.40859,0.0,1
real_baumgartner_cn_phenethylamine_alphos,target_gp_random_initial,91005,3,10,baumgartner_cn_phenethylamine_alphos_017;baumgartner_cn_phenethylamine_alphos_014;baumgartner_cn_phenethylamine_alphos_005,,98.5826,96.27557,0.0,1
real_baumgartner_cn_phenethylamine_alphos,target_gp_random_initial,91006,3,10,baumgartner_cn_phenethylamine_alphos_016;baumgartner_cn_phenethylamine_alphos_015;baumgartner_cn_phenethylamine_alphos_012,,98.5826,96.35408,0.0,1
real_baumgartner_cn_phenethylamine_alphos,target_gp_random_initial,91007,3,10,baumgartner_cn_phenethylamine_alphos_008;baumgartner_cn_phenethylamine_alphos_011;baumgartner_cn_phenethylamine_alphos_005,,97.4404,95.23575,1.1422,1
real_baumgartner_cn_phenethylamine_alphos,target_gp_random_initial,91008,3,10,baumgartner_cn_phenethylamine_alphos_000;baumgartner_cn_phenethylamine_alphos_007;baumgartner_cn_phenethylamine_alphos_015,,98.5826,98.5826,0.0,1
real_baumgartner_cn_phenethylamine_alphos,target_gp_random_initial,91009,3,10,baumgartner_cn_phenethylamine_alphos_012;baumgartner_cn_phenethylamine_alphos_001;baumgartner_cn_phenethylamine_alphos_022,,97.8787,97.8787,0.7039,1
real_baumgartner_cn_phenethylamine_alphos,target_gp_random_initial,91010,3,10,baumgartner_cn_phenethylamine_alphos_017;baumgartner_cn_phenethylamine_alphos_015;baumgartner_cn_phenethylamine_alphos_000,,98.5826,98.5826,0.0,1
real_baumgartner_cn_phenethylamine_alphos,target_gp_random_initial,91011,3,10,baumgartner_cn_phenethylamine_alphos_014;baumgartner_cn_phenethylamine_alphos_019;baumgartner_cn_phenethylamine_alphos_006,,98.5826,94.594,0.0,1
real_baumgartner_cn_phenethylamine_alphos,target_gp_random_initial,91012,3,10,baumgartner_cn_phenethylamine_alphos_014;baumgartner_cn_phenethylamine_alphos_000;baumgartner_cn_phenethylamine_alphos_008,,98.5826,98.5826,0.0,1
real_baumgartner_cn_phenethylamine_alphos,target_gp_random_initial,91013,3,10,baumgartner_cn_phenethylamine_alphos_018;baumgartner_cn_phenethylamine_alphos_000;baumgartner_cn_phenethylamine_alphos_005,,98.5826,98.5826,0.0,1
real_baumgartner_cn_phenethylamine_alphos,target_gp_random_initial,91014,3,10,baumgartner_cn_phenethylamine_alphos_006;baumgartner_cn_phenethylamine_alphos_003;baumgartner_cn_phenethylamine_alphos_001,,97.4404,97.41939,1.1422,1
real_baumgartner_cn_phenethylamine_alphos,target_gp_random_initial,91015,3,10,baumgartner_cn_phenethylamine_alphos_003;baumgartner_cn_phenethylamine_alphos_022;baumgartner_cn_phenethylamine_alphos_017,,98.5826,98.51221,0.0,1
real_baumgartner_cn_phenethylamine_alphos,target_gp_random_initial,91016,3,10,baumgartner_cn_phenethylamine_alphos_013;baumgartner_cn_phenethylamine_alphos_006;baumgartner_cn_phenethylamine_alphos_015,,98.5826,96.83749,0.0,1
real_baumgartner_cn_phenethylamine_alphos,target_gp_random_initial,91017,3,10,baumgartner_cn_phenethylamine_alphos_021;baumgartner_cn_phenethylamine_alphos_015;baumgartner_cn_phenethylamine_alphos_018,,98.5826,97.21114,0.0,1
real_baumgartner_cn_phenethylamine_alphos,target_gp_random_initial,91018,3,10,baumgartner_cn_phenethylamine_alphos_014;baumgartner_cn_phenethylamine_alphos_007;baumgartner_cn_phenethylamine_alphos_012,,98.5826,97.40859,0.0,1
real_baumgartner_cn_phenethylamine_alphos,target_gp_random_initial,91019,3,10,baumgartner_cn_phenethylamine_alphos_003;baumgartner_cn_phenethylamine_alphos_006;baumgartner_cn_phenethylamine_alphos_001,,97.4404,97.41939,1.1422,1
real_baumgartner_cn_phenethylamine_alphos,target_gp_random_initial,91020,3,10,baumgartner_cn_phenethylamine_alphos_007;baumgartner_cn_phenethylamine_alphos_010;baumgartner_cn_phenethylamine_alphos_022,,98.5826,97.94909,0.0,1
real_baumgartner_cn_phenethylamine_alphos,target_gp_random_initial,91021,3,10,baumgartner_cn_phenethylamine_alphos_018;baumgartner_cn_phenethylamine_alphos_021;baumgartner_cn_phenethylamine_alphos_019,,98.5826,98.5826,0.0,1
real_baumgartner_cn_phenethylamine_alphos,target_gp_random_initial,91022,3,10,baumgartner_cn_phenethylamine_alphos_011;baumgartner_cn_phenethylamine_alphos_015;baumgartner_cn_phenethylamine_alphos_001,,98.5826,96.72327,0.0,1
real_baumgartner_cn_phenethylamine_alphos,target_gp_random_initial,91023,3,10,baumgartner_cn_phenethylamine_alphos_006;baumgartner_cn_phenethylamine_alphos_014;baumgartner_cn_phenethylamine_alphos_013,,98.5826,98.01948,0.0,1
real_baumgartner_cn_phenethylamine_alphos,target_gp_random_initial,91024,3,10,baumgartner_cn_phenethylamine_alphos_006;baumgartner_cn_phenethylamine_alphos_017;baumgartner_cn_phenethylamine_alphos_018,,98.5826,97.26866,0.0,1
real_baumgartner_cn_phenethylamine_alphos,target_gp_random_initial,91025,3,10,baumgartner_cn_phenethylamine_alphos_000;baumgartner_cn_phenethylamine_alphos_014;baumgartner_cn_phenethylamine_alphos_019,,98.5826,98.5826,0.0,1
real_baumgartner_cn_phenethylamine_alphos,target_gp_random_initial,91026,3,10,baumgartner_cn_phenethylamine_alphos_022;baumgartner_cn_phenethylamine_alphos_017;baumgartner_cn_phenethylamine_alphos_001,,97.8787,97.8787,0.7039,1
real_baumgartner_cn_phenethylamine_alphos,target_gp_random_initial,91027,3,10,baumgartner_cn_phenethylamine_alphos_007;baumgartner_cn_phenethylamine_alphos_002;baumgartner_cn_phenethylamine_alphos_009,,98.5826,98.5826,0.0,1
real_baumgartner_cn_phenethylamine_alphos,target_gp_random_initial,91028,3,10,baumgartner_cn_phenethylamine_alphos_021;baumgartner_cn_phenethylamine_alphos_012;baumgartner_cn_phenethylamine_alphos_006,,98.5826,97.38288,0.0,1
real_baumgartner_cn_phenethylamine_alphos,target_gp_random_initial,91029,3,10,baumgartner_cn_phenethylamine_alphos_018;baumgartner_cn_phenethylamine_alphos_016;baumgartner_cn_phenethylamine_alphos_022,,98.5826,97.94909,0.0,1
real_baumgartner_cn_phenethylamine_alphos,target_gp_random_initial,91030,3,10,baumgartner_cn_phenethylamine_alphos_005;baumgartner_cn_phenethylamine_alphos_022;baumgartner_cn_phenethylamine_alphos_007,,98.5826,98.44182,0.0,1
real_baumgartner_cn_phenethylamine_alphos,target_gp_random_initial,91031,3,10,baumgartner_cn_phenethylamine_alphos_018;baumgartner_cn_phenethylamine_alphos_008;baumgartner_cn_phenethylamine_alphos_013,,98.5826,97.15444,0.0,1
real_baumgartner_cn_phenethylamine_alphos,target_gp_random_initial,91032,3,10,baumgartner_cn_phenethylamine_alphos_002;baumgartner_cn_phenethylamine_alphos_007;baumgartner_cn_phenethylamine_alphos_008,,97.4404,95.23575,1.1422,1
real_baumgartner_cn_phenethylamine_alphos,target_gp_random_initial,91033,3,10,baumgartner_cn_phenethylamine_alphos_002;baumgartner_cn_phenethylamine_alphos_016;baumgartner_cn_phenethylamine_alphos_005,,97.8787,96.9139,0.7039,1
real_baumgartner_cn_phenethylamine_alphos,target_gp_random_initial,91034,3,10,baumgartner_cn_phenethylamine_alphos_016;baumgartner_cn_phenethylamine_alphos_004;baumgartner_cn_phenethylamine_alphos_021,,98.5826,97.8171,0.0,1
real_baumgartner_cn_phenethylamine_alphos,target_gp_random_initial,91035,3,10,baumgartner_cn_phenethylamine_alphos_019;baumgartner_cn_phenethylamine_alphos_017;baumgartner_cn_phenethylamine_alphos_003,,98.5826,98.5826,0.0,1
real_baumgartner_cn_phenethylamine_alphos,target_gp_random_initial,91036,3,10,baumgartner_cn_phenethylamine_alphos_021;baumgartner_cn_phenethylamine_alphos_004;baumgartner_cn_phenethylamine_alphos_002,,98.5826,97.78306,0.0,1
real_baumgartner_cn_phenethylamine_alphos,target_gp_random_initial,91037,3,10,baumgartner_cn_phenethylamine_alphos_014;baumgartner_cn_phenethylamine_alphos_003;baumgartner_cn_phenethylamine_alphos_000,,98.5826,98.5826,0.0,1
real_baumgartner_cn_phenethylamine_alphos,target_gp_random_initial,91038,3,10,baumgartner_cn_phenethylamine_alphos_011;baumgartner_cn_phenethylamine_alphos_019;baumgartner_cn_phenethylamine_alphos_006,,98.5826,98.37143,0.0,1
real_baumgartner_cn_phenethylamine_alphos,target_gp_random_initial,91039,3,10,baumgartner_cn_phenethylamine_alphos_011;baumgartner_cn_phenethylamine_alphos_016;baumgartner_cn_phenethylamine_alphos_009,,97.4404,87.74533,1.1422,1
real_baumgartner_cn_phenethylamine_alphos,target_gp_random_initial,91040,3,10,baumgartner_cn_phenethylamine_alphos_006;baumgartner_cn_phenethylamine_alphos_014;baumgartner_cn_phenethylamine_alphos_015,,98.5826,97.09428,0.0,1
real_baumgartner_cn_phenethylamine_alphos,target_gp_random_initial,91041,3,10,baumgartner_cn_phenethylamine_alphos_013;baumgartner_cn_phenethylamine_alphos_010;baumgartner_cn_phenethylamine_alphos_019,,98.5826,98.35416,0.0,1
real_baumgartner_cn_phenethylamine_alphos,target_gp_random_initial,91042,3,10,baumgartner_cn_phenethylamine_alphos_014;baumgartner_cn_phenethylamine_alphos_016;baumgartner_cn_phenethylamine_alphos_008,,98.5826,97.07426,0.0,1
real_baumgartner_cn_phenethylamine_alphos,target_gp_random_initial,91043,3,10,baumgartner_cn_phenethylamine_alphos_017;baumgartner_cn_phenethylamine_alphos_001;baumgartner_cn_phenethylamine_alphos_018,,98.5826,97.15444,0.0,1
real_baumgartner_cn_phenethylamine_alphos,target_gp_random_initial,91044,3,10,baumgartner_cn_phenethylamine_alphos_003;baumgartner_cn_phenethylamine_alphos_001;baumgartner_cn_phenethylamine_alphos_019,,98.5826,97.91906,0.0,1
real_baumgartner_cn_phenethylamine_alphos,target_gp_random_initial,91045,3,10,baumgartner_cn_phenethylamine_alphos_007;baumgartner_cn_phenethylamine_alphos_021;baumgartner_cn_phenethylamine_alphos_010,,98.5826,97.55462,0.0,1
real_baumgartner_cn_phenethylamine_alphos,target_gp_random_initial,91046,3,10,baumgartner_cn_phenethylamine_alphos_017;baumgartner_cn_phenethylamine_alphos_021;baumgartner_cn_phenethylamine_alphos_010,,98.5826,97.55462,0.0,1
real_baumgartner_cn_phenethylamine_alphos,target_gp_random_initial,91047,3,10,baumgartner_cn_phenethylamine_alphos_002;baumgartner_cn_phenethylamine_alphos_010;baumgartner_cn_phenethylamine_alphos_012,,98.5826,97.89728,0.0,1
real_baumgartner_cn_phenethylamine_alphos,target_gp_random_initial,91048,3,10,baumgartner_cn_phenethylamine_alphos_001;baumgartner_cn_phenethylamine_alphos_016;baumgartner_cn_phenethylamine_alphos_007,,97.8787,89.48946,0.7039,1
real_baumgartner_cn_phenethylamine_alphos,target_gp_random_initial,91049,3,10,baumgartner_cn_phenethylamine_alphos_010;baumgartner_cn_phenethylamine_alphos_014;baumgartner_cn_phenethylamine_alphos_013,,98.5826,98.0115,0.0,1
real_baumgartner_cn_phenethylamine_alphos,target_gp_random_initial,91050,3,10,baumgartner_cn_phenethylamine_alphos_004;baumgartner_cn_phenethylamine_alphos_020;baumgartner_cn_phenethylamine_alphos_022,,98.5826,98.23065,0.0,1
real_baumgartner_cn_phenethylamine_alphos,target_gp_random_initial,91051,3,10,baumgartner_cn_phenethylamine_alphos_001;baumgartner_cn_phenethylamine_alphos_019;baumgartner_cn_phenethylamine_alphos_004,,97.4404,96.03977,1.1422,1
real_baumgartner_cn_phenethylamine_alphos,target_gp_random_initial,91052,3,10,baumgartner_cn_phenethylamine_alphos_000;baumgartner_cn_phenethylamine_alphos_006;baumgartner_cn_phenethylamine_alphos_022,,98.5826,98.5826,0.0,1
real_baumgartner_cn_phenethylamine_alphos,target_gp_random_initial,91053,3,10,baumgartner_cn_phenethylamine_alphos_003;baumgartner_cn_phenethylamine_alphos_016;baumgartner_cn_phenethylamine_alphos_020,,98.5826,97.55462,0.0,1
real_baumgartner_cn_phenethylamine_alphos,target_gp_random_initial,91054,3,10,baumgartner_cn_phenethylamine_alphos_019;baumgartner_cn_phenethylamine_alphos_009;baumgartner_cn_phenethylamine_alphos_010,,98.5826,97.89728,0.0,1
real_baumgartner_cn_phenethylamine_alphos,target_gp_random_initial,91055,3,10,baumgartner_cn_phenethylamine_alphos_008;baumgartner_cn_phenethylamine_alphos_018;baumgartner_cn_phenethylamine_alphos_003,,98.5826,96.75426,0.0,1
real_baumgartner_cn_phenethylamine_alphos,target_gp_random_initial,91056,3,10,baumgartner_cn_phenethylamine_alphos_009;baumgartner_cn_phenethylamine_alphos_021;baumgartner_cn_phenethylamine_alphos_001,,97.4404,97.4404,1.1422,1
real_baumgartner_cn_phenethylamine_alphos,target_gp_random_initial,91057,3,10,baumgartner_cn_phenethylamine_alphos_003;baumgartner_cn_phenethylamine_alphos_021;baumgartner_cn_phenethylamine_alphos_019,,98.5826,97.32536,0.0,1
real_baumgartner_cn_phenethylamine_alphos,target_gp_random_initial,91058,3,10,baumgartner_cn_phenethylamine_alphos_019;baumgartner_cn_phenethylamine_alphos_001;baumgartner_cn_phenethylamine_alphos_008,,98.5826,98.01948,0.0,1
real_baumgartner_cn_phenethylamine_alphos,target_gp_random_initial,91059,3,10,baumgartner_cn_phenethylamine_alphos_022;baumgartner_cn_phenethylamine_alphos_020;baumgartner_cn_phenethylamine_alphos_016,,98.5826,97.94909,0.0,1
real_baumgartner_cn_phenethylamine_alphos,target_gp_random_initial,91060,3,10,baumgartner_cn_phenethylamine_alphos_011;baumgartner_cn_phenethylamine_alphos_006;baumgartner_cn_phenethylamine_alphos_017,,98.5826,95.20029,0.0,1
real_baumgartner_cn_phenethylamine_alphos,target_gp_random_initial,91061,3,10,baumgartner_cn_phenethylamine_alphos_003;baumgartner_cn_phenethylamine_alphos_018;baumgartner_cn_phenethylamine_alphos_005,,98.5826,97.89728,0.0,1
real_baumgartner_cn_phenethylamine_alphos,target_gp_random_initial,91062,3,10,baumgartner_cn_phenethylamine_alphos_015;baumgartner_cn_phenethylamine_alphos_004;baumgartner_cn_phenethylamine_alphos_017,,98.5826,97.69455,0.0,1
real_baumgartner_cn_phenethylamine_alphos,target_gp_random_initial,91063,3,10,baumgartner_cn_phenethylamine_alphos_012;baumgartner_cn_phenethylamine_alphos_013;baumgartner_cn_phenethylamine_alphos_007,,98.5826,94.9029,0.0,1
real_baumgartner_cn_phenethylamine_alphos,target_gp_random_initial,91064,3,10,baumgartner_cn_phenethylamine_alphos_022;baumgartner_cn_phenethylamine_alphos_019;baumgartner_cn_phenethylamine_alphos_020,,98.5826,98.08987,0.0,1
real_baumgartner_cn_phenethylamine_alphos,target_gp_random_initial,91065,3,10,baumgartner_cn_phenethylamine_alphos_000;baumgartner_cn_phenethylamine_alphos_005;baumgartner_cn_phenethylamine_alphos_022,,98.5826,98.5826,0.0,1
real_baumgartner_cn_phenethylamine_alphos,target_gp_random_initial,91066,3,10,baumgartner_cn_phenethylamine_alphos_014;baumgartner_cn_phenethylamine_alphos_022;baumgartner_cn_phenethylamine_alphos_019,,98.5826,98.16026,0.0,1
real_baumgartner_cn_phenethylamine_alphos,target_gp_random_initial,91067,3,10,baumgartner_cn_phenethylamine_alphos_021;baumgartner_cn_phenethylamine_alphos_005;baumgartner_cn_phenethylamine_alphos_000,,98.5826,98.5826,0.0,1
real_baumgartner_cn_phenethylamine_alphos,target_gp_random_initial,91068,3,10,baumgartner_cn_phenethylamine_alphos_013;baumgartner_cn_phenethylamine_alphos_008;baumgartner_cn_phenethylamine_alphos_005,,98.5826,97.91906,0.0,1
real_baumgartner_cn_phenethylamine_alphos,target_gp_random_initial,91069,3,10,baumgartner_cn_phenethylamine_alphos_008;baumgartner_cn_phenethylamine_alphos_004;baumgartner_cn_phenethylamine_alphos_017,,98.5826,97.4971,0.0,1
real_baumgartner_cn_phenethylamine_alphos,target_gp_random_initial,91070,3,10,baumgartner_cn_phenethylamine_alphos_001;baumgartner_cn_phenethylamine_alphos_022;baumgartner_cn_phenethylamine_alphos_017,,97.8787,97.8787,0.7039,1
real_baumgartner_cn_phenethylamine_alphos,target_gp_random_initial,91071,3,10,baumgartner_cn_phenethylamine_alphos_018;baumgartner_cn_phenethylamine_alphos_015;baumgartner_cn_phenethylamine_alphos_000,,98.5826,98.5826,0.0,1
real_baumgartner_cn_phenethylamine_alphos,target_gp_random_initial,91072,3,10,baumgartner_cn_phenethylamine_alphos_020;baumgartner_cn_phenethylamine_alphos_006;baumgartner_cn_phenethylamine_alphos_003,,98.5826,97.66884,0.0,1
real_baumgartner_cn_phenethylamine_alphos,target_gp_random_initial,91073,3,10,baumgartner_cn_phenethylamine_alphos_004;baumgartner_cn_phenethylamine_alphos_001;baumgartner_cn_phenethylamine_alphos_003,,97.4404,97.41939,1.1422,1
real_baumgartner_cn_phenethylamine_alphos,target_gp_random_initial,91074,3,10,baumgartner_cn_phenethylamine_alphos_001;baumgartner_cn_phenethylamine_alphos_008;baumgartner_cn_phenethylamine_alphos_004,,98.5826,97.15444,0.0,1
real_baumgartner_cn_phenethylamine_alphos,target_gp_random_initial,91075,3,10,baumgartner_cn_phenethylamine_alphos_003;baumgartner_cn_phenethylamine_alphos_021;baumgartner_cn_phenethylamine_alphos_007,,98.5826,96.53151,0.0,1
real_baumgartner_cn_phenethylamine_alphos,target_gp_random_initial,91076,3,10,baumgartner_cn_phenethylamine_alphos_010;baumgartner_cn_phenethylamine_alphos_011;baumgartner_cn_phenethylamine_alphos_022,,98.5826,98.44182,0.0,1
real_baumgartner_cn_phenethylamine_alphos,target_gp_random_initial,91077,3,10,baumgartner_cn_phenethylamine_alphos_021;baumgartner_cn_phenethylamine_alphos_007;baumgartner_cn_phenethylamine_alphos_019,,98.5826,97.63967,0.0,1
real_baumgartner_cn_phenethylamine_alphos,target_gp_random_initial,91078,3,10,baumgartner_cn_phenethylamine_alphos_014;baumgartner_cn_phenethylamine_alphos_004;baumgartner_cn_phenethylamine_alphos_018,,98.5826,97.63967,0.0,1
real_baumgartner_cn_phenethylamine_alphos,target_gp_random_initial,91079,3,10,baumgartner_cn_phenethylamine_alphos_005;baumgartner_cn_phenethylamine_alphos_021;baumgartner_cn_phenethylamine_alphos_013,,98.5826,97.01105,0.0,1
real_baumgartner_cn_phenethylamine_alphos,target_gp_random_initial,91080,3,10,baumgartner_cn_phenethylamine_alphos_020;baumgartner_cn_phenethylamine_alphos_022;baumgartner_cn_phenethylamine_alphos_001,,97.8787,97.8787,0.7039,1
real_baumgartner_cn_phenethylamine_alphos,target_gp_random_initial,91081,3,10,baumgartner_cn_phenethylamine_alphos_005;baumgartner_cn_phenethylamine_alphos_002;baumgartner_cn_phenethylamine_alphos_018,,98.5826,97.35453,0.0,1
real_baumgartner_cn_phenethylamine_alphos,target_gp_random_initial,91082,3,10,baumgartner_cn_phenethylamine_alphos_014;baumgartner_cn_phenethylamine_alphos_012;baumgartner_cn_phenethylamine_alphos_019,,98.5826,96.8632,0.0,1
real_baumgartner_cn_phenethylamine_alphos,target_gp_random_initial,91083,3,10,baumgartner_cn_phenethylamine_alphos_021;baumgartner_cn_phenethylamine_alphos_015;baumgartner_cn_phenethylamine_alphos_019,,98.5826,98.26829,0.0,1
real_baumgartner_cn_phenethylamine_alphos,target_gp_random_initial,91084,3,10,baumgartner_cn_phenethylamine_alphos_010;baumgartner_cn_phenethylamine_alphos_017;baumgartner_cn_phenethylamine_alphos_011,,98.5826,98.12572,0.0,1
real_baumgartner_cn_phenethylamine_alphos,target_gp_random_initial,91085,3,10,baumgartner_cn_phenethylamine_alphos_007;baumgartner_cn_phenethylamine_alphos_010;baumgartner_cn_phenethylamine_alphos_021,,98.5826,97.55462,0.0,1
real_baumgartner_cn_phenethylamine_alphos,target_gp_random_initial,91086,3,10,baumgartner_cn_phenethylamine_alphos_021;baumgartner_cn_phenethylamine_alphos_019;baumgartner_cn_phenethylamine_alphos_015,,98.5826,98.26829,0.0,1
real_baumgartner_cn_phenethylamine_alphos,target_gp_random_initial,91087,3,10,baumgartner_cn_phenethylamine_alphos_016;baumgartner_cn_phenethylamine_alphos_021;baumgartner_cn_phenethylamine_alphos_000,,98.5826,98.5826,0.0,1
real_baumgartner_cn_phenethylamine_alphos,target_gp_random_initial,91088,3,10,baumgartner_cn_phenethylamine_alphos_016;baumgartner_cn_phenethylamine_alphos_008;baumgartner_cn_phenethylamine_alphos_004,,98.5826,97.4971,0.0,1
real_baumgartner_cn_phenethylamine_alphos,target_gp_random_initial,91089,3,10,baumgartner_cn_phenethylamine_alphos_018;baumgartner_cn_phenethylamine_alphos_000;baumgartner_cn_phenethylamine_alphos_016,,98.5826,98.5826,0.0,1
real_baumgartner_cn_phenethylamine_alphos,target_gp_random_initial,91090,3,10,baumgartner_cn_phenethylamine_alphos_019;baumgartner_cn_phenethylamine_alphos_002;baumgartner_cn_phenethylamine_alphos_007,,98.5826,96.27557,0.0,1
real_baumgartner_cn_phenethylamine_alphos,target_gp_random_initial,91091,3,10,baumgartner_cn_phenethylamine_alphos_019;baumgartner_cn_phenethylamine_alphos_015;baumgartner_cn_phenethylamine_alphos_020,,98.5826,97.77122,0.0,1
real_baumgartner_cn_phenethylamine_alphos,target_gp_random_initial,91092,3,10,baumgartner_cn_phenethylamine_alphos_008;baumgartner_cn_phenethylamine_alphos_015;baumgartner_cn_phenethylamine_alphos_003,,97.8787,97.44221,0.7039,1
real_baumgartner_cn_phenethylamine_alphos,target_gp_random_initial,91093,3,10,baumgartner_cn_phenethylamine_alphos_006;baumgartner_cn_phenethylamine_alphos_019;baumgartner_cn_phenethylamine_alphos_020,,98.5826,97.657,0.0,1
real_baumgartner_cn_phenethylamine_alphos,target_gp_random_initial,91094,3,10,baumgartner_cn_phenethylamine_alphos_019;baumgartner_cn_phenethylamine_alphos_001;baumgartner_cn_phenethylamine_alphos_014,,98.5826,94.27969,0.0,1
real_baumgartner_cn_phenethylamine_alphos,target_gp_random_initial,91095,3,10,baumgartner_cn_phenethylamine_alphos_010;baumgartner_cn_phenethylamine_alphos_011;baumgartner_cn_phenethylamine_alphos_014,,98.5826,98.23994,0.0,1
real_baumgartner_cn_phenethylamine_alphos,target_gp_random_initial,91096,3,10,baumgartner_cn_phenethylamine_alphos_019;baumgartner_cn_phenethylamine_alphos_010;baumgartner_cn_phenethylamine_alphos_011,,98.5826,98.46838,0.0,1
real_baumgartner_cn_phenethylamine_alphos,target_gp_random_initial,91097,3,10,baumgartner_cn_phenethylamine_alphos_007;baumgartner_cn_phenethylamine_alphos_012;baumgartner_cn_phenethylamine_alphos_022,,98.5826,98.23065,0.0,1
real_baumgartner_cn_phenethylamine_alphos,target_gp_random_initial,91098,3,10,baumgartner_cn_phenethylamine_alphos_009;baumgartner_cn_phenethylamine_alphos_008;baumgartner_cn_phenethylamine_alphos_011,,98.5826,97.25552,0.0,1
real_baumgartner_cn_phenethylamine_alphos,target_gp_random_initial,91099,3,10,baumgartner_cn_phenethylamine_alphos_015;baumgartner_cn_phenethylamine_alphos_021;baumgartner_cn_phenethylamine_alphos_006,,98.5826,97.46875,0.0,1
real_baumgartner_cn_phenethylamine_alphos,target_gp_space_filling,-1,3,10,baumgartner_cn_phenethylamine_alphos_018;baumgartner_cn_phenethylamine_alphos_017;baumgartner_cn_phenethylamine_alphos_005,,98.5826,97.72554,0.0,1
real_baumgartner_cn_phenethylamine_alphos,multisource_diverse_warmstart,-1,3,10,baumgartner_cn_phenethylamine_alphos_003;baumgartner_cn_phenethylamine_alphos_017;baumgartner_cn_phenethylamine_alphos_004,real_baumgartner_cn_phenethylamine_tbuxphos;real_baumgartner_cn_phenethylamine_tbubrettphos,98.5826,97.53361,0.0,1
real_baumgartner_cn_phenethylamine_alphos,development_selected_route,-1,3,10,baumgartner_cn_phenethylamine_alphos_003;baumgartner_cn_phenethylamine_alphos_017;baumgartner_cn_phenethylamine_alphos_004,real_baumgartner_cn_phenethylamine_tbuxphos;real_baumgartner_cn_phenethylamine_tbubrettphos,98.5826,97.53361,0.0,1
real_baumgartner_cn_morpholine_tbubrettphos,target_gp_random_initial,91000,3,10,baumgartner_cn_morpholine_tbubrettphos_018;baumgartner_cn_morpholine_tbubrettphos_005;baumgartner_cn_morpholine_tbubrettphos_014,,2.3552,1.66705,9.8883,1
real_baumgartner_cn_morpholine_tbubrettphos,target_gp_random_initial,91001,3,10,baumgartner_cn_morpholine_tbubrettphos_015;baumgartner_cn_morpholine_tbubrettphos_028;baumgartner_cn_morpholine_tbubrettphos_021,,12.2435,11.7993,0.0,1
real_baumgartner_cn_morpholine_tbubrettphos,target_gp_random_initial,91002,3,10,baumgartner_cn_morpholine_tbubrettphos_029;baumgartner_cn_morpholine_tbubrettphos_005;baumgartner_cn_morpholine_tbubrettphos_026,,12.2435,12.2435,0.0,1
real_baumgartner_cn_morpholine_tbubrettphos,target_gp_random_initial,91003,3,10,baumgartner_cn_morpholine_tbubrettphos_001;baumgartner_cn_morpholine_tbubrettphos_017;baumgartner_cn_morpholine_tbubrettphos_021,,12.2435,7.07725,0.0,1
real_baumgartner_cn_morpholine_tbubrettphos,target_gp_random_initial,91004,3,10,baumgartner_cn_morpholine_tbubrettphos_016;baumgartner_cn_morpholine_tbubrettphos_011;baumgartner_cn_morpholine_tbubrettphos_018,,12.2435,5.95136,0.0,1
real_baumgartner_cn_morpholine_tbubrettphos,target_gp_random_initial,91005,3,10,baumgartner_cn_morpholine_tbubrettphos_014;baumgartner_cn_morpholine_tbubrettphos_015;baumgartner_cn_morpholine_tbubrettphos_027,,5.8035,3.22289,6.44,1
real_baumgartner_cn_morpholine_tbubrettphos,target_gp_random_initial,91006,3,10,baumgartner_cn_morpholine_tbubrettphos_011;baumgartner_cn_morpholine_tbubrettphos_015;baumgartner_cn_morpholine_tbubrettphos_012,,5.8035,3.36189,6.44,1
real_baumgartner_cn_morpholine_tbubrettphos,target_gp_random_initial,91007,3,10,baumgartner_cn_morpholine_tbubrettphos_022;baumgartner_cn_morpholine_tbubrettphos_008;baumgartner_cn_morpholine_tbubrettphos_006,,12.2435,7.82138,0.0,1
real_baumgartner_cn_morpholine_tbubrettphos,target_gp_random_initial,91008,3,10,baumgartner_cn_morpholine_tbubrettphos_007;baumgartner_cn_morpholine_tbubrettphos_000;baumgartner_cn_morpholine_tbubrettphos_019,,2.3552,2.3552,9.8883,1
real_baumgartner_cn_morpholine_tbubrettphos,target_gp_random_initial,91009,3,10,baumgartner_cn_morpholine_tbubrettphos_003;baumgartner_cn_morpholine_tbubrettphos_029;baumgartner_cn_morpholine_tbubrettphos_010,,12.2435,12.2435,0.0,1
real_baumgartner_cn_morpholine_tbubrettphos,target_gp_random_initial,91010,3,10,baumgartner_cn_morpholine_tbubrettphos_008;baumgartner_cn_morpholine_tbubrettphos_020;baumgartner_cn_morpholine_tbubrettphos_021,,12.2435,11.5772,0.0,1
real_baumgartner_cn_morpholine_tbubrettphos,target_gp_random_initial,91011,3,10,baumgartner_cn_morpholine_tbubrettphos_022;baumgartner_cn_morpholine_tbubrettphos_028;baumgartner_cn_morpholine_tbubrettphos_011,,12.2435,11.5772,0.0,1
real_baumgartner_cn_morpholine_tbubrettphos,target_gp_random_initial,91012,3,10,baumgartner_cn_morpholine_tbubrettphos_000;baumgartner_cn_morpholine_tbubrettphos_029;baumgartner_cn_morpholine_tbubrettphos_028,,12.2435,12.2435,0.0,1
real_baumgartner_cn_morpholine_tbubrettphos,target_gp_random_initial,91013,3,10,baumgartner_cn_morpholine_tbubrettphos_022;baumgartner_cn_morpholine_tbubrettphos_011;baumgartner_cn_morpholine_tbubrettphos_002,,12.2435,6.44802,0.0,1
real_baumgartner_cn_morpholine_tbubrettphos,target_gp_random_initial,91014,3,10,baumgartner_cn_morpholine_tbubrettphos_029;baumgartner_cn_morpholine_tbubrettphos_006;baumgartner_cn_morpholine_tbubrettphos_025,,12.2435,12.2435,0.0,1
real_baumgartner_cn_morpholine_tbubrettphos,target_gp_random_initial,91015,3,10,baumgartner_cn_morpholine_tbubrettphos_029;baumgartner_cn_morpholine_tbubrettphos_021;baumgartner_cn_morpholine_tbubrettphos_028,,12.2435,12.2435,0.0,1
real_baumgartner_cn_morpholine_tbubrettphos,target_gp_random_initial,91016,3,10,baumgartner_cn_morpholine_tbubrettphos_001;baumgartner_cn_morpholine_tbubrettphos_016;baumgartner_cn_morpholine_tbubrettphos_006,,12.2435,7.84398,0.0,1
real_baumgartner_cn_morpholine_tbubrettphos,target_gp_random_initial,91017,3,10,baumgartner_cn_morpholine_tbubrettphos_027;baumgartner_cn_morpholine_tbubrettphos_001;baumgartner_cn_morpholine_tbubrettphos_029,,12.2435,12.2435,0.0,1
real_baumgartner_cn_morpholine_tbubrettphos,target_gp_random_initial,91018,3,10,baumgartner_cn_morpholine_tbubrettphos_023;baumgartner_cn_morpholine_tbubrettphos_009;baumgartner_cn_morpholine_tbubrettphos_021,,12.2435,7.07725,0.0,1
real_baumgartner_cn_morpholine_tbubrettphos,target_gp_random_initial,91019,3,10,baumgartner_cn_morpholine_tbubrettphos_021;baumgartner_cn_morpholine_tbubrettphos_004;baumgartner_cn_morpholine_tbubrettphos_024,,12.2435,7.07725,0.0,1
real_baumgartner_cn_morpholine_tbubrettphos,target_gp_random_initial,91020,3,10,baumgartner_cn_morpholine_tbubrettphos_025;baumgartner_cn_morpholine_tbubrettphos_011;baumgartner_cn_morpholine_tbubrettphos_007,,5.8035,2.76068,6.44,1
real_baumgartner_cn_morpholine_tbubrettphos,target_gp_random_initial,91021,3,10,baumgartner_cn_morpholine_tbubrettphos_015;baumgartner_cn_morpholine_tbubrettphos_009;baumgartner_cn_morpholine_tbubrettphos_026,,5.8035,2.67223,6.44,1
real_baumgartner_cn_morpholine_tbubrettphos,target_gp_random_initial,91022,3,10,baumgartner_cn_morpholine_tbubrettphos_018;baumgartner_cn_morpholine_tbubrettphos_005;baumgartner_cn_morpholine_tbubrettphos_021,,12.2435,5.40027,0.0,1
real_baumgartner_cn_morpholine_tbubrettphos,target_gp_random_initial,91023,3,10,baumgartner_cn_morpholine_tbubrettphos_017;baumgartner_cn_morpholine_tbubrettphos_013;baumgartner_cn_morpholine_tbubrettphos_006,,2.3552,2.19286,9.8883,1
real_baumgartner_cn_morpholine_tbubrettphos,target_gp_random_initial,91024,3,10,baumgartner_cn_morpholine_tbubrettphos_000;baumgartner_cn_morpholine_tbubrettphos_020;baumgartner_cn_morpholine_tbubrettphos_004,,12.2435,7.0915,0.0,1
real_baumgartner_cn_morpholine_tbubrettphos,target_gp_random_initial,91025,3,10,baumgartner_cn_morpholine_tbubrettphos_020;baumgartner_cn_morpholine_tbubrettphos_021;baumgartner_cn_morpholine_tbubrettphos_005,,12.2435,11.5772,0.0,1
real_baumgartner_cn_morpholine_tbubrettphos,target_gp_random_initial,91026,3,10,baumgartner_cn_morpholine_tbubrettphos_014;baumgartner_cn_morpholine_tbubrettphos_017;baumgartner_cn_morpholine_tbubrettphos_011,,3.3247,2.53519,8.9188,1
real_baumgartner_cn_morpholine_tbubrettphos,target_gp_random_initial,91027,3,10,baumgartner_cn_morpholine_tbubrettphos_015;baumgartner_cn_morpholine_tbubrettphos_011;baumgartner_cn_morpholine_tbubrettphos_006,,12.2435,7.81618,0.0,1
real_baumgartner_cn_morpholine_tbubrettphos,target_gp_random_initial,91028,3,10,baumgartner_cn_morpholine_tbubrettphos_006;baumgartner_cn_morpholine_tbubrettphos_027;baumgartner_cn_morpholine_tbubrettphos_019,,3.3247,2.28981,8.9188,1
real_baumgartner_cn_morpholine_tbubrettphos,target_gp_random_initial,91029,3,10,baumgartner_cn_morpholine_tbubrettphos_000;baumgartner_cn_morpholine_tbubrettphos_012;baumgartner_cn_morpholine_tbubrettphos_011,,12.2435,8.42039,0.0,1
real_baumgartner_cn_morpholine_tbubrettphos,target_gp_random_initial,91030,3,10,baumgartner_cn_morpholine_tbubrettphos_001;baumgartner_cn_morpholine_tbubrettphos_026;baumgartner_cn_morpholine_tbubrettphos_023,,2.3552,2.3552,9.8883,1
real_baumgartner_cn_morpholine_tbubrettphos,target_gp_random_initial,91031,3,10,baumgartner_cn_morpholine_tbubrettphos_011;baumgartner_cn_morpholine_tbubrettphos_010;baumgartner_cn_morpholine_tbubrettphos_002,,12.2435,12.2435,0.0,1
real_baumgartner_cn_morpholine_tbubrettphos,target_gp_random_initial,91032,3,10,baumgartner_cn_morpholine_tbubrettphos_005;baumgartner_cn_morpholine_tbubrettphos_010;baumgartner_cn_morpholine_tbubrettphos_019,,2.3552,2.3552,9.8883,1
real_baumgartner_cn_morpholine_tbubrettphos,target_gp_random_initial,91033,3,10,baumgartner_cn_morpholine_tbubrettphos_018;baumgartner_cn_morpholine_tbubrettphos_019;baumgartner_cn_morpholine_tbubrettphos_004,,3.3247,1.62637,8.9188,1
real_baumgartner_cn_morpholine_tbubrettphos,target_gp_random_initial,91034,3,10,baumgartner_cn_morpholine_tbubrettphos_001;baumgartner_cn_morpholine_tbubrettphos_016;baumgartner_cn_morpholine_tbubrettphos_015,,5.8035,3.04486,6.44,1
real_baumgartner_cn_morpholine_tbubrettphos,target_gp_random_initial,91035,3,10,baumgartner_cn_morpholine_tbubrettphos_011;baumgartner_cn_morpholine_tbubrettphos_028;baumgartner_cn_morpholine_tbubrettphos_023,,12.2435,11.5772,0.0,1
real_baumgartner_cn_morpholine_tbubrettphos,target_gp_random_initial,91036,3,10,baumgartner_cn_morpholine_tbubrettphos_009;baumgartner_cn_morpholine_tbubrettphos_023;baumgartner_cn_morpholine_tbubrettphos_022,,12.2435,7.84398,0.0,1
real_baumgartner_cn_morpholine_tbubrettphos,target_gp_random_initial,91037,3,10,baumgartner_cn_morpholine_tbubrettphos_003;baumgartner_cn_morpholine_tbubrettphos_000;baumgartner_cn_morpholine_tbubrettphos_005,,2.3552,2.3552,9.8883,1
real_baumgartner_cn_morpholine_tbubrettphos,target_gp_random_initial,91038,3,10,baumgartner_cn_morpholine_tbubrettphos_008;baumgartner_cn_morpholine_tbubrettphos_006;baumgartner_cn_morpholine_tbubrettphos_026,,2.3552,2.3552,9.8883,1
real_baumgartner_cn_morpholine_tbubrettphos,target_gp_random_initial,91039,3,10,baumgartner_cn_morpholine_tbubrettphos_013;baumgartner_cn_morpholine_tbubrettphos_009;baumgartner_cn_morpholine_tbubrettphos_022,,2.3552,2.2874,9.8883,1
real_baumgartner_cn_morpholine_tbubrettphos,target_gp_random_initial,91040,3,10,baumgartner_cn_morpholine_tbubrettphos_027;baumgartner_cn_morpholine_tbubrettphos_008;baumgartner_cn_morpholine_tbubrettphos_011,,3.3247,2.17523,8.9188,1
real_baumgartner_cn_morpholine_tbubrettphos,target_gp_random_initial,91041,3,10,baumgartner_cn_morpholine_tbubrettphos_008;baumgartner_cn_morpholine_tbubrettphos_015;baumgartner_cn_morpholine_tbubrettphos_016,,12.2435,6.79955,0.0,1
real_baumgartner_cn_morpholine_tbubrettphos,target_gp_random_initial,91042,3,10,baumgartner_cn_morpholine_tbubrettphos_019;baumgartner_cn_morpholine_tbubrettphos_011;baumgartner_cn_morpholine_tbubrettphos_024,,2.3552,2.3552,9.8883,1
real_baumgartner_cn_morpholine_tbubrettphos,target_gp_random_initial,91043,3,10,baumgartner_cn_morpholine_tbubrettphos_005;baumgartner_cn_morpholine_tbubrettphos_025;baumgartner_cn_morpholine_tbubrettphos_019,,2.3552,2.3552,9.8883,1
real_baumgartner_cn_morpholine_tbubrettphos,target_gp_random_initial,91044,3,10,baumgartner_cn_morpholine_tbubrettphos_018;baumgartner_cn_morpholine_tbubrettphos_028;baumgartner_cn_morpholine_tbubrettphos_029,,12.2435,12.2435,0.0,1
real_baumgartner_cn_morpholine_tbubrettphos,target_gp_random_initial,91045,3,10,baumgartner_cn_morpholine_tbubrettphos_013;baumgartner_cn_morpholine_tbubrettphos_016;baumgartner_cn_morpholine_tbubrettphos_021,,2.3552,1.6699,9.8883,1
real_baumgartner_cn_morpholine_tbubrettphos,target_gp_random_initial,91046,3,10,baumgartner_cn_morpholine_tbubrettphos_029;baumgartner_cn_morpholine_tbubrettphos_004;baumgartner_cn_morpholine_tbubrettphos_014,,12.2435,12.2435,0.0,1
real_baumgartner_cn_morpholine_tbubrettphos,target_gp_random_initial,91047,3,10,baumgartner_cn_morpholine_tbubrettphos_016;baumgartner_cn_morpholine_tbubrettphos_022;baumgartner_cn_morpholine_tbubrettphos_006,,5.8035,3.04486,6.44,1
real_baumgartner_cn_morpholine_tbubrettphos,target_gp_random_initial,91048,3,10,baumgartner_cn_morpholine_tbubrettphos_008;baumgartner_cn_morpholine_tbubrettphos_013;baumgartner_cn_morpholine_tbubrettphos_016,,3.3247,2.46888,8.9188,1
real_baumgartner_cn_morpholine_tbubrettphos,target_gp_random_initial,91049,3,10,baumgartner_cn_morpholine_tbubrettphos_027;baumgartner_cn_morpholine_tbubrettphos_003;baumgartner_cn_morpholine_tbubrettphos_023,,5.8035,3.2476,6.44,1
real_baumgartner_cn_morpholine_tbubrettphos,target_gp_random_initial,91050,3,10,baumgartner_cn_morpholine_tbubrettphos_011;baumgartner_cn_morpholine_tbubrettphos_016;baumgartner_cn_morpholine_tbubrettphos_025,,5.8035,2.77074,6.44,1
real_baumgartner_cn_morpholine_tbubrettphos,target_gp_random_initial,91051,3,10,baumgartner_cn_morpholine_tbubrettphos_029;baumgartner_cn_morpholine_tbubrettphos_006;baumgartner_cn_morpholine_tbubrettphos_014,,12.2435,12.2435,0.0,1
real_baumgartner_cn_morpholine_tbubrettphos,target_gp_random_initial,91052,3,10,baumgartner_cn_morpholine_tbubrettphos_019;baumgartner_cn_morpholine_tbubrettphos_012;baumgartner_cn_morpholine_tbubrettphos_000,,3.3247,2.5491,8.9188,1
real_baumgartner_cn_morpholine_tbubrettphos,target_gp_random_initial,91053,3,10,baumgartner_cn_morpholine_tbubrettphos_016;baumgartner_cn_morpholine_tbubrettphos_029;baumgartner_cn_morpholine_tbubrettphos_008,,12.2435,12.2435,0.0,1
real_baumgartner_cn_morpholine_tbubrettphos,target_gp_random_initial,91054,3,10,baumgartner_cn_morpholine_tbubrettphos_026;baumgartner_cn_morpholine_tbubrettphos_017;baumgartner_cn_morpholine_tbubrettphos_016,,2.3552,2.21814,9.8883,1
real_baumgartner_cn_morpholine_tbubrettphos,target_gp_random_initial,91055,3,10,baumgartner_cn_morpholine_tbubrettphos_005;baumgartner_cn_morpholine_tbubrettphos_009;baumgartner_cn_morpholine_tbubrettphos_024,,2.3552,2.3552,9.8883,1
real_baumgartner_cn_morpholine_tbubrettphos,target_gp_random_initial,91056,3,10,baumgartner_cn_morpholine_tbubrettphos_021;baumgartner_cn_morpholine_tbubrettphos_006;baumgartner_cn_morpholine_tbubrettphos_009,,12.2435,7.07725,0.0,1
real_baumgartner_cn_morpholine_tbubrettphos,target_gp_random_initial,91057,3,10,baumgartner_cn_morpholine_tbubrettphos_014;baumgartner_cn_morpholine_tbubrettphos_019;baumgartner_cn_morpholine_tbubrettphos_009,,3.3247,1.82236,8.9188,1
real_baumgartner_cn_morpholine_tbubrettphos,target_gp_random_initial,91058,3,10,baumgartner_cn_morpholine_tbubrettphos_007;baumgartner_cn_morpholine_tbubrettphos_020;baumgartner_cn_morpholine_tbubrettphos_011,,12.2435,10.9332,0.0,1
real_baumgartner_cn_morpholine_tbubrettphos,target_gp_random_initial,91059,3,10,baumgartner_cn_morpholine_tbubrettphos_021;baumgartner_cn_morpholine_tbubrettphos_010;baumgartner_cn_morpholine_tbubrettphos_008,,12.2435,6.08842,0.0,1
real_baumgartner_cn_morpholine_tbubrettphos,target_gp_random_initial,91060,3,10,baumgartner_cn_morpholine_tbubrettphos_018;baumgartner_cn_morpholine_tbubrettphos_008;baumgartner_cn_morpholine_tbubrettphos_028,,12.2435,11.5772,0.0,1
real_baumgartner_cn_morpholine_tbubrettphos,target_gp_random_initial,91061,3,10,baumgartner_cn_morpholine_tbubrettphos_023;baumgartner_cn_morpholine_tbubrettphos_024;baumgartner_cn_morpholine_tbubrettphos_016,,12.2435,10.22921,0.0,1
real_baumgartner_cn_morpholine_tbubrettphos,target_gp_random_initial,91062,3,10,baumgartner_cn_morpholine_tbubrettphos_019;baumgartner_cn_morpholine_tbubrettphos_026;baumgartner_cn_morpholine_tbubrettphos_004,,2.3552,2.3552,9.8883,1
real_baumgartner_cn_morpholine_tbubrettphos,target_gp_random_initial,91063,3,10,baumgartner_cn_morpholine_tbubrettphos_005;baumgartner_cn_morpholine_tbubrettphos_021;baumgartner_cn_morpholine_tbubrettphos_019,,12.2435,4.27381,0.0,1
real_baumgartner_cn_morpholine_tbubrettphos,target_gp_random_initial,91064,3,10,baumgartner_cn_morpholine_tbubrettphos_008;baumgartner_cn_morpholine_tbubrettphos_025;baumgartner_cn_morpholine_tbubrettphos_019,,2.3552,2.3552,9.8883,1
real_baumgartner_cn_morpholine_tbubrettphos,target_gp_random_initial,91065,3,10,baumgartner_cn_morpholine_tbubrettphos_000;baumgartner_cn_morpholine_tbubrettphos_016;baumgartner_cn_morpholine_tbubrettphos_024,,3.3247,3.3247,8.9188,1
real_baumgartner_cn_morpholine_tbubrettphos,target_gp_random_initial,91066,3,10,baumgartner_cn_morpholine_tbubrettphos_029;baumgartner_cn_morpholine_tbubrettphos_026;baumgartner_cn_morpholine_tbubrettphos_001,,12.2435,12.2435,0.0,1
real_baumgartner_cn_morpholine_tbubrettphos,target_gp_random_initial,91067,3,10,baumgartner_cn_morpholine_tbubrettphos_008;baumgartner_cn_morpholine_tbubrettphos_005;baumgartner_cn_morpholine_tbubrettphos_000,,3.3247,2.743,8.9188,1
real_baumgartner_cn_morpholine_tbubrettphos,target_gp_random_initial,91068,3,10,baumgartner_cn_morpholine_tbubrettphos_008;baumgartner_cn_morpholine_tbubrettphos_022;baumgartner_cn_morpholine_tbubrettphos_016,,12.2435,6.85515,0.0,1
real_baumgartner_cn_morpholine_tbubrettphos,target_gp_random_initial,91069,3,10,baumgartner_cn_morpholine_tbubrettphos_005;baumgartner_cn_morpholine_tbubrettphos_006;baumgartner_cn_morpholine_tbubrettphos_002,,3.3247,3.3247,8.9188,1
real_baumgartner_cn_morpholine_tbubrettphos,target_gp_random_initial,91070,3,10,baumgartner_cn_morpholine_tbubrettphos_024;baumgartner_cn_morpholine_tbubrettphos_007;baumgartner_cn_morpholine_tbubrettphos_026,,12.2435,11.3551,0.0,1
real_baumgartner_cn_morpholine_tbubrettphos,target_gp_random_initial,91071,3,10,baumgartner_cn_morpholine_tbubrettphos_023;baumgartner_cn_morpholine_tbubrettphos_012;baumgartner_cn_morpholine_tbubrettphos_027,,12.2435,4.04611,0.0,1
real_baumgartner_cn_morpholine_tbubrettphos,target_gp_random_initial,91072,3,10,baumgartner_cn_morpholine_tbubrettphos_006;baumgartner_cn_morpholine_tbubrettphos_019;baumgartner_cn_morpholine_tbubrettphos_001,,3.3247,2.45215,8.9188,1
real_baumgartner_cn_morpholine_tbubrettphos,target_gp_random_initial,91073,3,10,baumgartner_cn_morpholine_tbubrettphos_019;baumgartner_cn_morpholine_tbubrettphos_028;baumgartner_cn_morpholine_tbubrettphos_003,,12.2435,11.7993,0.0,1
real_baumgartner_cn_morpholine_tbubrettphos,target_gp_random_initial,91074,3,10,baumgartner_cn_morpholine_tbubrettphos_001;baumgartner_cn_morpholine_tbubrettphos_021;baumgartner_cn_morpholine_tbubrettphos_008,,12.2435,7.07725,0.0,1
real_baumgartner_cn_morpholine_tbubrettphos,target_gp_random_initial,91075,3,10,baumgartner_cn_morpholine_tbubrettphos_027;baumgartner_cn_morpholine_tbubrettphos_008;baumgartner_cn_morpholine_tbubrettphos_007,,3.3247,2.17523,8.9188,1
real_baumgartner_cn_morpholine_tbubrettphos,target_gp_random_initial,91076,3,10,baumgartner_cn_morpholine_tbubrettphos_013;baumgartner_cn_morpholine_tbubrettphos_001;baumgartner_cn_morpholine_tbubrettphos_011,,12.2435,4.72335,0.0,1
real_baumgartner_cn_morpholine_tbubrettphos,target_gp_random_initial,91077,3,10,baumgartner_cn_morpholine_tbubrettphos_002;baumgartner_cn_morpholine_tbubrettphos_018;baumgartner_cn_morpholine_tbubrettphos_012,,12.2435,11.3551,0.0,1
real_baumgartner_cn_morpholine_tbubrettphos,target_gp_random_initial,91078,3,10,baumgartner_cn_morpholine_tbubrettphos_007;baumgartner_cn_morpholine_tbubrettphos_012;baumgartner_cn_morpholine_tbubrettphos_020,,12.2435,11.5772,0.0,1
real_baumgartner_cn_morpholine_tbubrettphos,target_gp_random_initial,91079,3,10,baumgartner_cn_morpholine_tbubrettphos_026;baumgartner_cn_morpholine_tbubrettphos_020;baumgartner_cn_morpholine_tbubrettphos_015,,12.2435,11.3551,0.0,1
real_baumgartner_cn_morpholine_tbubrettphos,target_gp_random_initial,91080,3,10,baumgartner_cn_morpholine_tbubrettphos_022;baumgartner_cn_morpholine_tbubrettphos_019;baumgartner_cn_morpholine_tbubrettphos_003,,2.3552,2.3326,9.8883,1
real_baumgartner_cn_morpholine_tbubrettphos,target_gp_random_initial,91081,3,10,baumgartner_cn_morpholine_tbubrettphos_029;baumgartner_cn_morpholine_tbubrettphos_015;baumgartner_cn_morpholine_tbubrettphos_003,,12.2435,12.2435,0.0,1
real_baumgartner_cn_morpholine_tbubrettphos,target_gp_random_initial,91082,3,10,baumgartner_cn_morpholine_tbubrettphos_012;baumgartner_cn_morpholine_tbubrettphos_016;baumgartner_cn_morpholine_tbubrettphos_020,,12.2435,11.5772,0.0,1
real_baumgartner_cn_morpholine_tbubrettphos,target_gp_random_initial,91083,3,10,baumgartner_cn_morpholine_tbubrettphos_012;baumgartner_cn_morpholine_tbubrettphos_018;baumgartner_cn_morpholine_tbubrettphos_008,,2.3552,2.07994,9.8883,1
real_baumgartner_cn_morpholine_tbubrettphos,target_gp_random_initial,91084,3,10,baumgartner_cn_morpholine_tbubrettphos_025;baumgartner_cn_morpholine_tbubrettphos_020;baumgartner_cn_morpholine_tbubrettphos_019,,12.2435,11.5772,0.0,1
real_baumgartner_cn_morpholine_tbubrettphos,target_gp_random_initial,91085,3,10,baumgartner_cn_morpholine_tbubrettphos_010;baumgartner_cn_morpholine_tbubrettphos_028;baumgartner_cn_morpholine_tbubrettphos_015,,12.2435,11.7993,0.0,1
real_baumgartner_cn_morpholine_tbubrettphos,target_gp_random_initial,91086,3,10,baumgartner_cn_morpholine_tbubrettphos_002;baumgartner_cn_morpholine_tbubrettphos_008;baumgartner_cn_morpholine_tbubrettphos_012,,12.2435,11.3551,0.0,1
real_baumgartner_cn_morpholine_tbubrettphos,target_gp_random_initial,91087,3,10,baumgartner_cn_morpholine_tbubrettphos_021;baumgartner_cn_morpholine_tbubrettphos_009;baumgartner_cn_morpholine_tbubrettphos_017,,12.2435,6.80199,0.0,1
real_baumgartner_cn_morpholine_tbubrettphos,target_gp_random_initial,91088,3,10,baumgartner_cn_morpholine_tbubrettphos_016;baumgartner_cn_morpholine_tbubrettphos_028;baumgartner_cn_morpholine_tbubrettphos_004,,12.2435,11.5772,0.0,1
real_baumgartner_cn_morpholine_tbubrettphos,target_gp_random_initial,91089,3,10,baumgartner_cn_morpholine_tbubrettphos_014;baumgartner_cn_morpholine_tbubrettphos_009;baumgartner_cn_morpholine_tbubrettphos_002,,12.2435,8.67598,0.0,1
real_baumgartner_cn_morpholine_tbubrettphos,target_gp_random_initial,91090,3,10,baumgartner_cn_morpholine_tbubrettphos_024;baumgartner_cn_morpholine_tbubrettphos_016;baumgartner_cn_morpholine_tbubrettphos_011,,3.3247,3.3247,8.9188,1
real_baumgartner_cn_morpholine_tbubrettphos,target_gp_random_initial,91091,3,10,baumgartner_cn_morpholine_tbubrettphos_003;baumgartner_cn_morpholine_tbubrettphos_015;baumgartner_cn_morpholine_tbubrettphos_021,,12.2435,6.06062,0.0,1
real_baumgartner_cn_morpholine_tbubrettphos,target_gp_random_initial,91092,3,10,baumgartner_cn_morpholine_tbubrettphos_023;baumgartner_cn_morpholine_tbubrettphos_014;baumgartner_cn_morpholine_tbubrettphos_016,,12.2435,3.56691,0.0,1
real_baumgartner_cn_morpholine_tbubrettphos,target_gp_random_initial,91093,3,10,baumgartner_cn_morpholine_tbubrettphos_016;baumgartner_cn_morpholine_tbubrettphos_009;baumgartner_cn_morpholine_tbubrettphos_028,,12.2435,11.5772,0.0,1
real_baumgartner_cn_morpholine_tbubrettphos,target_gp_random_initial,91094,3,10,baumgartner_cn_morpholine_tbubrettphos_006;baumgartner_cn_morpholine_tbubrettphos_023;baumgartner_cn_morpholine_tbubrettphos_017,,12.2435,8.83281,0.0,1
real_baumgartner_cn_morpholine_tbubrettphos,target_gp_random_initial,91095,3,10,baumgartner_cn_morpholine_tbubrettphos_014;baumgartner_cn_morpholine_tbubrettphos_025;baumgartner_cn_morpholine_tbubrettphos_019,,3.3247,1.72623,8.9188,1
real_baumgartner_cn_morpholine_tbubrettphos,target_gp_random_initial,91096,3,10,baumgartner_cn_morpholine_tbubrettphos_025;baumgartner_cn_morpholine_tbubrettphos_003;baumgartner_cn_morpholine_tbubrettphos_014,,5.8035,2.56802,6.44,1
real_baumgartner_cn_morpholine_tbubrettphos,target_gp_random_initial,91097,3,10,baumgartner_cn_morpholine_tbubrettphos_012;baumgartner_cn_morpholine_tbubrettphos_017;baumgartner_cn_morpholine_tbubrettphos_027,,5.8035,2.75922,6.44,1
real_baumgartner_cn_morpholine_tbubrettphos,target_gp_random_initial,91098,3,10,baumgartner_cn_morpholine_tbubrettphos_009;baumgartner_cn_morpholine_tbubrettphos_012;baumgartner_cn_morpholine_tbubrettphos_016,,12.2435,7.48482,0.0,1
real_baumgartner_cn_morpholine_tbubrettphos,target_gp_random_initial,91099,3,10,baumgartner_cn_morpholine_tbubrettphos_005;baumgartner_cn_morpholine_tbubrettphos_002;baumgartner_cn_morpholine_tbubrettphos_022,,3.3247,3.3247,8.9188,1
real_baumgartner_cn_morpholine_tbubrettphos,target_gp_space_filling,-1,3,10,baumgartner_cn_morpholine_tbubrettphos_001;baumgartner_cn_morpholine_tbubrettphos_003;baumgartner_cn_morpholine_tbubrettphos_010,,12.2435,4.72335,0.0,1
real_baumgartner_cn_morpholine_tbubrettphos,multisource_diverse_warmstart,-1,3,10,baumgartner_cn_morpholine_tbubrettphos_022;baumgartner_cn_morpholine_tbubrettphos_011;baumgartner_cn_morpholine_tbubrettphos_000,real_baumgartner_cn_aniline_tbubrettphos;real_baumgartner_cn_benzamide_tbubrettphos;real_baumgartner_cn_phenethylamine_tbubrettphos,5.8035,3.34449,6.44,1
real_baumgartner_cn_morpholine_tbubrettphos,development_selected_route,-1,3,10,baumgartner_cn_morpholine_tbubrettphos_022;baumgartner_cn_morpholine_tbubrettphos_011;baumgartner_cn_morpholine_tbubrettphos_000,real_baumgartner_cn_aniline_tbubrettphos;real_baumgartner_cn_benzamide_tbubrettphos;real_baumgartner_cn_phenethylamine_tbubrettphos,5.8035,3.34449,6.44,1
real_baumgartner_cn_morpholine_alphos,target_gp_random_initial,91000,3,10,baumgartner_cn_morpholine_alphos_019;baumgartner_cn_morpholine_alphos_016;baumgartner_cn_morpholine_alphos_015,,72.5938,66.73335,0.0,1
real_baumgartner_cn_morpholine_alphos,target_gp_random_initial,91001,3,10,baumgartner_cn_morpholine_alphos_023;baumgartner_cn_morpholine_alphos_007;baumgartner_cn_morpholine_alphos_017,,72.5938,72.5938,0.0,1
real_baumgartner_cn_morpholine_alphos,target_gp_random_initial,91002,3,10,baumgartner_cn_morpholine_alphos_004;baumgartner_cn_morpholine_alphos_021;baumgartner_cn_morpholine_alphos_005,,72.5938,65.81362,0.0,1
real_baumgartner_cn_morpholine_alphos,target_gp_random_initial,91003,3,10,baumgartner_cn_morpholine_alphos_014;baumgartner_cn_morpholine_alphos_011;baumgartner_cn_morpholine_alphos_025,,72.5938,68.92729,0.0,1
real_baumgartner_cn_morpholine_alphos,target_gp_random_initial,91004,3,10,baumgartner_cn_morpholine_alphos_015;baumgartner_cn_morpholine_alphos_013;baumgartner_cn_morpholine_alphos_014,,68.5199,61.45342,4.0739,1
real_baumgartner_cn_morpholine_alphos,target_gp_random_initial,91005,3,10,baumgartner_cn_morpholine_alphos_012;baumgartner_cn_morpholine_alphos_015;baumgartner_cn_morpholine_alphos_024,,72.5938,72.5938,0.0,1
real_baumgartner_cn_morpholine_alphos,target_gp_random_initial,91006,3,10,baumgartner_cn_morpholine_alphos_025;baumgartner_cn_morpholine_alphos_021;baumgartner_cn_morpholine_alphos_011,,68.5199,68.5199,4.0739,1
real_baumgartner_cn_morpholine_alphos,target_gp_random_initial,91007,3,10,baumgartner_cn_morpholine_alphos_018;baumgartner_cn_morpholine_alphos_006;baumgartner_cn_morpholine_alphos_024,,72.5938,72.5938,0.0,1
real_baumgartner_cn_morpholine_alphos,target_gp_random_initial,91008,3,10,baumgartner_cn_morpholine_alphos_014;baumgartner_cn_morpholine_alphos_000;baumgartner_cn_morpholine_alphos_004,,68.5199,49.71661,4.0739,1
real_baumgartner_cn_morpholine_alphos,target_gp_random_initial,91009,3,10,baumgartner_cn_morpholine_alphos_004;baumgartner_cn_morpholine_alphos_001;baumgartner_cn_morpholine_alphos_012,,72.5938,67.90364,0.0,1
real_baumgartner_cn_morpholine_alphos,target_gp_random_initial,91010,3,10,baumgartner_cn_morpholine_alphos_020;baumgartner_cn_morpholine_alphos_012;baumgartner_cn_morpholine_alphos_000,,72.5938,67.4806,0.0,1
real_baumgartner_cn_morpholine_alphos,target_gp_random_initial,91011,3,10,baumgartner_cn_morpholine_alphos_004;baumgartner_cn_morpholine_alphos_014;baumgartner_cn_morpholine_alphos_006,,72.5938,61.31636,0.0,1
real_baumgartner_cn_morpholine_alphos,target_gp_random_initial,91012,3,10,baumgartner_cn_morpholine_alphos_014;baumgartner_cn_morpholine_alphos_024;baumgartner_cn_morpholine_alphos_000,,72.5938,72.5938,0.0,1
real_baumgartner_cn_morpholine_alphos,target_gp_random_initial,91013,3,10,baumgartner_cn_morpholine_alphos_012;baumgartner_cn_morpholine_alphos_014;baumgartner_cn_morpholine_alphos_023,,72.5938,70.8627,0.0,1
real_baumgartner_cn_morpholine_alphos,target_gp_random_initial,91014,3,10,baumgartner_cn_morpholine_alphos_016;baumgartner_cn_morpholine_alphos_003;baumgartner_cn_morpholine_alphos_024,,72.5938,72.5938,0.0,1
real_baumgartner_cn_morpholine_alphos,target_gp_random_initial,91015,3,10,baumgartner_cn_morpholine_alphos_001;baumgartner_cn_morpholine_alphos_023;baumgartner_cn_morpholine_alphos_020,,72.5938,67.4272,0.0,1
real_baumgartner_cn_morpholine_alphos,target_gp_random_initial,91016,3,10,baumgartner_cn_morpholine_alphos_019;baumgartner_cn_morpholine_alphos_024;baumgartner_cn_morpholine_alphos_005,,72.5938,72.5938,0.0,1
real_baumgartner_cn_morpholine_alphos,target_gp_random_initial,91017,3,10,baumgartner_cn_morpholine_alphos_023;baumgartner_cn_morpholine_alphos_017;baumgartner_cn_morpholine_alphos_018,,72.5938,66.16761,0.0,1
real_baumgartner_cn_morpholine_alphos,target_gp_random_initial,91018,3,10,baumgartner_cn_morpholine_alphos_009;baumgartner_cn_morpholine_alphos_014;baumgartner_cn_morpholine_alphos_018,,72.5938,71.32824,0.0,1
real_baumgartner_cn_morpholine_alphos,target_gp_random_initial,91019,3,10,baumgartner_cn_morpholine_alphos_003;baumgartner_cn_morpholine_alphos_006;baumgartner_cn_morpholine_alphos_001,,72.5938,57.43198,0.0,1
real_baumgartner_cn_morpholine_alphos,target_gp_random_initial,91020,3,10,baumgartner_cn_morpholine_alphos_022;baumgartner_cn_morpholine_alphos_011;baumgartner_cn_morpholine_alphos_007,,72.5938,65.7762,0.0,1
real_baumgartner_cn_morpholine_alphos,target_gp_random_initial,91021,3,10,baumgartner_cn_morpholine_alphos_019;baumgartner_cn_morpholine_alphos_025;baumgartner_cn_morpholine_alphos_024,,72.5938,72.5938,0.0,1
real_baumgartner_cn_morpholine_alphos,target_gp_random_initial,91022,3,10,baumgartner_cn_morpholine_alphos_008;baumgartner_cn_morpholine_alphos_014;baumgartner_cn_morpholine_alphos_025,,72.5938,72.5938,0.0,1
real_baumgartner_cn_morpholine_alphos,target_gp_random_initial,91023,3,10,baumgartner_cn_morpholine_alphos_013;baumgartner_cn_morpholine_alphos_009;baumgartner_cn_morpholine_alphos_017,,72.5938,68.92729,0.0,1
real_baumgartner_cn_morpholine_alphos,target_gp_random_initial,91024,3,10,baumgartner_cn_morpholine_alphos_020;baumgartner_cn_morpholine_alphos_006;baumgartner_cn_morpholine_alphos_000,,72.5938,64.92875,0.0,1
real_baumgartner_cn_morpholine_alphos,target_gp_random_initial,91025,3,10,baumgartner_cn_morpholine_alphos_000;baumgartner_cn_morpholine_alphos_016;baumgartner_cn_morpholine_alphos_020,,72.5938,72.5938,0.0,1
real_baumgartner_cn_morpholine_alphos,target_gp_random_initial,91026,3,10,baumgartner_cn_morpholine_alphos_025;baumgartner_cn_morpholine_alphos_009;baumgartner_cn_morpholine_alphos_015,,72.5938,72.5938,0.0,1
real_baumgartner_cn_morpholine_alphos,target_gp_random_initial,91027,3,10,baumgartner_cn_morpholine_alphos_007;baumgartner_cn_morpholine_alphos_023;baumgartner_cn_morpholine_alphos_011,,72.5938,65.6961,0.0,1
real_baumgartner_cn_morpholine_alphos,target_gp_random_initial,91028,3,10,baumgartner_cn_morpholine_alphos_015;baumgartner_cn_morpholine_alphos_022;baumgartner_cn_morpholine_alphos_018,,72.5938,72.5938,0.0,1
real_baumgartner_cn_morpholine_alphos,target_gp_random_initial,91029,3,10,baumgartner_cn_morpholine_alphos_000;baumgartner_cn_morpholine_alphos_025;baumgartner_cn_morpholine_alphos_013,,72.5938,72.5938,0.0,1
real_baumgartner_cn_morpholine_alphos,target_gp_random_initial,91030,3,10,baumgartner_cn_morpholine_alphos_016;baumgartner_cn_morpholine_alphos_014;baumgartner_cn_morpholine_alphos_001,,72.5938,53.63786,0.0,1
real_baumgartner_cn_morpholine_alphos,target_gp_random_initial,91031,3,10,baumgartner_cn_morpholine_alphos_020;baumgartner_cn_morpholine_alphos_008;baumgartner_cn_morpholine_alphos_015,,68.5199,64.89467,4.0739,1
real_baumgartner_cn_morpholine_alphos,target_gp_random_initial,91032,3,10,baumgartner_cn_morpholine_alphos_002;baumgartner_cn_morpholine_alphos_007;baumgartner_cn_morpholine_alphos_008,,72.5938,66.98375,0.0,1
real_baumgartner_cn_morpholine_alphos,target_gp_random_initial,91033,3,10,baumgartner_cn_morpholine_alphos_018;baumgartner_cn_morpholine_alphos_006;baumgartner_cn_morpholine_alphos_013,,72.5938,70.0124,0.0,1
real_baumgartner_cn_morpholine_alphos,target_gp_random_initial,91034,3,10,baumgartner_cn_morpholine_alphos_001;baumgartner_cn_morpholine_alphos_004;baumgartner_cn_morpholine_alphos_015,,72.5938,52.69631,0.0,1
real_baumgartner_cn_morpholine_alphos,target_gp_random_initial,91035,3,10,baumgartner_cn_morpholine_alphos_019;baumgartner_cn_morpholine_alphos_024;baumgartner_cn_morpholine_alphos_003,,72.5938,72.5938,0.0,1
real_baumgartner_cn_morpholine_alphos,target_gp_random_initial,91036,3,10,baumgartner_cn_morpholine_alphos_024;baumgartner_cn_morpholine_alphos_009;baumgartner_cn_morpholine_alphos_016,,72.5938,72.5938,0.0,1
real_baumgartner_cn_morpholine_alphos,target_gp_random_initial,91037,3,10,baumgartner_cn_morpholine_alphos_019;baumgartner_cn_morpholine_alphos_003;baumgartner_cn_morpholine_alphos_015,,72.5938,64.40725,0.0,1
real_baumgartner_cn_morpholine_alphos,target_gp_random_initial,91038,3,10,baumgartner_cn_morpholine_alphos_016;baumgartner_cn_morpholine_alphos_008;baumgartner_cn_morpholine_alphos_006,,72.5938,72.18641,0.0,1
real_baumgartner_cn_morpholine_alphos,target_gp_random_initial,91039,3,10,baumgartner_cn_morpholine_alphos_019;baumgartner_cn_morpholine_alphos_011;baumgartner_cn_morpholine_alphos_013,,68.5199,56.62372,4.0739,1
real_baumgartner_cn_morpholine_alphos,target_gp_random_initial,91040,3,10,baumgartner_cn_morpholine_alphos_023;baumgartner_cn_morpholine_alphos_008;baumgartner_cn_morpholine_alphos_011,,72.5938,65.77357,0.0,1
real_baumgartner_cn_morpholine_alphos,target_gp_random_initial,91041,3,10,baumgartner_cn_morpholine_alphos_013;baumgartner_cn_morpholine_alphos_022;baumgartner_cn_morpholine_alphos_016,,72.5938,72.5938,0.0,1
real_baumgartner_cn_morpholine_alphos,target_gp_random_initial,91042,3,10,baumgartner_cn_morpholine_alphos_019;baumgartner_cn_morpholine_alphos_018;baumgartner_cn_morpholine_alphos_014,,72.5938,67.4806,0.0,1
real_baumgartner_cn_morpholine_alphos,target_gp_random_initial,91043,3,10,baumgartner_cn_morpholine_alphos_002;baumgartner_cn_morpholine_alphos_018;baumgartner_cn_morpholine_alphos_021,,72.5938,67.13649,0.0,1
real_baumgartner_cn_morpholine_alphos,target_gp_random_initial,91044,3,10,baumgartner_cn_morpholine_alphos_016;baumgartner_cn_morpholine_alphos_002;baumgartner_cn_morpholine_alphos_018,,72.5938,69.58508,0.0,1
real_baumgartner_cn_morpholine_alphos,target_gp_random_initial,91045,3,10,baumgartner_cn_morpholine_alphos_022;baumgartner_cn_morpholine_alphos_024;baumgartner_cn_morpholine_alphos_009,,72.5938,72.5938,0.0,1
real_baumgartner_cn_morpholine_alphos,target_gp_random_initial,91046,3,10,baumgartner_cn_morpholine_alphos_020;baumgartner_cn_morpholine_alphos_021;baumgartner_cn_morpholine_alphos_025,,72.5938,68.92729,0.0,1
real_baumgartner_cn_morpholine_alphos,target_gp_random_initial,91047,3,10,baumgartner_cn_morpholine_alphos_002;baumgartner_cn_morpholine_alphos_012;baumgartner_cn_morpholine_alphos_005,,68.5199,55.03735,4.0739,1
real_baumgartner_cn_morpholine_alphos,target_gp_random_initial,91048,3,10,baumgartner_cn_morpholine_alphos_016;baumgartner_cn_morpholine_alphos_015;baumgartner_cn_morpholine_alphos_020,,72.5938,72.5938,0.0,1
real_baumgartner_cn_morpholine_alphos,target_gp_random_initial,91049,3,10,baumgartner_cn_morpholine_alphos_023;baumgartner_cn_morpholine_alphos_014;baumgartner_cn_morpholine_alphos_001,,72.5938,70.8627,0.0,1
real_baumgartner_cn_morpholine_alphos,target_gp_random_initial,91050,3,10,baumgartner_cn_morpholine_alphos_006;baumgartner_cn_morpholine_alphos_011;baumgartner_cn_morpholine_alphos_023,,72.5938,66.575,0.0,1
real_baumgartner_cn_morpholine_alphos,target_gp_random_initial,91051,3,10,baumgartner_cn_morpholine_alphos_018;baumgartner_cn_morpholine_alphos_014;baumgartner_cn_morpholine_alphos_022,,72.5938,72.5938,0.0,1
real_baumgartner_cn_morpholine_alphos,target_gp_random_initial,91052,3,10,baumgartner_cn_morpholine_alphos_016;baumgartner_cn_morpholine_alphos_015;baumgartner_cn_morpholine_alphos_000,,68.5199,58.64307,4.0739,1
real_baumgartner_cn_morpholine_alphos,target_gp_random_initial,91053,3,10,baumgartner_cn_morpholine_alphos_008;baumgartner_cn_morpholine_alphos_021;baumgartner_cn_morpholine_alphos_022,,72.5938,65.81362,0.0,1
real_baumgartner_cn_morpholine_alphos,target_gp_random_initial,91054,3,10,baumgartner_cn_morpholine_alphos_005;baumgartner_cn_morpholine_alphos_004;baumgartner_cn_morpholine_alphos_003,,72.5938,51.48134,0.0,1
real_baumgartner_cn_morpholine_alphos,target_gp_random_initial,91055,3,10,baumgartner_cn_morpholine_alphos_009;baumgartner_cn_morpholine_alphos_006;baumgartner_cn_morpholine_alphos_021,,72.5938,65.95353,0.0,1
real_baumgartner_cn_morpholine_alphos,target_gp_random_initial,91056,3,10,baumgartner_cn_morpholine_alphos_009;baumgartner_cn_morpholine_alphos_020;baumgartner_cn_morpholine_alphos_014,,72.5938,72.5938,0.0,1
real_baumgartner_cn_morpholine_alphos,target_gp_random_initial,91057,3,10,baumgartner_cn_morpholine_alphos_016;baumgartner_cn_morpholine_alphos_024;baumgartner_cn_morpholine_alphos_002,,72.5938,72.5938,0.0,1
real_baumgartner_cn_morpholine_alphos,target_gp_random_initial,91058,3,10,baumgartner_cn_morpholine_alphos_020;baumgartner_cn_morpholine_alphos_001;baumgartner_cn_morpholine_alphos_008,,72.5938,66.13226,0.0,1
real_baumgartner_cn_morpholine_alphos,target_gp_random_initial,91059,3,10,baumgartner_cn_morpholine_alphos_015;baumgartner_cn_morpholine_alphos_004;baumgartner_cn_morpholine_alphos_005,,68.5199,54.84125,4.0739,1
real_baumgartner_cn_morpholine_alphos,target_gp_random_initial,91060,3,10,baumgartner_cn_morpholine_alphos_008;baumgartner_cn_morpholine_alphos_012;baumgartner_cn_morpholine_alphos_023,,68.5199,64.43651,4.0739,1
real_baumgartner_cn_morpholine_alphos,target_gp_random_initial,91061,3,10,baumgartner_cn_morpholine_alphos_021;baumgartner_cn_morpholine_alphos_023;baumgartner_cn_morpholine_alphos_013,,72.5938,66.575,0.0,1
real_baumgartner_cn_morpholine_alphos,target_gp_random_initial,91062,3,10,baumgartner_cn_morpholine_alphos_009;baumgartner_cn_morpholine_alphos_004;baumgartner_cn_morpholine_alphos_015,,72.5938,64.12681,0.0,1
real_baumgartner_cn_morpholine_alphos,target_gp_random_initial,91063,3,10,baumgartner_cn_morpholine_alphos_012;baumgartner_cn_morpholine_alphos_019;baumgartner_cn_morpholine_alphos_011,,68.5199,56.6023,4.0739,1
real_baumgartner_cn_morpholine_alphos,target_gp_random_initial,91064,3,10,baumgartner_cn_morpholine_alphos_023;baumgartner_cn_morpholine_alphos_003;baumgartner_cn_morpholine_alphos_021,,72.5938,66.575,0.0,1
real_baumgartner_cn_morpholine_alphos,target_gp_random_initial,91065,3,10,baumgartner_cn_morpholine_alphos_006;baumgartner_cn_morpholine_alphos_000;baumgartner_cn_morpholine_alphos_001,,72.5938,65.66438,0.0,1
real_baumgartner_cn_morpholine_alphos,target_gp_random_initial,91066,3,10,baumgartner_cn_morpholine_alphos_025;baumgartner_cn_morpholine_alphos_022;baumgartner_cn_morpholine_alphos_001,,72.5938,69.33468,0.0,1
real_baumgartner_cn_morpholine_alphos,target_gp_random_initial,91067,3,10,baumgartner_cn_morpholine_alphos_024;baumgartner_cn_morpholine_alphos_005;baumgartner_cn_morpholine_alphos_000,,72.5938,72.5938,0.0,1
real_baumgartner_cn_morpholine_alphos,target_gp_random_initial,91068,3,10,baumgartner_cn_morpholine_alphos_008;baumgartner_cn_morpholine_alphos_019;baumgartner_cn_morpholine_alphos_015,,72.5938,66.66582,0.0,1
real_baumgartner_cn_morpholine_alphos,target_gp_random_initial,91069,3,10,baumgartner_cn_morpholine_alphos_011;baumgartner_cn_morpholine_alphos_018;baumgartner_cn_morpholine_alphos_002,,72.5938,64.86534,0.0,1
real_baumgartner_cn_morpholine_alphos,target_gp_random_initial,91070,3,10,baumgartner_cn_morpholine_alphos_013;baumgartner_cn_morpholine_alphos_019;baumgartner_cn_morpholine_alphos_003,,72.5938,59.37586,0.0,1
real_baumgartner_cn_morpholine_alphos,target_gp_random_initial,91071,3,10,baumgartner_cn_morpholine_alphos_017;baumgartner_cn_morpholine_alphos_013;baumgartner_cn_morpholine_alphos_000,,72.5938,66.73335,0.0,1
real_baumgartner_cn_morpholine_alphos,target_gp_random_initial,91072,3,10,baumgartner_cn_morpholine_alphos_006;baumgartner_cn_morpholine_alphos_018;baumgartner_cn_morpholine_alphos_001,,72.5938,67.83839,0.0,1
real_baumgartner_cn_morpholine_alphos,target_gp_random_initial,91073,3,10,baumgartner_cn_morpholine_alphos_004;baumgartner_cn_morpholine_alphos_001;baumgartner_cn_morpholine_alphos_003,,72.5938,61.31785,0.0,1
real_baumgartner_cn_morpholine_alphos,target_gp_random_initial,91074,3,10,baumgartner_cn_morpholine_alphos_001;baumgartner_cn_morpholine_alphos_020;baumgartner_cn_morpholine_alphos_008,,72.5938,66.13226,0.0,1
real_baumgartner_cn_morpholine_alphos,target_gp_random_initial,91075,3,10,baumgartner_cn_morpholine_alphos_003;baumgartner_cn_morpholine_alphos_004;baumgartner_cn_morpholine_alphos_007,,72.5938,60.59912,0.0,1
real_baumgartner_cn_morpholine_alphos,target_gp_random_initial,91076,3,10,baumgartner_cn_morpholine_alphos_013;baumgartner_cn_morpholine_alphos_012;baumgartner_cn_morpholine_alphos_025,,72.5938,68.92729,0.0,1
real_baumgartner_cn_morpholine_alphos,target_gp_random_initial,91077,3,10,baumgartner_cn_morpholine_alphos_002;baumgartner_cn_morpholine_alphos_023;baumgartner_cn_morpholine_alphos_012,,72.5938,66.575,0.0,1
real_baumgartner_cn_morpholine_alphos,target_gp_random_initial,91078,3,10,baumgartner_cn_morpholine_alphos_009;baumgartner_cn_morpholine_alphos_023;baumgartner_cn_morpholine_alphos_022,,72.5938,66.6284,0.0,1
real_baumgartner_cn_morpholine_alphos,target_gp_random_initial,91079,3,10,baumgartner_cn_morpholine_alphos_018;baumgartner_cn_morpholine_alphos_006;baumgartner_cn_morpholine_alphos_012,,72.5938,67.83839,0.0,1
real_baumgartner_cn_morpholine_alphos,target_gp_random_initial,91080,3,10,baumgartner_cn_morpholine_alphos_001;baumgartner_cn_morpholine_alphos_014;baumgartner_cn_morpholine_alphos_011,,72.5938,72.5938,0.0,1
real_baumgartner_cn_morpholine_alphos,target_gp_random_initial,91081,3,10,baumgartner_cn_morpholine_alphos_005;baumgartner_cn_morpholine_alphos_002;baumgartner_cn_morpholine_alphos_025,,72.5938,72.5938,0.0,1
real_baumgartner_cn_morpholine_alphos,target_gp_random_initial,91082,3,10,baumgartner_cn_morpholine_alphos_008;baumgartner_cn_morpholine_alphos_025;baumgartner_cn_morpholine_alphos_022,,68.5199,68.5199,4.0739,1
real_baumgartner_cn_morpholine_alphos,target_gp_random_initial,91083,3,10,baumgartner_cn_morpholine_alphos_019;baumgartner_cn_morpholine_alphos_015;baumgartner_cn_morpholine_alphos_016,,72.5938,66.73335,0.0,1
real_baumgartner_cn_morpholine_alphos,target_gp_random_initial,91084,3,10,baumgartner_cn_morpholine_alphos_012;baumgartner_cn_morpholine_alphos_015;baumgartner_cn_morpholine_alphos_005,,72.5938,65.25699,0.0,1
real_baumgartner_cn_morpholine_alphos,target_gp_random_initial,91085,3,10,baumgartner_cn_morpholine_alphos_009;baumgartner_cn_morpholine_alphos_015;baumgartner_cn_morpholine_alphos_012,,68.5199,62.01502,4.0739,1
real_baumgartner_cn_morpholine_alphos,target_gp_random_initial,91086,3,10,baumgartner_cn_morpholine_alphos_003;baumgartner_cn_morpholine_alphos_014;baumgartner_cn_morpholine_alphos_012,,68.5199,46.57754,4.0739,1
real_baumgartner_cn_morpholine_alphos,target_gp_random_initial,91087,3,10,baumgartner_cn_morpholine_alphos_003;baumgartner_cn_morpholine_alphos_019;baumgartner_cn_morpholine_alphos_016,,72.5938,64.40725,0.0,1
real_baumgartner_cn_morpholine_alphos,target_gp_random_initial,91088,3,10,baumgartner_cn_morpholine_alphos_009;baumgartner_cn_morpholine_alphos_016;baumgartner_cn_morpholine_alphos_001,,72.5938,68.72691,0.0,1
real_baumgartner_cn_morpholine_alphos,target_gp_random_initial,91089,3,10,baumgartner_cn_morpholine_alphos_002;baumgartner_cn_morpholine_alphos_023;baumgartner_cn_morpholine_alphos_014,,72.5938,66.575,0.0,1
real_baumgartner_cn_morpholine_alphos,target_gp_random_initial,91090,3,10,baumgartner_cn_morpholine_alphos_016;baumgartner_cn_morpholine_alphos_004;baumgartner_cn_morpholine_alphos_014,,72.5938,53.63786,0.0,1
real_baumgartner_cn_morpholine_alphos,target_gp_random_initial,91091,3,10,baumgartner_cn_morpholine_alphos_020;baumgartner_cn_morpholine_alphos_015;baumgartner_cn_morpholine_alphos_019,,72.5938,67.4539,0.0,1
real_baumgartner_cn_morpholine_alphos,target_gp_random_initial,91092,3,10,baumgartner_cn_morpholine_alphos_014;baumgartner_cn_morpholine_alphos_025;baumgartner_cn_morpholine_alphos_006,,72.5938,72.18641,0.0,1
real_baumgartner_cn_morpholine_alphos,target_gp_random_initial,91093,3,10,baumgartner_cn_morpholine_alphos_006;baumgartner_cn_morpholine_alphos_023;baumgartner_cn_morpholine_alphos_007,,72.5938,65.6961,0.0,1
real_baumgartner_cn_morpholine_alphos,target_gp_random_initial,91094,3,10,baumgartner_cn_morpholine_alphos_020;baumgartner_cn_morpholine_alphos_001;baumgartner_cn_morpholine_alphos_014,,72.5938,66.13226,0.0,1
real_baumgartner_cn_morpholine_alphos,target_gp_random_initial,91095,3,10,baumgartner_cn_morpholine_alphos_013;baumgartner_cn_morpholine_alphos_017;baumgartner_cn_morpholine_alphos_012,,72.5938,69.14027,0.0,1
real_baumgartner_cn_morpholine_alphos,target_gp_random_initial,91096,3,10,baumgartner_cn_morpholine_alphos_022;baumgartner_cn_morpholine_alphos_003;baumgartner_cn_morpholine_alphos_010,,72.5938,66.6284,0.0,1
real_baumgartner_cn_morpholine_alphos,target_gp_random_initial,91097,3,10,baumgartner_cn_morpholine_alphos_003;baumgartner_cn_morpholine_alphos_025;baumgartner_cn_morpholine_alphos_021,,68.5199,68.5199,4.0739,1
real_baumgartner_cn_morpholine_alphos,target_gp_random_initial,91098,3,10,baumgartner_cn_morpholine_alphos_003;baumgartner_cn_morpholine_alphos_012;baumgartner_cn_morpholine_alphos_008,,72.5938,57.453,0.0,1
real_baumgartner_cn_morpholine_alphos,target_gp_random_initial,91099,3,10,baumgartner_cn_morpholine_alphos_010;baumgartner_cn_morpholine_alphos_009;baumgartner_cn_morpholine_alphos_005,,72.5938,58.84167,0.0,1
real_baumgartner_cn_morpholine_alphos,target_gp_space_filling,-1,3,10,baumgartner_cn_morpholine_alphos_001;baumgartner_cn_morpholine_alphos_017;baumgartner_cn_morpholine_alphos_011,,72.5938,61.4873,0.0,1
real_baumgartner_cn_morpholine_alphos,multisource_diverse_warmstart,-1,3,10,baumgartner_cn_morpholine_alphos_001;baumgartner_cn_morpholine_alphos_017;baumgartner_cn_morpholine_alphos_013,real_baumgartner_cn_aniline_alphos;real_baumgartner_cn_benzamide_alphos,72.5938,66.98375,0.0,1
real_baumgartner_cn_morpholine_alphos,development_selected_route,-1,3,10,baumgartner_cn_morpholine_alphos_001;baumgartner_cn_morpholine_alphos_017;baumgartner_cn_morpholine_alphos_013,real_baumgartner_cn_aniline_alphos;real_baumgartner_cn_benzamide_alphos,72.5938,66.98375,0.0,1
real_baumgartner_cn_morpholine_tbubrettphos_preliminary,target_gp_random_initial,91000,3,10,baumgartner_cn_morpholine_tbubrettphos_preliminary_005;baumgartner_cn_morpholine_tbubrettphos_preliminary_008;baumgartner_cn_morpholine_tbubrettphos_preliminary_004,,11.9909,9.54679,0.0,1
real_baumgartner_cn_morpholine_tbubrettphos_preliminary,target_gp_random_initial,91001,3,10,baumgartner_cn_morpholine_tbubrettphos_preliminary_007;baumgartner_cn_morpholine_tbubrettphos_preliminary_004;baumgartner_cn_morpholine_tbubrettphos_preliminary_005,,11.9909,9.1179,0.0,1
real_baumgartner_cn_morpholine_tbubrettphos_preliminary,target_gp_random_initial,91002,3,10,baumgartner_cn_morpholine_tbubrettphos_preliminary_008;baumgartner_cn_morpholine_tbubrettphos_preliminary_002;baumgartner_cn_morpholine_tbubrettphos_preliminary_007,,11.9909,11.60643,0.0,1
real_baumgartner_cn_morpholine_tbubrettphos_preliminary,target_gp_random_initial,91003,3,10,baumgartner_cn_morpholine_tbubrettphos_preliminary_002;baumgartner_cn_morpholine_tbubrettphos_preliminary_008;baumgartner_cn_morpholine_tbubrettphos_preliminary_010,,11.9909,11.9909,0.0,1
real_baumgartner_cn_morpholine_tbubrettphos_preliminary,target_gp_random_initial,91004,3,10,baumgartner_cn_morpholine_tbubrettphos_preliminary_004;baumgartner_cn_morpholine_tbubrettphos_preliminary_003;baumgartner_cn_morpholine_tbubrettphos_preliminary_010,,11.9909,10.527,0.0,1
real_baumgartner_cn_morpholine_tbubrettphos_preliminary,target_gp_random_initial,91005,3,10,baumgartner_cn_morpholine_tbubrettphos_preliminary_004;baumgartner_cn_morpholine_tbubrettphos_preliminary_003;baumgartner_cn_morpholine_tbubrettphos_preliminary_009,,11.9909,8.26312,0.0,1
real_baumgartner_cn_morpholine_tbubrettphos_preliminary,target_gp_random_initial,91006,3,10,baumgartner_cn_morpholine_tbubrettphos_preliminary_003;baumgartner_cn_morpholine_tbubrettphos_preliminary_006;baumgartner_cn_morpholine_tbubrettphos_preliminary_002,,11.9909,11.60643,0.0,1
real_baumgartner_cn_morpholine_tbubrettphos_preliminary,target_gp_random_initial,91007,3,10,baumgartner_cn_morpholine_tbubrettphos_preliminary_005;baumgartner_cn_morpholine_tbubrettphos_preliminary_010;baumgartner_cn_morpholine_tbubrettphos_preliminary_004,,11.9909,11.25895,0.0,1
real_baumgartner_cn_morpholine_tbubrettphos_preliminary,target_gp_random_initial,91008,3,10,baumgartner_cn_morpholine_tbubrettphos_preliminary_000;baumgartner_cn_morpholine_tbubrettphos_preliminary_002;baumgartner_cn_morpholine_tbubrettphos_preliminary_008,,11.9909,11.9909,0.0,1
real_baumgartner_cn_morpholine_tbubrettphos_preliminary,target_gp_random_initial,91009,3,10,baumgartner_cn_morpholine_tbubrettphos_preliminary_001;baumgartner_cn_morpholine_tbubrettphos_preliminary_008;baumgartner_cn_morpholine_tbubrettphos_preliminary_004,,11.9909,9.56943,0.0,1
real_baumgartner_cn_morpholine_tbubrettphos_preliminary,target_gp_random_initial,91010,3,10,baumgartner_cn_morpholine_tbubrettphos_preliminary_010;baumgartner_cn_morpholine_tbubrettphos_preliminary_006;baumgartner_cn_morpholine_tbubrettphos_preliminary_002,,11.9909,11.60643,0.0,1
real_baumgartner_cn_morpholine_tbubrettphos_preliminary,target_gp_random_initial,91011,3,10,baumgartner_cn_morpholine_tbubrettphos_preliminary_009;baumgartner_cn_morpholine_tbubrettphos_preliminary_010;baumgartner_cn_morpholine_tbubrettphos_preliminary_003,,11.9909,9.45221,0.0,1
real_baumgartner_cn_morpholine_tbubrettphos_preliminary,target_gp_random_initial,91012,3,10,baumgartner_cn_morpholine_tbubrettphos_preliminary_009;baumgartner_cn_morpholine_tbubrettphos_preliminary_010;baumgartner_cn_morpholine_tbubrettphos_preliminary_006,,11.9909,9.45221,0.0,1
real_baumgartner_cn_morpholine_tbubrettphos_preliminary,target_gp_random_initial,91013,3,10,baumgartner_cn_morpholine_tbubrettphos_preliminary_001;baumgartner_cn_morpholine_tbubrettphos_preliminary_002;baumgartner_cn_morpholine_tbubrettphos_preliminary_010,,11.9909,11.9909,0.0,1
real_baumgartner_cn_morpholine_tbubrettphos_preliminary,target_gp_random_initial,91014,3,10,baumgartner_cn_morpholine_tbubrettphos_preliminary_009;baumgartner_cn_morpholine_tbubrettphos_preliminary_002;baumgartner_cn_morpholine_tbubrettphos_preliminary_003,,11.9909,10.45302,0.0,1
real_baumgartner_cn_morpholine_tbubrettphos_preliminary,target_gp_random_initial,91015,3,10,baumgartner_cn_morpholine_tbubrettphos_preliminary_010;baumgartner_cn_morpholine_tbubrettphos_preliminary_003;baumgartner_cn_morpholine_tbubrettphos_preliminary_005,,11.9909,11.25895,0.0,1
real_baumgartner_cn_morpholine_tbubrettphos_preliminary,target_gp_random_initial,91016,3,10,baumgartner_cn_morpholine_tbubrettphos_preliminary_001;baumgartner_cn_morpholine_tbubrettphos_preliminary_006;baumgartner_cn_morpholine_tbubrettphos_preliminary_010,,11.9909,8.89043,0.0,1
real_baumgartner_cn_morpholine_tbubrettphos_preliminary,target_gp_random_initial,91017,3,10,baumgartner_cn_morpholine_tbubrettphos_preliminary_002;baumgartner_cn_morpholine_tbubrettphos_preliminary_000;baumgartner_cn_morpholine_tbubrettphos_preliminary_008,,11.9909,11.9909,0.0,1
real_baumgartner_cn_morpholine_tbubrettphos_preliminary,target_gp_random_initial,91018,3,10,baumgartner_cn_morpholine_tbubrettphos_preliminary_003;baumgartner_cn_morpholine_tbubrettphos_preliminary_000;baumgartner_cn_morpholine_tbubrettphos_preliminary_006,,11.9909,11.9909,0.0,1
real_baumgartner_cn_morpholine_tbubrettphos_preliminary,target_gp_random_initial,91019,3,10,baumgartner_cn_morpholine_tbubrettphos_preliminary_002;baumgartner_cn_morpholine_tbubrettphos_preliminary_010;baumgartner_cn_morpholine_tbubrettphos_preliminary_003,,11.9909,11.60643,0.0,1
real_baumgartner_cn_morpholine_tbubrettphos_preliminary,target_gp_random_initial,91020,3,10,baumgartner_cn_morpholine_tbubrettphos_preliminary_000;baumgartner_cn_morpholine_tbubrettphos_preliminary_002;baumgartner_cn_morpholine_tbubrettphos_preliminary_008,,11.9909,11.9909,0.0,1
real_baumgartner_cn_morpholine_tbubrettphos_preliminary,target_gp_random_initial,91021,3,10,baumgartner_cn_morpholine_tbubrettphos_preliminary_004;baumgartner_cn_morpholine_tbubrettphos_preliminary_010;baumgartner_cn_morpholine_tbubrettphos_preliminary_002,,11.9909,11.60643,0.0,1
real_baumgartner_cn_morpholine_tbubrettphos_preliminary,target_gp_random_initial,91022,3,10,baumgartner_cn_morpholine_tbubrettphos_preliminary_005;baumgartner_cn_morpholine_tbubrettphos_preliminary_009;baumgartner_cn_morpholine_tbubrettphos_preliminary_004,,11.9909,9.1179,0.0,1
real_baumgartner_cn_morpholine_tbubrettphos_preliminary,target_gp_random_initial,91023,3,10,baumgartner_cn_morpholine_tbubrettphos_preliminary_002;baumgartner_cn_morpholine_tbubrettphos_preliminary_006;baumgartner_cn_morpholine_tbubrettphos_preliminary_010,,11.9909,11.60643,0.0,1
real_baumgartner_cn_morpholine_tbubrettphos_preliminary,target_gp_random_initial,91024,3,10,baumgartner_cn_morpholine_tbubrettphos_preliminary_000;baumgartner_cn_morpholine_tbubrettphos_preliminary_010;baumgartner_cn_morpholine_tbubrettphos_preliminary_001,,11.9909,11.9909,0.0,1
real_baumgartner_cn_morpholine_tbubrettphos_preliminary,target_gp_random_initial,91025,3,10,baumgartner_cn_morpholine_tbubrettphos_preliminary_001;baumgartner_cn_morpholine_tbubrettphos_preliminary_004;baumgartner_cn_morpholine_tbubrettphos_preliminary_003,,11.9909,10.6329,0.0,1
real_baumgartner_cn_morpholine_tbubrettphos_preliminary,target_gp_random_initial,91026,3,10,baumgartner_cn_morpholine_tbubrettphos_preliminary_007;baumgartner_cn_morpholine_tbubrettphos_preliminary_003;baumgartner_cn_morpholine_tbubrettphos_preliminary_000,,11.9909,11.9909,0.0,1
real_baumgartner_cn_morpholine_tbubrettphos_preliminary,target_gp_random_initial,91027,3,10,baumgartner_cn_morpholine_tbubrettphos_preliminary_008;baumgartner_cn_morpholine_tbubrettphos_preliminary_003;baumgartner_cn_morpholine_tbubrettphos_preliminary_009,,11.9909,9.53547,0.0,1
real_baumgartner_cn_morpholine_tbubrettphos_preliminary,target_gp_random_initial,91028,3,10,baumgartner_cn_morpholine_tbubrettphos_preliminary_002;baumgartner_cn_morpholine_tbubrettphos_preliminary_001;baumgartner_cn_morpholine_tbubrettphos_preliminary_009,,11.9909,10.45302,0.0,1
real_baumgartner_cn_morpholine_tbubrettphos_preliminary,target_gp_random_initial,91029,3,10,baumgartner_cn_morpholine_tbubrettphos_preliminary_006;baumgartner_cn_morpholine_tbubrettphos_preliminary_010;baumgartner_cn_morpholine_tbubrettphos_preliminary_008,,11.9909,9.53547,0.0,1
real_baumgartner_cn_morpholine_tbubrettphos_preliminary,target_gp_random_initial,91030,3,10,baumgartner_cn_morpholine_tbubrettphos_preliminary_006;baumgartner_cn_morpholine_tbubrettphos_preliminary_004;baumgartner_cn_morpholine_tbubrettphos_preliminary_010,,11.9909,11.25895,0.0,1
real_baumgartner_cn_morpholine_tbubrettphos_preliminary,target_gp_random_initial,91031,3,10,baumgartner_cn_morpholine_tbubrettphos_preliminary_000;baumgartner_cn_morpholine_tbubrettphos_preliminary_006;baumgartner_cn_morpholine_tbubrettphos_preliminary_005,,11.9909,11.9909,0.0,1
real_baumgartner_cn_morpholine_tbubrettphos_preliminary,target_gp_random_initial,91032,3,10,baumgartner_cn_morpholine_tbubrettphos_preliminary_001;baumgartner_cn_morpholine_tbubrettphos_preliminary_002;baumgartner_cn_morpholine_tbubrettphos_preliminary_009,,11.9909,10.45302,0.0,1
real_baumgartner_cn_morpholine_tbubrettphos_preliminary,target_gp_random_initial,91033,3,10,baumgartner_cn_morpholine_tbubrettphos_preliminary_010;baumgartner_cn_morpholine_tbubrettphos_preliminary_005;baumgartner_cn_morpholine_tbubrettphos_preliminary_007,,11.9909,11.25895,0.0,1
real_baumgartner_cn_morpholine_tbubrettphos_preliminary,target_gp_random_initial,91034,3,10,baumgartner_cn_morpholine_tbubrettphos_preliminary_004;baumgartner_cn_morpholine_tbubrettphos_preliminary_009;baumgartner_cn_morpholine_tbubrettphos_preliminary_007,,11.9909,9.45221,0.0,1
real_baumgartner_cn_morpholine_tbubrettphos_preliminary,target_gp_random_initial,91035,3,10,baumgartner_cn_morpholine_tbubrettphos_preliminary_004;baumgartner_cn_morpholine_tbubrettphos_preliminary_000;baumgartner_cn_morpholine_tbubrettphos_preliminary_009,,11.9909,11.9909,0.0,1
real_baumgartner_cn_morpholine_tbubrettphos_preliminary,target_gp_random_initial,91036,3,10,baumgartner_cn_morpholine_tbubrettphos_preliminary_001;baumgartner_cn_morpholine_tbubrettphos_preliminary_007;baumgartner_cn_morpholine_tbubrettphos_preliminary_010,,11.9909,11.60643,0.0,1
real_baumgartner_cn_morpholine_tbubrettphos_preliminary,target_gp_random_initial,91037,3,10,baumgartner_cn_morpholine_tbubrettphos_preliminary_007;baumgartner_cn_morpholine_tbubrettphos_preliminary_001;baumgartner_cn_morpholine_tbubrettphos_preliminary_003,,11.9909,11.3119,0.0,1
real_baumgartner_cn_morpholine_tbubrettphos_preliminary,target_gp_random_initial,91038,3,10,baumgartner_cn_morpholine_tbubrettphos_preliminary_007;baumgartner_cn_morpholine_tbubrettphos_preliminary_002;baumgartner_cn_morpholine_tbubrettphos_preliminary_003,,11.9909,11.60643,0.0,1
real_baumgartner_cn_morpholine_tbubrettphos_preliminary,target_gp_random_initial,91039,3,10,baumgartner_cn_morpholine_tbubrettphos_preliminary_010;baumgartner_cn_morpholine_tbubrettphos_preliminary_002;baumgartner_cn_morpholine_tbubrettphos_preliminary_000,,11.9909,11.9909,0.0,1
real_baumgartner_cn_morpholine_tbubrettphos_preliminary,target_gp_random_initial,91040,3,10,baumgartner_cn_morpholine_tbubrettphos_preliminary_006;baumgartner_cn_morpholine_tbubrettphos_preliminary_000;baumgartner_cn_morpholine_tbubrettphos_preliminary_007,,11.9909,11.9909,0.0,1
real_baumgartner_cn_morpholine_tbubrettphos_preliminary,target_gp_random_initial,91041,3,10,baumgartner_cn_morpholine_tbubrettphos_preliminary_010;baumgartner_cn_morpholine_tbubrettphos_preliminary_008;baumgartner_cn_morpholine_tbubrettphos_preliminary_007,,11.9909,11.60643,0.0,1
real_baumgartner_cn_morpholine_tbubrettphos_preliminary,target_gp_random_initial,91042,3,10,baumgartner_cn_morpholine_tbubrettphos_preliminary_004;baumgartner_cn_morpholine_tbubrettphos_preliminary_005;baumgartner_cn_morpholine_tbubrettphos_preliminary_009,,11.9909,9.1179,0.0,1
real_baumgartner_cn_morpholine_tbubrettphos_preliminary,target_gp_random_initial,91043,3,10,baumgartner_cn_morpholine_tbubrettphos_preliminary_000;baumgartner_cn_morpholine_tbubrettphos_preliminary_007;baumgartner_cn_morpholine_tbubrettphos_preliminary_006,,11.9909,11.9909,0.0,1
real_baumgartner_cn_morpholine_tbubrettphos_preliminary,target_gp_random_initial,91044,3,10,baumgartner_cn_morpholine_tbubrettphos_preliminary_000;baumgartner_cn_morpholine_tbubrettphos_preliminary_005;baumgartner_cn_morpholine_tbubrettphos_preliminary_009,,11.9909,11.9909,0.0,1
real_baumgartner_cn_morpholine_tbubrettphos_preliminary,target_gp_random_initial,91045,3,10,baumgartner_cn_morpholine_tbubrettphos_preliminary_009;baumgartner_cn_morpholine_tbubrettphos_preliminary_004;baumgartner_cn_morpholine_tbubrettphos_preliminary_005,,11.9909,9.1179,0.0,1
real_baumgartner_cn_morpholine_tbubrettphos_preliminary,target_gp_random_initial,91046,3,10,baumgartner_cn_morpholine_tbubrettphos_preliminary_000;baumgartner_cn_morpholine_tbubrettphos_preliminary_002;baumgartner_cn_morpholine_tbubrettphos_preliminary_010,,11.9909,11.9909,0.0,1
real_baumgartner_cn_morpholine_tbubrettphos_preliminary,target_gp_random_initial,91047,3,10,baumgartner_cn_morpholine_tbubrettphos_preliminary_004;baumgartner_cn_morpholine_tbubrettphos_preliminary_002;baumgartner_cn_morpholine_tbubrettphos_preliminary_005,,11.9909,11.9909,0.0,1
real_baumgartner_cn_morpholine_tbubrettphos_preliminary,target_gp_random_initial,91048,3,10,baumgartner_cn_morpholine_tbubrettphos_preliminary_003;baumgartner_cn_morpholine_tbubrettphos_preliminary_004;baumgartner_cn_morpholine_tbubrettphos_preliminary_009,,11.9909,8.26312,0.0,1
real_baumgartner_cn_morpholine_tbubrettphos_preliminary,target_gp_random_initial,91049,3,10,baumgartner_cn_morpholine_tbubrettphos_preliminary_000;baumgartner_cn_morpholine_tbubrettphos_preliminary_008;baumgartner_cn_morpholine_tbubrettphos_preliminary_001,,11.9909,11.9909,0.0,1
real_baumgartner_cn_morpholine_tbubrettphos_preliminary,target_gp_random_initial,91050,3,10,baumgartner_cn_morpholine_tbubrettphos_preliminary_009;baumgartner_cn_morpholine_tbubrettphos_preliminary_010;baumgartner_cn_morpholine_tbubrettphos_preliminary_000,,11.9909,11.9909,0.0,1
real_baumgartner_cn_morpholine_tbubrettphos_preliminary,target_gp_random_initial,91051,3,10,baumgartner_cn_morpholine_tbubrettphos_preliminary_004;baumgartner_cn_morpholine_tbubrettphos_preliminary_006;baumgartner_cn_morpholine_tbubrettphos_preliminary_005,,11.9909,9.1179,0.0,1
real_baumgartner_cn_morpholine_tbubrettphos_preliminary,target_gp_random_initial,91052,3,10,baumgartner_cn_morpholine_tbubrettphos_preliminary_009;baumgartner_cn_morpholine_tbubrettphos_preliminary_003;baumgartner_cn_morpholine_tbubrettphos_preliminary_002,,11.9909,10.45302,0.0,1
real_baumgartner_cn_morpholine_tbubrettphos_preliminary,target_gp_random_initial,91053,3,10,baumgartner_cn_morpholine_tbubrettphos_preliminary_006;baumgartner_cn_morpholine_tbubrettphos_preliminary_004;baumgartner_cn_morpholine_tbubrettphos_preliminary_009,,11.9909,9.45221,0.0,1
real_baumgartner_cn_morpholine_tbubrettphos_preliminary,target_gp_random_initial,91054,3,10,baumgartner_cn_morpholine_tbubrettphos_preliminary_002;baumgartner_cn_morpholine_tbubrettphos_preliminary_007;baumgartner_cn_morpholine_tbubrettphos_preliminary_009,,11.9909,10.45302,0.0,1
real_baumgartner_cn_morpholine_tbubrettphos_preliminary,target_gp_random_initial,91055,3,10,baumgartner_cn_morpholine_tbubrettphos_preliminary_004;baumgartner_cn_morpholine_tbubrettphos_preliminary_002;baumgartner_cn_morpholine_tbubrettphos_preliminary_005,,11.9909,11.9909,0.0,1
real_baumgartner_cn_morpholine_tbubrettphos_preliminary,target_gp_random_initial,91056,3,10,baumgartner_cn_morpholine_tbubrettphos_preliminary_007;baumgartner_cn_morpholine_tbubrettphos_preliminary_006;baumgartner_cn_morpholine_tbubrettphos_preliminary_010,,11.9909,11.25895,0.0,1
real_baumgartner_cn_morpholine_tbubrettphos_preliminary,target_gp_random_initial,91057,3,10,baumgartner_cn_morpholine_tbubrettphos_preliminary_004;baumgartner_cn_morpholine_tbubrettphos_preliminary_002;baumgartner_cn_morpholine_tbubrettphos_preliminary_000,,11.9909,11.9909,0.0,1
real_baumgartner_cn_morpholine_tbubrettphos_preliminary,target_gp_random_initial,91058,3,10,baumgartner_cn_morpholine_tbubrettphos_preliminary_002;baumgartner_cn_morpholine_tbubrettphos_preliminary_005;baumgartner_cn_morpholine_tbubrettphos_preliminary_001,,11.9909,11.9909,0.0,1
real_baumgartner_cn_morpholine_tbubrettphos_preliminary,target_gp_random_initial,91059,3,10,baumgartner_cn_morpholine_tbubrettphos_preliminary_003;baumgartner_cn_morpholine_tbubrettphos_preliminary_005;baumgartner_cn_morpholine_tbubrettphos_preliminary_008,,11.9909,9.54679,0.0,1
real_baumgartner_cn_morpholine_tbubrettphos_preliminary,target_gp_random_initial,91060,3,10,baumgartner_cn_morpholine_tbubrettphos_preliminary_006;baumgartner_cn_morpholine_tbubrettphos_preliminary_009;baumgartner_cn_morpholine_tbubrettphos_preliminary_002,,11.9909,10.45302,0.0,1
real_baumgartner_cn_morpholine_tbubrettphos_preliminary,target_gp_random_initial,91061,3,10,baumgartner_cn_morpholine_tbubrettphos_preliminary_001;baumgartner_cn_morpholine_tbubrettphos_preliminary_008;baumgartner_cn_morpholine_tbubrettphos_preliminary_006,,11.9909,9.56943,0.0,1
real_baumgartner_cn_morpholine_tbubrettphos_preliminary,target_gp_random_initial,91062,3,10,baumgartner_cn_morpholine_tbubrettphos_preliminary_006;baumgartner_cn_morpholine_tbubrettphos_preliminary_007;baumgartner_cn_morpholine_tbubrettphos_preliminary_005,,11.9909,7.98737,0.0,1
real_baumgartner_cn_morpholine_tbubrettphos_preliminary,target_gp_random_initial,91063,3,10,baumgartner_cn_morpholine_tbubrettphos_preliminary_008;baumgartner_cn_morpholine_tbubrettphos_preliminary_007;baumgartner_cn_morpholine_tbubrettphos_preliminary_000,,11.9909,11.9909,0.0,1
real_baumgartner_cn_morpholine_tbubrettphos_preliminary,target_gp_random_initial,91064,3,10,baumgartner_cn_morpholine_tbubrettphos_preliminary_010;baumgartner_cn_morpholine_tbubrettphos_preliminary_006;baumgartner_cn_morpholine_tbubrettphos_preliminary_003,,11.9909,11.25895,0.0,1
real_baumgartner_cn_morpholine_tbubrettphos_preliminary,target_gp_random_initial,91065,3,10,baumgartner_cn_morpholine_tbubrettphos_preliminary_002;baumgartner_cn_morpholine_tbubrettphos_preliminary_000;baumgartner_cn_morpholine_tbubrettphos_preliminary_008,,11.9909,11.9909,0.0,1
real_baumgartner_cn_morpholine_tbubrettphos_preliminary,target_gp_random_initial,91066,3,10,baumgartner_cn_morpholine_tbubrettphos_preliminary_008;baumgartner_cn_morpholine_tbubrettphos_preliminary_005;baumgartner_cn_morpholine_tbubrettphos_preliminary_003,,11.9909,9.54679,0.0,1
real_baumgartner_cn_morpholine_tbubrettphos_preliminary,target_gp_random_initial,91067,3,10,baumgartner_cn_morpholine_tbubrettphos_preliminary_006;baumgartner_cn_morpholine_tbubrettphos_preliminary_000;baumgartner_cn_morpholine_tbubrettphos_preliminary_001,,11.9909,11.9909,0.0,1
real_baumgartner_cn_morpholine_tbubrettphos_preliminary,target_gp_random_initial,91068,3,10,baumgartner_cn_morpholine_tbubrettphos_preliminary_001;baumgartner_cn_morpholine_tbubrettphos_preliminary_003;baumgartner_cn_morpholine_tbubrettphos_preliminary_004,,11.9909,10.6329,0.0,1
real_baumgartner_cn_morpholine_tbubrettphos_preliminary,target_gp_random_initial,91069,3,10,baumgartner_cn_morpholine_tbubrettphos_preliminary_005;baumgartner_cn_morpholine_tbubrettphos_preliminary_010;baumgartner_cn_morpholine_tbubrettphos_preliminary_008,,11.9909,9.53547,0.0,1
real_baumgartner_cn_morpholine_tbubrettphos_preliminary,target_gp_random_initial,91070,3,10,baumgartner_cn_morpholine_tbubrettphos_preliminary_003;baumgartner_cn_morpholine_tbubrettphos_preliminary_009;baumgartner_cn_morpholine_tbubrettphos_preliminary_004,,11.9909,8.26312,0.0,1
real_baumgartner_cn_morpholine_tbubrettphos_preliminary,target_gp_random_initial,91071,3,10,baumgartner_cn_morpholine_tbubrettphos_preliminary_009;baumgartner_cn_morpholine_tbubrettphos_preliminary_007;baumgartner_cn_morpholine_tbubrettphos_preliminary_004,,11.9909,9.45221,0.0,1
real_baumgartner_cn_morpholine_tbubrettphos_preliminary,target_gp_random_initial,91072,3,10,baumgartner_cn_morpholine_tbubrettphos_preliminary_009;baumgartner_cn_morpholine_tbubrettphos_preliminary_003;baumgartner_cn_morpholine_tbubrettphos_preliminary_010,,11.9909,9.45221,0.0,1
real_baumgartner_cn_morpholine_tbubrettphos_preliminary,target_gp_random_initial,91073,3,10,baumgartner_cn_morpholine_tbubrettphos_preliminary_000;baumgartner_cn_morpholine_tbubrettphos_preliminary_001;baumgartner_cn_morpholine_tbubrettphos_preliminary_006,,11.9909,11.9909,0.0,1
real_baumgartner_cn_morpholine_tbubrettphos_preliminary,target_gp_random_initial,91074,3,10,baumgartner_cn_morpholine_tbubrettphos_preliminary_000;baumgartner_cn_morpholine_tbubrettphos_preliminary_007;baumgartner_cn_morpholine_tbubrettphos_preliminary_004,,11.9909,11.9909,0.0,1
real_baumgartner_cn_morpholine_tbubrettphos_preliminary,target_gp_random_initial,91075,3,10,baumgartner_cn_morpholine_tbubrettphos_preliminary_000;baumgartner_cn_morpholine_tbubrettphos_preliminary_004;baumgartner_cn_morpholine_tbubrettphos_preliminary_007,,11.9909,11.9909,0.0,1
real_baumgartner_cn_morpholine_tbubrettphos_preliminary,target_gp_random_initial,91076,3,10,baumgartner_cn_morpholine_tbubrettphos_preliminary_006;baumgartner_cn_morpholine_tbubrettphos_preliminary_000;baumgartner_cn_morpholine_tbubrettphos_preliminary_010,,11.9909,11.9909,0.0,1
real_baumgartner_cn_morpholine_tbubrettphos_preliminary,target_gp_random_initial,91077,3,10,baumgartner_cn_morpholine_tbubrettphos_preliminary_004;baumgartner_cn_morpholine_tbubrettphos_preliminary_007;baumgartner_cn_morpholine_tbubrettphos_preliminary_002,,11.9909,11.60643,0.0,1
real_baumgartner_cn_morpholine_tbubrettphos_preliminary,target_gp_random_initial,91078,3,10,baumgartner_cn_morpholine_tbubrettphos_preliminary_007;baumgartner_cn_morpholine_tbubrettphos_preliminary_004;baumgartner_cn_morpholine_tbubrettphos_preliminary_002,,11.9909,11.60643,0.0,1
real_baumgartner_cn_morpholine_tbubrettphos_preliminary,target_gp_random_initial,91079,3,10,baumgartner_cn_morpholine_tbubrettphos_preliminary_001;baumgartner_cn_morpholine_tbubrettphos_preliminary_005;baumgartner_cn_morpholine_tbubrettphos_preliminary_004,,11.9909,11.3119,0.0,1
real_baumgartner_cn_morpholine_tbubrettphos_preliminary,target_gp_random_initial,91080,3,10,baumgartner_cn_morpholine_tbubrettphos_preliminary_008;baumgartner_cn_morpholine_tbubrettphos_preliminary_007;baumgartner_cn_morpholine_tbubrettphos_preliminary_003,,11.9909,9.54679,0.0,1
real_baumgartner_cn_morpholine_tbubrettphos_preliminary,target_gp_random_initial,91081,3,10,baumgartner_cn_morpholine_tbubrettphos_preliminary_001;baumgartner_cn_morpholine_tbubrettphos_preliminary_000;baumgartner_cn_morpholine_tbubrettphos_preliminary_004,,11.9909,11.9909,0.0,1
real_baumgartner_cn_morpholine_tbubrettphos_preliminary,target_gp_random_initial,91082,3,10,baumgartner_cn_morpholine_tbubrettphos_preliminary_009;baumgartner_cn_morpholine_tbubrettphos_preliminary_005;baumgartner_cn_morpholine_tbubrettphos_preliminary_010,,11.9909,9.45221,0.0,1
real_baumgartner_cn_morpholine_tbubrettphos_preliminary,target_gp_random_initial,91083,3,10,baumgartner_cn_morpholine_tbubrettphos_preliminary_005;baumgartner_cn_morpholine_tbubrettphos_preliminary_009;baumgartner_cn_morpholine_tbubrettphos_preliminary_001,,11.9909,9.56943,0.0,1
real_baumgartner_cn_morpholine_tbubrettphos_preliminary,target_gp_random_initial,91084,3,10,baumgartner_cn_morpholine_tbubrettphos_preliminary_008;baumgartner_cn_morpholine_tbubrettphos_preliminary_005;baumgartner_cn_morpholine_tbubrettphos_preliminary_007,,11.9909,9.54679,0.0,1
real_baumgartner_cn_morpholine_tbubrettphos_preliminary,target_gp_random_initial,91085,3,10,baumgartner_cn_morpholine_tbubrettphos_preliminary_010;baumgartner_cn_morpholine_tbubrettphos_preliminary_003;baumgartner_cn_morpholine_tbubrettphos_preliminary_001,,11.9909,8.89043,0.0,1
real_baumgartner_cn_morpholine_tbubrettphos_preliminary,target_gp_random_initial,91086,3,10,baumgartner_cn_morpholine_tbubrettphos_preliminary_010;baumgartner_cn_morpholine_tbubrettphos_preliminary_000;baumgartner_cn_morpholine_tbubrettphos_preliminary_007,,11.9909,11.9909,0.0,1
real_baumgartner_cn_morpholine_tbubrettphos_preliminary,target_gp_random_initial,91087,3,10,baumgartner_cn_morpholine_tbubrettphos_preliminary_008;baumgartner_cn_morpholine_tbubrettphos_preliminary_000;baumgartner_cn_morpholine_tbubrettphos_preliminary_010,,11.9909,11.9909,0.0,1
real_baumgartner_cn_morpholine_tbubrettphos_preliminary,target_gp_random_initial,91088,3,10,baumgartner_cn_morpholine_tbubrettphos_preliminary_009;baumgartner_cn_morpholine_tbubrettphos_preliminary_004;baumgartner_cn_morpholine_tbubrettphos_preliminary_002,,11.9909,10.45302,0.0,1
real_baumgartner_cn_morpholine_tbubrettphos_preliminary,target_gp_random_initial,91089,3,10,baumgartner_cn_morpholine_tbubrettphos_preliminary_009;baumgartner_cn_morpholine_tbubrettphos_preliminary_006;baumgartner_cn_morpholine_tbubrettphos_preliminary_007,,11.9909,8.26312,0.0,1
real_baumgartner_cn_morpholine_tbubrettphos_preliminary,target_gp_random_initial,91090,3,10,baumgartner_cn_morpholine_tbubrettphos_preliminary_010;baumgartner_cn_morpholine_tbubrettphos_preliminary_008;baumgartner_cn_morpholine_tbubrettphos_preliminary_004,,11.9909,9.53547,0.0,1
real_baumgartner_cn_morpholine_tbubrettphos_preliminary,target_gp_random_initial,91091,3,10,baumgartner_cn_morpholine_tbubrettphos_preliminary_009;baumgartner_cn_morpholine_tbubrettphos_preliminary_001;baumgartner_cn_morpholine_tbubrettphos_preliminary_002,,11.9909,10.45302,0.0,1
real_baumgartner_cn_morpholine_tbubrettphos_preliminary,target_gp_random_initial,91092,3,10,baumgartner_cn_morpholine_tbubrettphos_preliminary_003;baumgartner_cn_morpholine_tbubrettphos_preliminary_004;baumgartner_cn_morpholine_tbubrettphos_preliminary_005,,11.9909,7.98737,0.0,1
real_baumgartner_cn_morpholine_tbubrettphos_preliminary,target_gp_random_initial,91093,3,10,baumgartner_cn_morpholine_tbubrettphos_preliminary_010;baumgartner_cn_morpholine_tbubrettphos_preliminary_005;baumgartner_cn_morpholine_tbubrettphos_preliminary_006,,11.9909,11.25895,0.0,1
real_baumgartner_cn_morpholine_tbubrettphos_preliminary,target_gp_random_initial,91094,3,10,baumgartner_cn_morpholine_tbubrettphos_preliminary_006;baumgartner_cn_morpholine_tbubrettphos_preliminary_000;baumgartner_cn_morpholine_tbubrettphos_preliminary_008,,11.9909,11.9909,0.0,1
real_baumgartner_cn_morpholine_tbubrettphos_preliminary,target_gp_random_initial,91095,3,10,baumgartner_cn_morpholine_tbubrettphos_preliminary_004;baumgartner_cn_morpholine_tbubrettphos_preliminary_001;baumgartner_cn_morpholine_tbubrettphos_preliminary_010,,11.9909,8.89043,0.0,1
real_baumgartner_cn_morpholine_tbubrettphos_preliminary,target_gp_random_initial,91096,3,10,baumgartner_cn_morpholine_tbubrettphos_preliminary_004;baumgartner_cn_morpholine_tbubrettphos_preliminary_007;baumgartner_cn_morpholine_tbubrettphos_preliminary_010,,11.9909,11.25895,0.0,1
real_baumgartner_cn_morpholine_tbubrettphos_preliminary,target_gp_random_initial,91097,3,10,baumgartner_cn_morpholine_tbubrettphos_preliminary_006;baumgartner_cn_morpholine_tbubrettphos_preliminary_001;baumgartner_cn_morpholine_tbubrettphos_preliminary_004,,11.9909,11.3119,0.0,1
real_baumgartner_cn_morpholine_tbubrettphos_preliminary,target_gp_random_initial,91098,3,10,baumgartner_cn_morpholine_tbubrettphos_preliminary_005;baumgartner_cn_morpholine_tbubrettphos_preliminary_004;baumgartner_cn_morpholine_tbubrettphos_preliminary_003,,11.9909,7.98737,0.0,1
real_baumgartner_cn_morpholine_tbubrettphos_preliminary,target_gp_random_initial,91099,3,10,baumgartner_cn_morpholine_tbubrettphos_preliminary_007;baumgartner_cn_morpholine_tbubrettphos_preliminary_004;baumgartner_cn_morpholine_tbubrettphos_preliminary_006,,11.9909,8.26312,0.0,1
real_baumgartner_cn_morpholine_tbubrettphos_preliminary,target_gp_space_filling,-1,3,10,baumgartner_cn_morpholine_tbubrettphos_preliminary_002;baumgartner_cn_morpholine_tbubrettphos_preliminary_006;baumgartner_cn_morpholine_tbubrettphos_preliminary_004,,11.9909,11.60643,0.0,1
real_baumgartner_cn_morpholine_tbubrettphos_preliminary,multisource_diverse_warmstart,-1,3,10,baumgartner_cn_morpholine_tbubrettphos_preliminary_005;baumgartner_cn_morpholine_tbubrettphos_preliminary_003;baumgartner_cn_morpholine_tbubrettphos_preliminary_008,real_baumgartner_cn_aniline_tbubrettphos;real_baumgartner_cn_benzamide_tbubrettphos;real_baumgartner_cn_phenethylamine_tbubrettphos,11.9909,9.54679,0.0,1
real_baumgartner_cn_morpholine_tbubrettphos_preliminary,development_selected_route,-1,3,10,baumgartner_cn_morpholine_tbubrettphos_preliminary_005;baumgartner_cn_morpholine_tbubrettphos_preliminary_003;baumgartner_cn_morpholine_tbubrettphos_preliminary_008,real_baumgartner_cn_aniline_tbubrettphos;real_baumgartner_cn_benzamide_tbubrettphos;real_baumgartner_cn_phenethylamine_tbubrettphos,11.9909,9.54679,0.0,1
