condition,permutation_seed,auc_mean_delta,auc_ci95_low,auc_ci95_high,final_mean_delta,final_ci95_low,final_ci95_high,top10_mean_delta,top10_ci95_low,top10_ci95_high,wins,ties,losses
permuted_source_outcomes_99700,99700,0.0012124735998816066,-0.02945548348737491,0.03188043068713812,-0.0015017421024333933,-0.05308460075098628,0.05008111654611949,0.01,-0.009599999999999996,0.029599999999999994,46,22,32
permuted_source_outcomes_99701,99701,-0.06672678066769204,-0.09080176370822217,-0.04265179762716191,-0.13063854296946045,-0.1736559380398842,-0.08762114789903672,0.0,0.0,0.0,15,34,51
permuted_source_outcomes_99702,99702,-0.06523929748707612,-0.0887648321849175,-0.041713762789234735,-0.13624029841990282,-0.17965142633576767,-0.09282917050403797,0.0,0.0,0.0,12,36,52
permuted_source_outcomes_99703,99703,-0.01517827004114197,-0.04806426674470178,0.017707726662417836,-0.05394068110148595,-0.1071307558323073,-0.0007506063706645971,0.0,0.0,0.0,29,28,43
permuted_source_outcomes_99704,99704,-0.0707719408534704,-0.0946721466850791,-0.04687173502186169,-0.14127290475851853,-0.18469253010235243,-0.09785327941468464,0.0,0.0,0.0,6,37,57
permuted_source_outcomes_99705,99705,0.09595250684402512,0.049275837422807764,0.14262917626524246,0.16899751431402504,0.10319991925119418,0.2347951093768559,0.0,0.0,0.0,56,16,28
permuted_source_outcomes_99706,99706,-0.047744140333589404,-0.07186811871482626,-0.023620161952352548,-0.09445201235979672,-0.13711133664666467,-0.05179268807292878,0.0,0.0,0.0,29,29,42
permuted_source_outcomes_99707,99707,-0.010198048086098657,-0.03739977833815694,0.017003682165959627,-0.04997156932880423,-0.09592140719825021,-0.0040217314593582534,0.0,0.0,0.0,41,22,37
permuted_source_outcomes_99708,99708,-0.06525213216751602,-0.08935180370034917,-0.041152460634682864,-0.12115286690279455,-0.1652304831299908,-0.07707525067559828,0.0,0.0,0.0,20,30,50
permuted_source_outcomes_99709,99709,-0.05002848579604912,-0.07446582399880897,-0.02559114759328928,-0.10969779759209095,-0.15232586885535554,-0.06706972632882637,0.0,0.0,0.0,33,25,42
permuted_source_outcomes_99710,99710,-0.011396147242111526,-0.040979270767997296,0.018186976283774248,-0.01903978701278541,-0.07193434799738577,0.03385477397181494,0.0,0.0,0.0,31,29,40
permuted_source_outcomes_99711,99711,-0.06706119114425729,-0.0913705192186938,-0.04275186306982079,-0.13355322706726624,-0.17793119686017062,-0.08917525727436186,0.0,0.0,0.0,14,35,51
permuted_source_outcomes_99712,99712,0.033555929128518146,0.005882548196720672,0.06122931006031562,0.061585715865058406,0.00812623209634817,0.11504519963376864,0.0,0.0,0.0,60,17,23
permuted_source_outcomes_99713,99713,0.08185103640075887,0.053929826694808725,0.10977224610670902,0.14860957924187662,0.09145651286841118,0.20576264561534208,0.0,0.0,0.0,66,16,18
permuted_source_outcomes_99714,99714,-0.07035800740971428,-0.09431542344105152,-0.04640059137837703,-0.13805582884222353,-0.18165166065117647,-0.0944599970332706,0.0,0.0,0.0,10,35,55
permuted_source_outcomes_99715,99715,0.10267872784338065,0.0703512188265865,0.13500623686017482,0.0797863150730916,0.03137247154280824,0.12820015860337497,0.0,0.0,0.0,66,17,17
permuted_source_outcomes_99716,99716,-0.0462336680657719,-0.07066214910943683,-0.021805187022106976,-0.10102865244142521,-0.14523222986711062,-0.0568250750157398,0.0,0.0,0.0,41,23,36
permuted_source_outcomes_99717,99717,-0.03778021805180866,-0.06897920531430347,-0.006581230789313847,-0.07205302241604737,-0.12957720152422975,-0.014528843307865011,0.0,0.0,0.0,21,32,47
permuted_source_outcomes_99718,99718,-0.03829152978776588,-0.06932704540766686,-0.00725601416786489,-0.043404945394040675,-0.10964479827791315,0.0228349074898318,0.0,0.0,0.0,25,30,45
permuted_source_outcomes_99719,99719,-0.023275555644550184,-0.04754874986000991,0.000997638570909544,0.010131553713372776,-0.03357032174149732,0.053833429168242866,0.0,0.0,0.0,52,15,33
permuted_source_outcomes_99720,99720,0.06130578808284588,0.03466865674328985,0.08794291942240191,0.060138350510951726,0.00908325928408689,0.11119344173781656,0.0,0.0,0.0,66,13,21
permuted_source_outcomes_99721,99721,0.06029885834993638,0.0354616528815456,0.08513606381832717,0.02608740076019798,-0.01626900138260987,0.06844380290300583,0.0,0.0,0.0,61,15,24
permuted_source_outcomes_99722,99722,-0.04468871505410492,-0.0683594436049489,-0.02101798650326094,-0.103761881540937,-0.1472899504221694,-0.06023381265970461,0.0,0.0,0.0,34,25,41
permuted_source_outcomes_99723,99723,-0.0664395902903824,-0.09030357928053051,-0.0425756013002343,-0.12755408334184484,-0.17113855598471145,-0.08396961069897822,0.0,0.0,0.0,14,34,52
permuted_source_outcomes_99724,99724,-0.0027375393185895256,-0.025554512619118067,0.020079433981939013,-0.026714010438246297,-0.07070625119060828,0.017278230314115683,0.0,0.0,0.0,50,19,31
permuted_source_outcomes_99725,99725,-0.020999535600786535,-0.0458487507570525,0.0038496795554794246,-0.0004063923172182843,-0.04754483228387399,0.04673204764943742,0.0,0.0,0.0,47,20,33
permuted_source_outcomes_99726,99726,-0.06264021830062183,-0.08760730760925312,-0.037673128991990545,-0.11692319166305759,-0.16279373091954968,-0.0710526524065655,0.0,0.0,0.0,25,25,50
permuted_source_outcomes_99727,99727,-0.04293009212560861,-0.08041460892605316,-0.0054455753251640565,-0.09829664585320266,-0.15756128311960416,-0.039032008586801156,0.02,-0.007578237650712777,0.04757823765071278,14,38,48
permuted_source_outcomes_99728,99728,-0.024987097034681535,-0.052606390989261516,0.0026321969198984455,-0.0735418367533323,-0.11899053531036331,-0.028093138196301284,0.0,0.0,0.0,35,25,40
permuted_source_outcomes_99729,99729,-0.04071588008943154,-0.06572038633028182,-0.01571137384858127,-0.07275128795427746,-0.118636458375207,-0.026866117533347916,0.0,0.0,0.0,36,22,42
permuted_source_outcomes_99730,99730,-0.05184567745273243,-0.07672086363121271,-0.02697049127425215,-0.10341372268860546,-0.15010149422707433,-0.05672595115013659,0.0,0.0,0.0,25,32,43
permuted_source_outcomes_99731,99731,0.24696441275378558,0.15035758677371433,0.34357123873385687,0.26757168140002696,0.16498212071039325,0.37016124208966067,0.29,0.20061458777187452,0.37938541222812544,54,16,30
permuted_source_outcomes_99732,99732,-0.06911648820926215,-0.09339316769735306,-0.04483980872117124,-0.1336712196700942,-0.1781731898084338,-0.08916924953175462,0.0,0.0,0.0,11,35,54
permuted_source_outcomes_99733,99733,-0.05516001238843276,-0.08009173286256269,-0.03022829191430283,-0.1004621724442531,-0.14876478311887079,-0.05215956176963541,0.0,0.0,0.0,35,22,43
permuted_source_outcomes_99734,99734,0.05765536593627419,0.02575728955874034,0.08955344231380805,0.19950248949173816,0.13583517316637755,0.26316980581709876,0.0,0.0,0.0,65,13,22
permuted_source_outcomes_99735,99735,-0.06052681894127932,-0.08525963234070234,-0.0357940055418563,-0.11257816957113809,-0.15884521234707158,-0.0663111267952046,0.0,0.0,0.0,21,28,51
permuted_source_outcomes_99736,99736,-0.007866261021238528,-0.04871151676345514,0.032978994720978094,-0.03272734752535521,-0.09624459700966748,0.03078990195895706,0.0,0.0,0.0,19,34,47
permuted_source_outcomes_99737,99737,-0.04861714225296983,-0.07304700819779772,-0.02418727630814194,-0.1070199445302776,-0.1528901485452836,-0.06114974051527162,0.0,0.0,0.0,35,23,42
permuted_source_outcomes_99738,99738,0.08872173729815432,0.04442472644482438,0.13301874815148423,0.05299225258562045,-0.004893507372235005,0.1108780125434759,0.0,0.0,0.0,47,17,36
permuted_source_outcomes_99739,99739,-0.047110623316551664,-0.07268333613422052,-0.021537910498882804,-0.10116073038119502,-0.14531639271900126,-0.0570050680433888,0.0,0.0,0.0,31,26,43
permuted_source_outcomes_99740,99740,-0.016334515503277566,-0.0557960790885273,0.02312704808197217,-0.03381848535560981,-0.10075590191135178,0.03311893120013217,0.01,-0.009599999999999996,0.029599999999999994,22,31,47
permuted_source_outcomes_99741,99741,-0.06674013770300498,-0.09042158200441666,-0.043058693401593295,-0.12722385615764628,-0.1700521725669754,-0.08439553974831714,0.0,0.0,0.0,13,34,53
permuted_source_outcomes_99742,99742,0.09157868762092594,0.0574170247896734,0.1257403504521785,0.24821236164773863,0.1828779371736523,0.31354678612182496,0.0,0.0,0.0,60,16,24
permuted_source_outcomes_99743,99743,-0.05994350431118387,-0.08370311887473693,-0.036183889747630815,-0.11150520887948243,-0.16053015845856083,-0.062480259300404004,0.0,0.0,0.0,18,31,51
permuted_source_outcomes_99744,99744,-0.005680957927220046,-0.040213379795302616,0.028851463940862528,0.008945757593730612,-0.04855442906752615,0.06644594425498737,0.0,0.0,0.0,39,22,39
permuted_source_outcomes_99745,99745,0.006903674252310971,-0.01707336527539386,0.030880713780015806,-0.05534347381521575,-0.10030472300097634,-0.010382224629455164,0.0,0.0,0.0,57,17,26
permuted_source_outcomes_99746,99746,0.09258835283670395,0.04096916728873467,0.14420753838467323,0.05195116584520385,-0.015330716230159157,0.11923304792056685,0.0,0.0,0.0,56,17,27
permuted_source_outcomes_99747,99747,-0.06149389123617574,-0.08540835247211458,-0.037579430000236905,-0.12397785010818282,-0.16823394393110958,-0.07972175628525609,0.0,0.0,0.0,16,35,49
permuted_source_outcomes_99748,99748,-0.027857788367827888,-0.05955390145839327,0.003838324722737492,-0.0648453706210774,-0.12416239725876163,-0.0055283439833931705,0.0,0.0,0.0,24,30,46
permuted_source_outcomes_99749,99749,0.006348971447751022,-0.017404197794432988,0.030102140689935032,-0.05254115940941277,-0.09686412660953511,-0.008218192209290424,0.0,0.0,0.0,54,18,28
permuted_source_outcomes_99750,99750,0.11097409935354462,0.08435008976153434,0.1375981089455549,0.13088937387498778,0.08407863928391436,0.1777001084660612,0.01,-0.009599999999999996,0.029599999999999994,71,14,15
permuted_source_outcomes_99751,99751,-0.06511721365461988,-0.08933831272344271,-0.04089611458579705,-0.11761385567475757,-0.1652618705882055,-0.06996584076130966,0.0,0.0,0.0,17,32,51
permuted_source_outcomes_99752,99752,-0.05084077946594188,-0.07568357939697108,-0.02599797953491267,-0.10200311447338076,-0.1482582501893255,-0.055747978757436006,0.0,0.0,0.0,27,28,45
permuted_source_outcomes_99753,99753,-0.05671754362428067,-0.0805662864877214,-0.03286880076083993,-0.10104682992065765,-0.14806377566393875,-0.054029884177376565,0.0,0.0,0.0,30,27,43
permuted_source_outcomes_99754,99754,-0.04486089196206061,-0.06969915967965012,-0.020022624244471102,-0.0717446887355976,-0.1193865553109048,-0.024102822160290402,0.0,0.0,0.0,26,27,47
permuted_source_outcomes_99755,99755,0.2600667379585927,0.2172620351112084,0.302871440805977,0.5831281622916894,0.5051280267435763,0.6611282978398025,0.0,0.0,0.0,84,3,13
permuted_source_outcomes_99756,99756,-0.04390160268873504,-0.06787694293569846,-0.019926262441771612,-0.0920689830082225,-0.1359686882837585,-0.0481692777326865,0.0,0.0,0.0,42,19,39
permuted_source_outcomes_99757,99757,-0.06499914878346015,-0.08915030047440277,-0.04084799709251753,-0.12732938895929957,-0.17164223650127286,-0.08301654141732628,0.0,0.0,0.0,16,33,51
permuted_source_outcomes_99758,99758,-0.03652138987657642,-0.059903052422420236,-0.013139727330732598,-0.047164026053147394,-0.08891443230053422,-0.005413619805760557,0.0,0.0,0.0,42,19,39
permuted_source_outcomes_99759,99759,-0.008953936403468756,-0.03592471216182751,0.018016839354889992,-0.04770802863298273,-0.09428306808079218,-0.0011329891851732873,0.0,0.0,0.0,47,19,34
permuted_source_outcomes_99760,99760,0.19731172802492022,0.1558789293124059,0.23874452673743454,0.3480214289160555,0.2797648393315947,0.41627801850051627,0.01,-0.009599999999999996,0.029599999999999994,76,12,12
permuted_source_outcomes_99761,99761,-0.015736884410941756,-0.04074058708154962,0.009266818259666108,0.01029533922907598,-0.035621573510561416,0.05621225196871338,0.0,0.0,0.0,45,20,35
permuted_source_outcomes_99762,99762,-0.03510078959719378,-0.058881927814204454,-0.011319651380183104,-0.0868758254995728,-0.1293495678680191,-0.04440208313112651,0.0,0.0,0.0,35,27,38
permuted_source_outcomes_99763,99763,-0.05515075631099111,-0.08287485048853033,-0.027426662133451893,-0.09593244355725576,-0.15986933138064846,-0.03199555573386305,0.03,-0.003603535167561997,0.063603535167562,21,31,48
permuted_source_outcomes_99764,99764,-0.05747631789638137,-0.08123451041652177,-0.03371812537624097,-0.12228548139948836,-0.16595994489958008,-0.07861101789939665,0.0,0.0,0.0,30,24,46
permuted_source_outcomes_99765,99765,-0.030782647380021153,-0.056398059861362766,-0.00516723489867954,-0.005883459083651395,-0.0687170400047284,0.056950121837425614,0.0,0.0,0.0,36,23,41
permuted_source_outcomes_99766,99766,0.26305799981235767,0.22434032374014984,0.3017756758845655,0.3040409103560615,0.2500119177441971,0.3580699029679259,0.0,0.0,0.0,80,13,7
permuted_source_outcomes_99767,99767,-0.06985701735425798,-0.09378979759555509,-0.04592423711296086,-0.14111470334342655,-0.18474313840070977,-0.0974862682861433,0.0,0.0,0.0,4,37,59
permuted_source_outcomes_99768,99768,0.052726446155524576,0.02376652265967899,0.08168636965137016,0.024365066785502737,-0.021258130184450205,0.06998826375545568,0.0,0.0,0.0,49,21,30
permuted_source_outcomes_99769,99769,-0.057852441671323,-0.08222562846614513,-0.03347925487650087,-0.11477662362249713,-0.15938335900686323,-0.07016988823813104,0.0,0.0,0.0,27,29,44
permuted_source_outcomes_99770,99770,0.2426297711506615,0.19984473905007208,0.2854148032512509,0.3915797438707258,0.3233876095896739,0.4597718781517777,0.0,0.0,0.0,83,10,7
permuted_source_outcomes_99771,99771,0.11569951515827075,0.07967692032177,0.15172210999477148,0.09585561624869136,0.03982672220801788,0.15188451028936484,0.0,0.0,0.0,69,15,16
permuted_source_outcomes_99772,99772,-0.0389037641108986,-0.06476399873455085,-0.01304352948724636,0.00820492436049343,-0.05862701040663151,0.07503685912761837,0.0,0.0,0.0,34,23,43
permuted_source_outcomes_99773,99773,-0.05068603890114813,-0.07533226606040963,-0.026039811741886635,-0.10256438384820639,-0.14780474184840417,-0.0573240258480086,0.0,0.0,0.0,37,24,39
permuted_source_outcomes_99774,99774,-0.030279112861262752,-0.05818835038665908,-0.0023698753358664254,-0.0357254664540322,-0.08950137497559518,0.018050442067530793,0.0,0.0,0.0,36,26,38
permuted_source_outcomes_99775,99775,-0.07069355349149324,-0.09487949967139019,-0.0465076073115963,-0.14030456969594107,-0.184233309990023,-0.09637582940185915,0.0,0.0,0.0,3,40,57
permuted_source_outcomes_99776,99776,0.06129003171304108,0.03145190622467621,0.09112815720140595,0.041464845604855104,-0.008353584712485297,0.09128327592219551,0.0,0.0,0.0,59,19,22
permuted_source_outcomes_99777,99777,-0.051925211415297746,-0.07581890089397461,-0.028031521936620885,-0.08183170238341324,-0.1253419335500348,-0.03832147121679166,0.0,0.0,0.0,22,31,47
permuted_source_outcomes_99778,99778,-0.043448249607568226,-0.06872040245016627,-0.01817609676497019,-0.08478940298772654,-0.1301260779446484,-0.03945272803080469,0.0,0.0,0.0,33,25,42
permuted_source_outcomes_99779,99779,-0.03870037403971805,-0.06504656758791945,-0.012354180491516653,-0.07910604713448825,-0.12662868159812504,-0.031583412670851456,0.0,0.0,0.0,32,29,39
permuted_source_outcomes_99780,99780,0.06729851638312102,0.01416980515519762,0.12042722761104444,0.1529160129744661,0.06790980663512669,0.23792221931380553,0.13,0.0637524568780323,0.1962475431219677,42,19,39
permuted_source_outcomes_99781,99781,-0.05816803540040118,-0.08241961130932977,-0.03391645949147258,-0.11717281571753105,-0.1613903406570824,-0.07295529077797969,0.0,0.0,0.0,16,35,49
permuted_source_outcomes_99782,99782,-0.03951850077958425,-0.06586341903946973,-0.013173582519698777,-0.011580014599585882,-0.08137738689947124,0.05821735770029948,0.0,0.0,0.0,35,23,42
permuted_source_outcomes_99783,99783,-0.05142417323691248,-0.07630038091560348,-0.026547965558221483,-0.10405669208938,-0.1486524103669237,-0.0594609738118363,0.0,0.0,0.0,31,26,43
permuted_source_outcomes_99784,99784,0.10047794505575579,0.056766805193667044,0.14418908491784455,0.12000176880953305,0.05149431742600072,0.18850922019306537,0.0,0.0,0.0,52,22,26
permuted_source_outcomes_99785,99785,-0.007146575610484773,-0.045083118853312454,0.030789967632342905,-0.01580844941791728,-0.08502021121879999,0.05340331238296544,0.0,0.0,0.0,43,20,37
permuted_source_outcomes_99786,99786,-0.031463494567919234,-0.06085262371728592,-0.0020743654185525484,-0.05549668632291535,-0.10834189994867513,-0.0026514726971555783,0.0,0.0,0.0,27,31,42
permuted_source_outcomes_99787,99787,-0.06678769177019957,-0.09072768218102437,-0.04284770135937477,-0.12298920507328387,-0.17178813804628754,-0.0741902721002802,0.0,0.0,0.0,16,33,51
permuted_source_outcomes_99788,99788,0.06783476488682859,0.016232135364607055,0.11943739440905013,0.03102502358345765,-0.03811016748771424,0.10016021465462954,0.0,0.0,0.0,43,24,33
permuted_source_outcomes_99789,99789,-0.005808403605082649,-0.032525134359438046,0.020908327149272744,-0.018751979170272496,-0.0694894044163771,0.031985446075832105,0.0,0.0,0.0,43,24,33
permuted_source_outcomes_99790,99790,-0.06750126959980335,-0.09156231995236117,-0.04344021924724553,-0.1372629307783103,-0.18073669456574526,-0.09378916699087536,0.0,0.0,0.0,12,35,53
permuted_source_outcomes_99791,99791,-0.04478654237027799,-0.07189903569822169,-0.01767404904233429,-0.09105713850007112,-0.14275275065965362,-0.03936152634048861,0.0,0.0,0.0,27,30,43
permuted_source_outcomes_99792,99792,-0.041266483230191706,-0.06956821934826385,-0.012964747112119555,-0.055557004536800146,-0.1147844121757396,0.0036704031021393135,0.0,0.0,0.0,31,24,45
permuted_source_outcomes_99793,99793,-0.014760173750711241,-0.04031599753809734,0.010795650036674851,-0.029992651096575895,-0.07991820971300795,0.019932907519856165,0.0,0.0,0.0,43,24,33
permuted_source_outcomes_99794,99794,-0.06262367590495152,-0.08609533851738987,-0.039152013292513166,-0.11586206806318607,-0.16076821013759995,-0.07095592598877218,0.0,0.0,0.0,19,33,48
permuted_source_outcomes_99795,99795,-0.05551628878954826,-0.07788156159388997,-0.03315101598520655,-0.07722524310729387,-0.125111995179422,-0.029338491035165726,0.0,0.0,0.0,27,27,46
permuted_source_outcomes_99796,99796,0.06456068163504058,0.03819539294303534,0.09092597032704583,0.04641766834346446,0.0033137959031699707,0.08952154078375896,0.0,0.0,0.0,69,13,18
permuted_source_outcomes_99797,99797,-0.053521038752605,-0.07800394334689831,-0.029038134158311697,-0.04176448157733146,-0.08781683620163383,0.004287873046970904,0.0,0.0,0.0,29,25,46
permuted_source_outcomes_99798,99798,0.016912294907204698,-0.01522139710075832,0.04904598691516772,0.018747257095743094,-0.04214600076142794,0.07964051495291413,0.0,0.0,0.0,44,25,31
true_source_outcomes,,0.8848309022366452,0.8050876529453866,0.9645741515279037,0.895930065323253,0.803619862713857,0.9882402679326491,0.49,0.3915259948160445,0.5884740051839554,97,3,0
