case_id,source_task_count,method,baseline_best_so_far_auc,baseline_final_best,online_llm_minus_baseline_auc,online_llm_minus_baseline_final
molecular_freesolv_to_lipophilicity,1,target_gp_ucb,83.25,85.0,6.325,4.875
molecular_freesolv_to_lipophilicity,1,rgpe,76.8625,86.875,12.7125,3.0
molecular_freesolv_to_lipophilicity,1,multitask_gp_icm,79.6,82.875,9.975,7.0
materials_phonons_to_bulk_modulus,1,target_gp_ucb,70.93906,73.2886,3.24036,4.3241
materials_phonons_to_bulk_modulus,1,rgpe,72.25759,74.9324,1.92183,2.6803
materials_phonons_to_bulk_modulus,1,multitask_gp_icm,70.84134,71.7429,3.33808,5.8698
reizman_cases_123_to_case4,3,target_gp_ucb,94.1,94.1,0.32,0.4
reizman_cases_123_to_case4,3,multisource_rgpe,94.1,94.1,0.32,0.4
reizman_cases_123_to_case4,3,multisource_icm_bma,96.38,99.8,-1.96,-5.3
