policy,calibration_seeds,evaluation_seeds,cal_final_best_mean,cal_best_so_far_auc_mean,cal_top10_hit_mean,eval_final_best_mean,eval_best_so_far_auc_mean,eval_top10_hit_mean
target_only_surrogate:public_incumbent,25,25,67.516,57.6291,0.64,67.304,59.5561,0.6
target_only_surrogate:knn_ucb,25,25,67.3493,58.7403,0.36,69.232,57.1951,0.44
target_only_surrogate:mixed_kernel_gp_ei,25,25,67.2733,59.9492,0.56,68.7253,59.9912,0.52
lipo_value_prior:transfer_value_prior_gate_v1,25,25,67.2333,56.6977,0.68,66.868,58.6439,0.68
target_only_surrogate:mixed_kernel_gp_ucb,25,25,66.8227,59.3135,0.56,71.068,60.0388,0.52
lipo_value_prior:transfer_value_prior_strict_gate_v1,25,25,65.976,56.0337,0.6,64.7747,57.7948,0.56
esol_value_prior:transfer_value_prior_gate_v1,25,25,63.408,56.1957,0.48,64.6,58.1308,0.48
target_only_surrogate:random,25,25,63.196,57.1152,0.44,54.6133,51.8653,0.16
esol_value_prior:transfer_value_prior_strict_gate_v1,25,25,62.5547,56.2912,0.44,65.4867,58.0329,0.52
