route_id,route_label,is_official_test,method,method_label,seed_count,mean_delta_auc,ci95_low,ci95_high
train_to_validation,Train -> validation,False,multisource_rgpe,RGPE,50,-0.29834,-0.921624,0.324943
train_to_validation,Train -> validation,False,multisource_icm_bma,ICM-BMA,50,-0.791107,-1.397453,-0.18476
train_to_validation,Train -> validation,False,multisource_skill_prior,Fixed skill prior,50,0.383891,-0.30076,1.068543
validation_to_train,Validation -> train,False,multisource_rgpe,RGPE,50,-0.262764,-1.252149,0.72662
validation_to_train,Validation -> train,False,multisource_icm_bma,ICM-BMA,50,-0.964999,-1.660381,-0.269617
validation_to_train,Validation -> train,False,multisource_skill_prior,Fixed skill prior,50,1.191672,0.271198,2.112146
official_test,Train + validation -> official test,True,multisource_rgpe,RGPE,100,-3.81918,-4.4984,-3.13996
official_test,Train + validation -> official test,True,multisource_icm_bma,ICM-BMA,100,-1.538622,-2.06642,-1.010824
official_test,Train + validation -> official test,True,multisource_skill_prior,Fixed skill prior,100,-1.547514,-1.995938,-1.09909
