dataset,mode,seed,final_best,best_so_far_auc,simple_regret,top10_hit,split,selected_source_mode
real_moleculenet_freesolv,fixed_data_only_transfer,66000,100.0,100.0,0.0,1,calibration,
real_moleculenet_freesolv,fixed_scale_ensemble_0p5_1_1p5_2_3_4,66000,76.8667,63.2933,23.1333,1,calibration,
real_moleculenet_freesolv,gp_ucb,66000,49.2,48.3133,50.8,0,calibration,
real_moleculenet_freesolv,llm_transfer_router,66000,100.0,100.0,0.0,1,calibration,
real_moleculenet_freesolv,matched_target_only_llm,66000,100.0,100.0,0.0,1,calibration,llambo_warmstart_balanced_feature_interaction_noprior
real_moleculenet_freesolv,mixed_kernel_gp_ei,66000,69.4333,54.08,30.5667,1,calibration,
real_moleculenet_freesolv,source_warmstart_only,66000,100.0,100.0,0.0,1,calibration,
real_moleculenet_freesolv,target_acquisition_portfolio,66000,49.2,48.3133,50.8,0,calibration,
real_moleculenet_freesolv,fixed_data_only_transfer,66001,100.0,100.0,0.0,1,calibration,
real_moleculenet_freesolv,fixed_scale_ensemble_0p5_1_1p5_2_3_4,66001,77.2333,63.2867,22.7667,1,calibration,
real_moleculenet_freesolv,gp_ucb,66001,50.9,50.9,49.1,0,calibration,
real_moleculenet_freesolv,llm_transfer_router,66001,100.0,100.0,0.0,1,calibration,
real_moleculenet_freesolv,matched_target_only_llm,66001,100.0,100.0,0.0,1,calibration,llambo_warmstart_balanced_feature_interaction_noprior
real_moleculenet_freesolv,mixed_kernel_gp_ei,66001,75.8,57.7333,24.2,1,calibration,
real_moleculenet_freesolv,source_warmstart_only,66001,100.0,100.0,0.0,1,calibration,
real_moleculenet_freesolv,target_acquisition_portfolio,66001,79.0667,57.4233,20.9333,1,calibration,
real_moleculenet_freesolv,fixed_data_only_transfer,66002,100.0,100.0,0.0,1,calibration,
real_moleculenet_freesolv,fixed_scale_ensemble_0p5_1_1p5_2_3_4,66002,79.0667,69.15,20.9333,1,calibration,
real_moleculenet_freesolv,gp_ucb,66002,42.1,41.7033,57.9,0,calibration,
real_moleculenet_freesolv,llm_transfer_router,66002,100.0,100.0,0.0,1,calibration,
real_moleculenet_freesolv,matched_target_only_llm,66002,100.0,100.0,0.0,1,calibration,llambo_warmstart_balanced_feature_interaction_noprior
real_moleculenet_freesolv,mixed_kernel_gp_ei,66002,53.3333,53.3333,46.6667,0,calibration,
real_moleculenet_freesolv,source_warmstart_only,66002,100.0,100.0,0.0,1,calibration,
real_moleculenet_freesolv,target_acquisition_portfolio,66002,41.9333,41.67,58.0667,0,calibration,
real_moleculenet_freesolv,fixed_data_only_transfer,66003,100.0,100.0,0.0,1,calibration,
real_moleculenet_freesolv,fixed_scale_ensemble_0p5_1_1p5_2_3_4,66003,79.0667,73.8067,20.9333,1,calibration,
real_moleculenet_freesolv,gp_ucb,66003,79.0667,67.7533,20.9333,1,calibration,
real_moleculenet_freesolv,llm_transfer_router,66003,100.0,100.0,0.0,1,calibration,
real_moleculenet_freesolv,matched_target_only_llm,66003,100.0,100.0,0.0,1,calibration,llambo_warmstart_balanced_feature_interaction_noprior
real_moleculenet_freesolv,mixed_kernel_gp_ei,66003,79.0667,66.4266,20.9333,1,calibration,
real_moleculenet_freesolv,source_warmstart_only,66003,100.0,100.0,0.0,1,calibration,
real_moleculenet_freesolv,target_acquisition_portfolio,66003,79.0667,73.8067,20.9333,1,calibration,
real_moleculenet_freesolv,fixed_data_only_transfer,66004,100.0,100.0,0.0,1,calibration,
real_moleculenet_freesolv,fixed_scale_ensemble_0p5_1_1p5_2_3_4,66004,48.0,48.0,52.0,0,calibration,
real_moleculenet_freesolv,gp_ucb,66004,48.0,48.0,52.0,0,calibration,
real_moleculenet_freesolv,llm_transfer_router,66004,100.0,100.0,0.0,1,calibration,
real_moleculenet_freesolv,matched_target_only_llm,66004,100.0,100.0,0.0,1,calibration,llambo_warmstart_balanced_feature_interaction_noprior
real_moleculenet_freesolv,mixed_kernel_gp_ei,66004,48.0,48.0,52.0,0,calibration,
real_moleculenet_freesolv,source_warmstart_only,66004,100.0,100.0,0.0,1,calibration,
real_moleculenet_freesolv,target_acquisition_portfolio,66004,48.0,48.0,52.0,0,calibration,
real_moleculenet_freesolv,fixed_data_only_transfer,66005,100.0,100.0,0.0,1,calibration,
real_moleculenet_freesolv,fixed_scale_ensemble_0p5_1_1p5_2_3_4,66005,100.0,99.54,0.0,1,calibration,
real_moleculenet_freesolv,gp_ucb,66005,100.0,99.54,0.0,1,calibration,
real_moleculenet_freesolv,llm_transfer_router,66005,100.0,100.0,0.0,1,calibration,
real_moleculenet_freesolv,matched_target_only_llm,66005,100.0,100.0,0.0,1,calibration,llambo_warmstart_balanced_feature_interaction_noprior
real_moleculenet_freesolv,mixed_kernel_gp_ei,66005,100.0,99.54,0.0,1,calibration,
real_moleculenet_freesolv,source_warmstart_only,66005,100.0,100.0,0.0,1,calibration,
real_moleculenet_freesolv,target_acquisition_portfolio,66005,100.0,99.54,0.0,1,calibration,
real_moleculenet_freesolv,fixed_data_only_transfer,66006,100.0,100.0,0.0,1,calibration,
real_moleculenet_freesolv,fixed_scale_ensemble_0p5_1_1p5_2_3_4,66006,76.8667,72.7934,23.1333,1,calibration,
real_moleculenet_freesolv,gp_ucb,66006,76.8667,69.98,23.1333,1,calibration,
real_moleculenet_freesolv,llm_transfer_router,66006,100.0,100.0,0.0,1,calibration,
real_moleculenet_freesolv,matched_target_only_llm,66006,100.0,100.0,0.0,1,calibration,llambo_warmstart_balanced_feature_interaction_noprior
real_moleculenet_freesolv,mixed_kernel_gp_ei,66006,76.8667,69.98,23.1333,1,calibration,
real_moleculenet_freesolv,source_warmstart_only,66006,100.0,100.0,0.0,1,calibration,
real_moleculenet_freesolv,target_acquisition_portfolio,66006,76.8667,69.98,23.1333,1,calibration,
real_moleculenet_freesolv,fixed_data_only_transfer,66007,100.0,100.0,0.0,1,calibration,
real_moleculenet_freesolv,fixed_scale_ensemble_0p5_1_1p5_2_3_4,66007,50.7333,42.3733,49.2667,0,calibration,
real_moleculenet_freesolv,gp_ucb,66007,53.3667,45.67,46.6333,0,calibration,
real_moleculenet_freesolv,llm_transfer_router,66007,100.0,100.0,0.0,1,calibration,
real_moleculenet_freesolv,matched_target_only_llm,66007,100.0,100.0,0.0,1,calibration,llambo_warmstart_balanced_feature_interaction_noprior
real_moleculenet_freesolv,mixed_kernel_gp_ei,66007,47.8,41.7467,52.2,0,calibration,
real_moleculenet_freesolv,source_warmstart_only,66007,100.0,100.0,0.0,1,calibration,
real_moleculenet_freesolv,target_acquisition_portfolio,66007,52.6,44.1367,47.4,0,calibration,
real_moleculenet_freesolv,fixed_data_only_transfer,66008,100.0,100.0,0.0,1,calibration,
real_moleculenet_freesolv,fixed_scale_ensemble_0p5_1_1p5_2_3_4,66008,79.0667,68.0967,20.9333,1,calibration,
real_moleculenet_freesolv,gp_ucb,66008,79.0667,65.57,20.9333,1,calibration,
real_moleculenet_freesolv,llm_transfer_router,66008,100.0,100.0,0.0,1,calibration,
real_moleculenet_freesolv,matched_target_only_llm,66008,100.0,100.0,0.0,1,calibration,llambo_warmstart_balanced_feature_interaction_noprior
real_moleculenet_freesolv,mixed_kernel_gp_ei,66008,69.4333,64.2433,30.5667,1,calibration,
real_moleculenet_freesolv,source_warmstart_only,66008,100.0,100.0,0.0,1,calibration,
real_moleculenet_freesolv,target_acquisition_portfolio,66008,79.0667,66.17,20.9333,1,calibration,
real_moleculenet_freesolv,fixed_data_only_transfer,66009,100.0,100.0,0.0,1,calibration,
real_moleculenet_freesolv,fixed_scale_ensemble_0p5_1_1p5_2_3_4,66009,52.1333,45.5967,47.8667,0,calibration,
real_moleculenet_freesolv,gp_ucb,66009,68.2,48.47,31.8,0,calibration,
real_moleculenet_freesolv,llm_transfer_router,66009,100.0,100.0,0.0,1,calibration,
real_moleculenet_freesolv,matched_target_only_llm,66009,100.0,100.0,0.0,1,calibration,llambo_warmstart_balanced_feature_interaction_noprior
real_moleculenet_freesolv,mixed_kernel_gp_ei,66009,53.3333,47.7666,46.6667,0,calibration,
real_moleculenet_freesolv,source_warmstart_only,66009,100.0,100.0,0.0,1,calibration,
real_moleculenet_freesolv,target_acquisition_portfolio,66009,50.7,44.55,49.3,0,calibration,
real_moleculenet_freesolv,fixed_data_only_transfer,66010,100.0,100.0,0.0,1,calibration,
real_moleculenet_freesolv,fixed_scale_ensemble_0p5_1_1p5_2_3_4,66010,76.8667,67.3067,23.1333,1,calibration,
real_moleculenet_freesolv,gp_ucb,66010,76.8667,63.6933,23.1333,1,calibration,
real_moleculenet_freesolv,llm_transfer_router,66010,100.0,100.0,0.0,1,calibration,
real_moleculenet_freesolv,matched_target_only_llm,66010,100.0,100.0,0.0,1,calibration,llambo_warmstart_balanced_feature_interaction_noprior
real_moleculenet_freesolv,mixed_kernel_gp_ei,66010,76.8667,67.3067,23.1333,1,calibration,
real_moleculenet_freesolv,source_warmstart_only,66010,100.0,100.0,0.0,1,calibration,
real_moleculenet_freesolv,target_acquisition_portfolio,66010,76.8667,63.6933,23.1333,1,calibration,
real_moleculenet_freesolv,fixed_data_only_transfer,66011,100.0,100.0,0.0,1,calibration,
real_moleculenet_freesolv,fixed_scale_ensemble_0p5_1_1p5_2_3_4,66011,64.0333,44.1567,35.9667,0,calibration,
real_moleculenet_freesolv,gp_ucb,66011,64.0333,43.98,35.9667,0,calibration,
real_moleculenet_freesolv,llm_transfer_router,66011,100.0,100.0,0.0,1,calibration,
real_moleculenet_freesolv,matched_target_only_llm,66011,100.0,100.0,0.0,1,calibration,llambo_warmstart_balanced_feature_interaction_noprior
real_moleculenet_freesolv,mixed_kernel_gp_ei,66011,64.0333,49.1367,35.9667,0,calibration,
real_moleculenet_freesolv,source_warmstart_only,66011,100.0,100.0,0.0,1,calibration,
real_moleculenet_freesolv,target_acquisition_portfolio,66011,48.8333,43.6933,51.1667,0,calibration,
real_moleculenet_freesolv,fixed_data_only_transfer,66012,100.0,100.0,0.0,1,calibration,
real_moleculenet_freesolv,fixed_scale_ensemble_0p5_1_1p5_2_3_4,66012,79.0667,58.4567,20.9333,1,calibration,
real_moleculenet_freesolv,gp_ucb,66012,75.8,46.6867,24.2,1,calibration,
real_moleculenet_freesolv,llm_transfer_router,66012,100.0,100.0,0.0,1,calibration,
real_moleculenet_freesolv,matched_target_only_llm,66012,100.0,100.0,0.0,1,calibration,llambo_warmstart_balanced_feature_interaction_noprior
real_moleculenet_freesolv,mixed_kernel_gp_ei,66012,69.4333,46.05,30.5667,1,calibration,
real_moleculenet_freesolv,source_warmstart_only,66012,100.0,100.0,0.0,1,calibration,
real_moleculenet_freesolv,target_acquisition_portfolio,66012,42.1,39.93,57.9,0,calibration,
real_moleculenet_freesolv,fixed_data_only_transfer,66013,100.0,100.0,0.0,1,calibration,
real_moleculenet_freesolv,fixed_scale_ensemble_0p5_1_1p5_2_3_4,66013,42.6,42.0233,57.4,0,calibration,
real_moleculenet_freesolv,gp_ucb,66013,71.4333,51.3,28.5667,1,calibration,
real_moleculenet_freesolv,llm_transfer_router,66013,100.0,100.0,0.0,1,calibration,
real_moleculenet_freesolv,matched_target_only_llm,66013,100.0,100.0,0.0,1,calibration,llambo_warmstart_balanced_feature_interaction_noprior
real_moleculenet_freesolv,mixed_kernel_gp_ei,66013,71.4333,51.3,28.5667,1,calibration,
real_moleculenet_freesolv,source_warmstart_only,66013,100.0,100.0,0.0,1,calibration,
real_moleculenet_freesolv,target_acquisition_portfolio,66013,71.4333,51.3,28.5667,1,calibration,
real_moleculenet_freesolv,fixed_data_only_transfer,66014,100.0,100.0,0.0,1,calibration,
real_moleculenet_freesolv,fixed_scale_ensemble_0p5_1_1p5_2_3_4,66014,79.0667,58.0867,20.9333,1,calibration,
real_moleculenet_freesolv,gp_ucb,66014,44.7,44.7,55.3,0,calibration,
real_moleculenet_freesolv,llm_transfer_router,66014,100.0,100.0,0.0,1,calibration,
real_moleculenet_freesolv,matched_target_only_llm,66014,100.0,100.0,0.0,1,calibration,llambo_warmstart_balanced_feature_interaction_noprior
real_moleculenet_freesolv,mixed_kernel_gp_ei,66014,42.2,42.2,57.8,0,calibration,
real_moleculenet_freesolv,source_warmstart_only,66014,100.0,100.0,0.0,1,calibration,
real_moleculenet_freesolv,target_acquisition_portfolio,66014,42.2,42.2,57.8,0,calibration,
real_moleculenet_freesolv,fixed_data_only_transfer,66015,100.0,100.0,0.0,1,calibration,
real_moleculenet_freesolv,fixed_scale_ensemble_0p5_1_1p5_2_3_4,66015,69.4333,45.99,30.5667,1,calibration,
real_moleculenet_freesolv,gp_ucb,66015,40.9667,39.8167,59.0333,0,calibration,
real_moleculenet_freesolv,llm_transfer_router,66015,100.0,100.0,0.0,1,calibration,
real_moleculenet_freesolv,matched_target_only_llm,66015,100.0,100.0,0.0,1,calibration,llambo_warmstart_balanced_feature_interaction_noprior
real_moleculenet_freesolv,mixed_kernel_gp_ei,66015,40.9667,39.8167,59.0333,0,calibration,
real_moleculenet_freesolv,source_warmstart_only,66015,100.0,100.0,0.0,1,calibration,
real_moleculenet_freesolv,target_acquisition_portfolio,66015,42.1,41.53,57.9,0,calibration,
real_moleculenet_freesolv,fixed_data_only_transfer,66016,100.0,100.0,0.0,1,calibration,
real_moleculenet_freesolv,fixed_scale_ensemble_0p5_1_1p5_2_3_4,66016,47.6667,47.6667,52.3333,0,calibration,
real_moleculenet_freesolv,gp_ucb,66016,73.0667,52.69,26.9333,1,calibration,
real_moleculenet_freesolv,llm_transfer_router,66016,100.0,100.0,0.0,1,calibration,
real_moleculenet_freesolv,matched_target_only_llm,66016,100.0,100.0,0.0,1,calibration,llambo_warmstart_balanced_feature_interaction_noprior
real_moleculenet_freesolv,mixed_kernel_gp_ei,66016,50.7333,48.28,49.2667,0,calibration,
real_moleculenet_freesolv,source_warmstart_only,66016,100.0,100.0,0.0,1,calibration,
real_moleculenet_freesolv,target_acquisition_portfolio,66016,47.6667,47.6667,52.3333,0,calibration,
real_moleculenet_freesolv,fixed_data_only_transfer,66017,100.0,100.0,0.0,1,calibration,
real_moleculenet_freesolv,fixed_scale_ensemble_0p5_1_1p5_2_3_4,66017,69.4333,49.38,30.5667,1,calibration,
real_moleculenet_freesolv,gp_ucb,66017,40.9667,40.9667,59.0333,0,calibration,
real_moleculenet_freesolv,llm_transfer_router,66017,100.0,100.0,0.0,1,calibration,
real_moleculenet_freesolv,matched_target_only_llm,66017,100.0,100.0,0.0,1,calibration,llambo_warmstart_balanced_feature_interaction_noprior
real_moleculenet_freesolv,mixed_kernel_gp_ei,66017,48.0333,42.49,51.9667,0,calibration,
real_moleculenet_freesolv,source_warmstart_only,66017,100.0,100.0,0.0,1,calibration,
real_moleculenet_freesolv,target_acquisition_portfolio,66017,52.1333,45.4167,47.8667,0,calibration,
real_moleculenet_freesolv,fixed_data_only_transfer,66018,100.0,100.0,0.0,1,calibration,
real_moleculenet_freesolv,fixed_scale_ensemble_0p5_1_1p5_2_3_4,66018,69.4333,51.5133,30.5667,1,calibration,
real_moleculenet_freesolv,gp_ucb,66018,69.4333,46.22,30.5667,1,calibration,
real_moleculenet_freesolv,llm_transfer_router,66018,100.0,100.0,0.0,1,calibration,
real_moleculenet_freesolv,matched_target_only_llm,66018,100.0,100.0,0.0,1,calibration,llambo_warmstart_balanced_feature_interaction_noprior
real_moleculenet_freesolv,mixed_kernel_gp_ei,66018,75.8,58.7233,24.2,1,calibration,
real_moleculenet_freesolv,source_warmstart_only,66018,100.0,100.0,0.0,1,calibration,
real_moleculenet_freesolv,target_acquisition_portfolio,66018,52.1333,48.1266,47.8667,0,calibration,
real_moleculenet_freesolv,fixed_data_only_transfer,66019,100.0,100.0,0.0,1,calibration,
real_moleculenet_freesolv,fixed_scale_ensemble_0p5_1_1p5_2_3_4,66019,52.1333,49.8433,47.8667,0,calibration,
real_moleculenet_freesolv,gp_ucb,66019,49.2,49.2,50.8,0,calibration,
real_moleculenet_freesolv,llm_transfer_router,66019,100.0,100.0,0.0,1,calibration,
real_moleculenet_freesolv,matched_target_only_llm,66019,100.0,100.0,0.0,1,calibration,llambo_warmstart_balanced_feature_interaction_noprior
real_moleculenet_freesolv,mixed_kernel_gp_ei,66019,52.1333,49.9,47.8667,0,calibration,
real_moleculenet_freesolv,source_warmstart_only,66019,100.0,100.0,0.0,1,calibration,
real_moleculenet_freesolv,target_acquisition_portfolio,66019,49.8,49.32,50.2,0,calibration,
real_moleculenet_freesolv,fixed_data_only_transfer,66020,100.0,100.0,0.0,1,calibration,
real_moleculenet_freesolv,fixed_scale_ensemble_0p5_1_1p5_2_3_4,66020,69.4333,48.07,30.5667,1,calibration,
real_moleculenet_freesolv,gp_ucb,66020,44.7,44.39,55.3,0,calibration,
real_moleculenet_freesolv,llm_transfer_router,66020,100.0,100.0,0.0,1,calibration,
real_moleculenet_freesolv,matched_target_only_llm,66020,100.0,100.0,0.0,1,calibration,llambo_warmstart_balanced_feature_interaction_noprior
real_moleculenet_freesolv,mixed_kernel_gp_ei,66020,50.7333,45.5967,49.2667,0,calibration,
real_moleculenet_freesolv,source_warmstart_only,66020,100.0,100.0,0.0,1,calibration,
real_moleculenet_freesolv,target_acquisition_portfolio,66020,50.7333,45.4633,49.2667,0,calibration,
real_moleculenet_freesolv,fixed_data_only_transfer,66021,100.0,100.0,0.0,1,calibration,
real_moleculenet_freesolv,fixed_scale_ensemble_0p5_1_1p5_2_3_4,66021,48.3667,47.0367,51.6333,0,calibration,
real_moleculenet_freesolv,gp_ucb,66021,48.3667,47.0367,51.6333,0,calibration,
real_moleculenet_freesolv,llm_transfer_router,66021,100.0,100.0,0.0,1,calibration,
real_moleculenet_freesolv,matched_target_only_llm,66021,100.0,100.0,0.0,1,calibration,llambo_warmstart_balanced_feature_interaction_noprior
real_moleculenet_freesolv,mixed_kernel_gp_ei,66021,69.4333,54.0666,30.5667,1,calibration,
real_moleculenet_freesolv,source_warmstart_only,66021,100.0,100.0,0.0,1,calibration,
real_moleculenet_freesolv,target_acquisition_portfolio,66021,48.3667,47.0367,51.6333,0,calibration,
real_moleculenet_freesolv,fixed_data_only_transfer,66022,100.0,100.0,0.0,1,calibration,
real_moleculenet_freesolv,fixed_scale_ensemble_0p5_1_1p5_2_3_4,66022,71.4333,69.09,28.5667,1,calibration,
real_moleculenet_freesolv,gp_ucb,66022,71.4333,69.09,28.5667,1,calibration,
real_moleculenet_freesolv,llm_transfer_router,66022,100.0,100.0,0.0,1,calibration,
real_moleculenet_freesolv,matched_target_only_llm,66022,100.0,100.0,0.0,1,calibration,llambo_warmstart_balanced_feature_interaction_noprior
real_moleculenet_freesolv,mixed_kernel_gp_ei,66022,71.4333,71.4333,28.5667,1,calibration,
real_moleculenet_freesolv,source_warmstart_only,66022,100.0,100.0,0.0,1,calibration,
real_moleculenet_freesolv,target_acquisition_portfolio,66022,71.4333,71.4333,28.5667,1,calibration,
real_moleculenet_freesolv,fixed_data_only_transfer,66023,100.0,100.0,0.0,1,calibration,
real_moleculenet_freesolv,fixed_scale_ensemble_0p5_1_1p5_2_3_4,66023,50.0,50.0,50.0,0,calibration,
real_moleculenet_freesolv,gp_ucb,66023,50.0,50.0,50.0,0,calibration,
real_moleculenet_freesolv,llm_transfer_router,66023,100.0,100.0,0.0,1,calibration,
real_moleculenet_freesolv,matched_target_only_llm,66023,100.0,100.0,0.0,1,calibration,llambo_warmstart_balanced_feature_interaction_noprior
real_moleculenet_freesolv,mixed_kernel_gp_ei,66023,58.8,50.89,41.2,0,calibration,
real_moleculenet_freesolv,source_warmstart_only,66023,100.0,100.0,0.0,1,calibration,
real_moleculenet_freesolv,target_acquisition_portfolio,66023,64.0333,52.2933,35.9667,0,calibration,
real_moleculenet_freesolv,fixed_data_only_transfer,66024,100.0,100.0,0.0,1,calibration,
real_moleculenet_freesolv,fixed_scale_ensemble_0p5_1_1p5_2_3_4,66024,64.0333,55.43,35.9667,0,calibration,
real_moleculenet_freesolv,gp_ucb,66024,64.0333,55.43,35.9667,0,calibration,
real_moleculenet_freesolv,llm_transfer_router,66024,100.0,100.0,0.0,1,calibration,
real_moleculenet_freesolv,matched_target_only_llm,66024,100.0,100.0,0.0,1,calibration,llambo_warmstart_balanced_feature_interaction_noprior
real_moleculenet_freesolv,mixed_kernel_gp_ei,66024,64.0333,55.43,35.9667,0,calibration,
real_moleculenet_freesolv,source_warmstart_only,66024,100.0,100.0,0.0,1,calibration,
real_moleculenet_freesolv,target_acquisition_portfolio,66024,64.0333,55.43,35.9667,0,calibration,
real_moleculenet_freesolv,fixed_data_only_transfer,66025,100.0,100.0,0.0,1,calibration,
real_moleculenet_freesolv,fixed_scale_ensemble_0p5_1_1p5_2_3_4,66025,79.0667,76.6667,20.9333,1,calibration,
real_moleculenet_freesolv,gp_ucb,66025,79.0667,76.6667,20.9333,1,calibration,
real_moleculenet_freesolv,llm_transfer_router,66025,100.0,100.0,0.0,1,calibration,
real_moleculenet_freesolv,matched_target_only_llm,66025,100.0,100.0,0.0,1,calibration,llambo_warmstart_balanced_feature_interaction_noprior
real_moleculenet_freesolv,mixed_kernel_gp_ei,66025,79.0667,74.2667,20.9333,1,calibration,
real_moleculenet_freesolv,source_warmstart_only,66025,100.0,100.0,0.0,1,calibration,
real_moleculenet_freesolv,target_acquisition_portfolio,66025,79.0667,75.4667,20.9333,1,calibration,
real_moleculenet_freesolv,fixed_data_only_transfer,66026,100.0,100.0,0.0,1,calibration,
real_moleculenet_freesolv,fixed_scale_ensemble_0p5_1_1p5_2_3_4,66026,64.0333,62.7,35.9667,0,calibration,
real_moleculenet_freesolv,gp_ucb,66026,71.4333,69.36,28.5667,1,calibration,
real_moleculenet_freesolv,llm_transfer_router,66026,100.0,100.0,0.0,1,calibration,
real_moleculenet_freesolv,matched_target_only_llm,66026,100.0,100.0,0.0,1,calibration,llambo_warmstart_balanced_feature_interaction_noprior
real_moleculenet_freesolv,mixed_kernel_gp_ei,66026,71.4333,69.36,28.5667,1,calibration,
real_moleculenet_freesolv,source_warmstart_only,66026,100.0,100.0,0.0,1,calibration,
real_moleculenet_freesolv,target_acquisition_portfolio,66026,71.4333,69.36,28.5667,1,calibration,
real_moleculenet_freesolv,fixed_data_only_transfer,66027,100.0,100.0,0.0,1,calibration,
real_moleculenet_freesolv,fixed_scale_ensemble_0p5_1_1p5_2_3_4,66027,71.4333,56.1733,28.5667,1,calibration,
real_moleculenet_freesolv,gp_ucb,66027,58.8,52.1,41.2,0,calibration,
real_moleculenet_freesolv,llm_transfer_router,66027,100.0,100.0,0.0,1,calibration,
real_moleculenet_freesolv,matched_target_only_llm,66027,100.0,100.0,0.0,1,calibration,llambo_warmstart_balanced_feature_interaction_noprior
real_moleculenet_freesolv,mixed_kernel_gp_ei,66027,56.1667,49.1967,43.8333,0,calibration,
real_moleculenet_freesolv,source_warmstart_only,66027,100.0,100.0,0.0,1,calibration,
real_moleculenet_freesolv,target_acquisition_portfolio,66027,52.6,48.84,47.4,0,calibration,
real_moleculenet_freesolv,fixed_data_only_transfer,66028,100.0,100.0,0.0,1,calibration,
real_moleculenet_freesolv,fixed_scale_ensemble_0p5_1_1p5_2_3_4,66028,71.4333,55.6466,28.5667,1,calibration,
real_moleculenet_freesolv,gp_ucb,66028,71.4333,57.19,28.5667,1,calibration,
real_moleculenet_freesolv,llm_transfer_router,66028,100.0,100.0,0.0,1,calibration,
real_moleculenet_freesolv,matched_target_only_llm,66028,100.0,100.0,0.0,1,calibration,llambo_warmstart_balanced_feature_interaction_noprior
real_moleculenet_freesolv,mixed_kernel_gp_ei,66028,71.4333,57.19,28.5667,1,calibration,
real_moleculenet_freesolv,source_warmstart_only,66028,100.0,100.0,0.0,1,calibration,
real_moleculenet_freesolv,target_acquisition_portfolio,66028,71.4333,57.19,28.5667,1,calibration,
real_moleculenet_freesolv,fixed_data_only_transfer,66029,100.0,100.0,0.0,1,calibration,
real_moleculenet_freesolv,fixed_scale_ensemble_0p5_1_1p5_2_3_4,66029,68.2,58.8367,31.8,0,calibration,
real_moleculenet_freesolv,gp_ucb,66029,64.0333,57.9666,35.9667,0,calibration,
real_moleculenet_freesolv,llm_transfer_router,66029,100.0,100.0,0.0,1,calibration,
real_moleculenet_freesolv,matched_target_only_llm,66029,100.0,100.0,0.0,1,calibration,llambo_warmstart_balanced_feature_interaction_noprior
real_moleculenet_freesolv,mixed_kernel_gp_ei,66029,64.0333,54.9266,35.9667,0,calibration,
real_moleculenet_freesolv,source_warmstart_only,66029,100.0,100.0,0.0,1,calibration,
real_moleculenet_freesolv,target_acquisition_portfolio,66029,64.0333,57.9866,35.9667,0,calibration,
real_moleculenet_freesolv,care_source_outcome_router,67000,100.0,100.0,0.0,1,heldout,matched_target_only_llm
real_moleculenet_freesolv,fixed_data_only_transfer,67000,100.0,100.0,0.0,1,heldout,
real_moleculenet_freesolv,fixed_scale_ensemble_0p5_1_1p5_2_3_4,67000,42.1,42.05,57.9,0,heldout,
real_moleculenet_freesolv,gp_ucb,67000,50.7333,42.9133,49.2667,0,heldout,
real_moleculenet_freesolv,llm_transfer_router,67000,100.0,100.0,0.0,1,heldout,
real_moleculenet_freesolv,matched_target_only_llm,67000,100.0,100.0,0.0,1,heldout,llambo_warmstart_balanced_feature_interaction_noprior
real_moleculenet_freesolv,mixed_kernel_gp_ei,67000,69.4333,45.6467,30.5667,1,heldout,
real_moleculenet_freesolv,source_warmstart_only,67000,100.0,100.0,0.0,1,heldout,
real_moleculenet_freesolv,target_acquisition_portfolio,67000,50.7333,42.9133,49.2667,0,heldout,
real_moleculenet_freesolv,care_source_outcome_router,67001,100.0,100.0,0.0,1,heldout,matched_target_only_llm
real_moleculenet_freesolv,fixed_data_only_transfer,67001,100.0,100.0,0.0,1,heldout,
real_moleculenet_freesolv,fixed_scale_ensemble_0p5_1_1p5_2_3_4,67001,64.0333,50.5333,35.9667,0,heldout,
real_moleculenet_freesolv,gp_ucb,67001,85.0667,56.24,14.9333,1,heldout,
real_moleculenet_freesolv,llm_transfer_router,67001,100.0,100.0,0.0,1,heldout,
real_moleculenet_freesolv,matched_target_only_llm,67001,100.0,100.0,0.0,1,heldout,llambo_warmstart_balanced_feature_interaction_noprior
real_moleculenet_freesolv,mixed_kernel_gp_ei,67001,100.0,66.4333,0.0,1,heldout,
real_moleculenet_freesolv,source_warmstart_only,67001,100.0,100.0,0.0,1,heldout,
real_moleculenet_freesolv,target_acquisition_portfolio,67001,100.0,66.4333,0.0,1,heldout,
real_moleculenet_freesolv,care_source_outcome_router,67002,100.0,100.0,0.0,1,heldout,matched_target_only_llm
real_moleculenet_freesolv,fixed_data_only_transfer,67002,100.0,100.0,0.0,1,heldout,
real_moleculenet_freesolv,fixed_scale_ensemble_0p5_1_1p5_2_3_4,67002,69.4333,56.0,30.5667,1,heldout,
real_moleculenet_freesolv,gp_ucb,67002,40.9667,39.2334,59.0333,0,heldout,
real_moleculenet_freesolv,llm_transfer_router,67002,100.0,100.0,0.0,1,heldout,
real_moleculenet_freesolv,matched_target_only_llm,67002,100.0,100.0,0.0,1,heldout,llambo_warmstart_balanced_feature_interaction_noprior
real_moleculenet_freesolv,mixed_kernel_gp_ei,67002,49.8,44.96,50.2,0,heldout,
real_moleculenet_freesolv,source_warmstart_only,67002,100.0,100.0,0.0,1,heldout,
real_moleculenet_freesolv,target_acquisition_portfolio,67002,69.4333,43.8067,30.5667,1,heldout,
real_moleculenet_freesolv,care_source_outcome_router,67003,100.0,100.0,0.0,1,heldout,matched_target_only_llm
real_moleculenet_freesolv,fixed_data_only_transfer,67003,100.0,100.0,0.0,1,heldout,
real_moleculenet_freesolv,fixed_scale_ensemble_0p5_1_1p5_2_3_4,67003,40.9667,40.29,59.0333,0,heldout,
real_moleculenet_freesolv,gp_ucb,67003,40.9667,40.29,59.0333,0,heldout,
real_moleculenet_freesolv,llm_transfer_router,67003,100.0,100.0,0.0,1,heldout,
real_moleculenet_freesolv,matched_target_only_llm,67003,100.0,100.0,0.0,1,heldout,llambo_warmstart_balanced_feature_interaction_noprior
real_moleculenet_freesolv,mixed_kernel_gp_ei,67003,42.1,40.8567,57.9,0,heldout,
real_moleculenet_freesolv,source_warmstart_only,67003,100.0,100.0,0.0,1,heldout,
real_moleculenet_freesolv,target_acquisition_portfolio,67003,40.9667,40.29,59.0333,0,heldout,
real_moleculenet_freesolv,care_source_outcome_router,67004,100.0,100.0,0.0,1,heldout,matched_target_only_llm
real_moleculenet_freesolv,fixed_data_only_transfer,67004,100.0,100.0,0.0,1,heldout,
real_moleculenet_freesolv,fixed_scale_ensemble_0p5_1_1p5_2_3_4,67004,50.7333,44.68,49.2667,0,heldout,
real_moleculenet_freesolv,gp_ucb,67004,71.4333,50.44,28.5667,1,heldout,
real_moleculenet_freesolv,llm_transfer_router,67004,100.0,100.0,0.0,1,heldout,
real_moleculenet_freesolv,matched_target_only_llm,67004,100.0,100.0,0.0,1,heldout,llambo_warmstart_balanced_feature_interaction_noprior
real_moleculenet_freesolv,mixed_kernel_gp_ei,67004,71.4333,50.11,28.5667,1,heldout,
real_moleculenet_freesolv,source_warmstart_only,67004,100.0,100.0,0.0,1,heldout,
real_moleculenet_freesolv,target_acquisition_portfolio,67004,71.4333,50.11,28.5667,1,heldout,
real_moleculenet_freesolv,care_source_outcome_router,67005,100.0,100.0,0.0,1,heldout,matched_target_only_llm
real_moleculenet_freesolv,fixed_data_only_transfer,67005,100.0,100.0,0.0,1,heldout,
real_moleculenet_freesolv,fixed_scale_ensemble_0p5_1_1p5_2_3_4,67005,50.0,50.0,50.0,0,heldout,
real_moleculenet_freesolv,gp_ucb,67005,50.0,50.0,50.0,0,heldout,
real_moleculenet_freesolv,llm_transfer_router,67005,100.0,100.0,0.0,1,heldout,
real_moleculenet_freesolv,matched_target_only_llm,67005,100.0,100.0,0.0,1,heldout,llambo_warmstart_balanced_feature_interaction_noprior
real_moleculenet_freesolv,mixed_kernel_gp_ei,67005,55.1,50.58,44.9,0,heldout,
real_moleculenet_freesolv,source_warmstart_only,67005,100.0,100.0,0.0,1,heldout,
real_moleculenet_freesolv,target_acquisition_portfolio,67005,50.0,50.0,50.0,0,heldout,
real_moleculenet_freesolv,care_source_outcome_router,67006,100.0,100.0,0.0,1,heldout,matched_target_only_llm
real_moleculenet_freesolv,fixed_data_only_transfer,67006,100.0,100.0,0.0,1,heldout,
real_moleculenet_freesolv,fixed_scale_ensemble_0p5_1_1p5_2_3_4,67006,53.8,50.9734,46.2,0,heldout,
real_moleculenet_freesolv,gp_ucb,67006,50.2667,50.2667,49.7333,0,heldout,
real_moleculenet_freesolv,llm_transfer_router,67006,100.0,100.0,0.0,1,heldout,
real_moleculenet_freesolv,matched_target_only_llm,67006,100.0,100.0,0.0,1,heldout,llambo_warmstart_balanced_feature_interaction_noprior
real_moleculenet_freesolv,mixed_kernel_gp_ei,67006,50.2667,50.2667,49.7333,0,heldout,
real_moleculenet_freesolv,source_warmstart_only,67006,100.0,100.0,0.0,1,heldout,
real_moleculenet_freesolv,target_acquisition_portfolio,67006,50.2667,50.2667,49.7333,0,heldout,
real_moleculenet_freesolv,care_source_outcome_router,67007,100.0,100.0,0.0,1,heldout,matched_target_only_llm
real_moleculenet_freesolv,fixed_data_only_transfer,67007,100.0,100.0,0.0,1,heldout,
real_moleculenet_freesolv,fixed_scale_ensemble_0p5_1_1p5_2_3_4,67007,43.2667,40.4967,56.7333,0,heldout,
real_moleculenet_freesolv,gp_ucb,67007,47.8,43.8,52.2,0,heldout,
real_moleculenet_freesolv,llm_transfer_router,67007,100.0,100.0,0.0,1,heldout,
real_moleculenet_freesolv,matched_target_only_llm,67007,100.0,100.0,0.0,1,heldout,llambo_warmstart_balanced_feature_interaction_noprior
real_moleculenet_freesolv,mixed_kernel_gp_ei,67007,100.0,46.17,0.0,1,heldout,
real_moleculenet_freesolv,source_warmstart_only,67007,100.0,100.0,0.0,1,heldout,
real_moleculenet_freesolv,target_acquisition_portfolio,67007,49.4,42.2167,50.6,0,heldout,
real_moleculenet_freesolv,care_source_outcome_router,67008,100.0,100.0,0.0,1,heldout,matched_target_only_llm
real_moleculenet_freesolv,fixed_data_only_transfer,67008,100.0,100.0,0.0,1,heldout,
real_moleculenet_freesolv,fixed_scale_ensemble_0p5_1_1p5_2_3_4,67008,77.2333,56.63,22.7667,1,heldout,
real_moleculenet_freesolv,gp_ucb,67008,48.1667,42.6867,51.8333,0,heldout,
real_moleculenet_freesolv,llm_transfer_router,67008,100.0,100.0,0.0,1,heldout,
real_moleculenet_freesolv,matched_target_only_llm,67008,100.0,100.0,0.0,1,heldout,llambo_warmstart_balanced_feature_interaction_noprior
real_moleculenet_freesolv,mixed_kernel_gp_ei,67008,42.1,41.0933,57.9,0,heldout,
real_moleculenet_freesolv,source_warmstart_only,67008,100.0,100.0,0.0,1,heldout,
real_moleculenet_freesolv,target_acquisition_portfolio,67008,48.1667,42.6867,51.8333,0,heldout,
real_moleculenet_freesolv,care_source_outcome_router,67009,100.0,100.0,0.0,1,heldout,matched_target_only_llm
real_moleculenet_freesolv,fixed_data_only_transfer,67009,100.0,100.0,0.0,1,heldout,
real_moleculenet_freesolv,fixed_scale_ensemble_0p5_1_1p5_2_3_4,67009,100.0,94.1533,0.0,1,heldout,
real_moleculenet_freesolv,gp_ucb,67009,100.0,94.1533,0.0,1,heldout,
real_moleculenet_freesolv,llm_transfer_router,67009,100.0,100.0,0.0,1,heldout,
real_moleculenet_freesolv,matched_target_only_llm,67009,100.0,100.0,0.0,1,heldout,llambo_warmstart_balanced_feature_interaction_noprior
real_moleculenet_freesolv,mixed_kernel_gp_ei,67009,100.0,94.1533,0.0,1,heldout,
real_moleculenet_freesolv,source_warmstart_only,67009,100.0,100.0,0.0,1,heldout,
real_moleculenet_freesolv,target_acquisition_portfolio,67009,100.0,94.1533,0.0,1,heldout,
real_moleculenet_freesolv,care_source_outcome_router,67010,100.0,100.0,0.0,1,heldout,matched_target_only_llm
real_moleculenet_freesolv,fixed_data_only_transfer,67010,100.0,100.0,0.0,1,heldout,
real_moleculenet_freesolv,fixed_scale_ensemble_0p5_1_1p5_2_3_4,67010,50.7333,44.23,49.2667,0,heldout,
real_moleculenet_freesolv,gp_ucb,67010,48.3667,44.5134,51.6333,0,heldout,
real_moleculenet_freesolv,llm_transfer_router,67010,100.0,100.0,0.0,1,heldout,
real_moleculenet_freesolv,matched_target_only_llm,67010,100.0,100.0,0.0,1,heldout,llambo_warmstart_balanced_feature_interaction_noprior
real_moleculenet_freesolv,mixed_kernel_gp_ei,67010,71.4333,43.2767,28.5667,1,heldout,
real_moleculenet_freesolv,source_warmstart_only,67010,100.0,100.0,0.0,1,heldout,
real_moleculenet_freesolv,target_acquisition_portfolio,67010,49.4,44.5367,50.6,0,heldout,
real_moleculenet_freesolv,care_source_outcome_router,67011,100.0,100.0,0.0,1,heldout,matched_target_only_llm
real_moleculenet_freesolv,fixed_data_only_transfer,67011,100.0,100.0,0.0,1,heldout,
real_moleculenet_freesolv,fixed_scale_ensemble_0p5_1_1p5_2_3_4,67011,69.4333,42.3366,30.5667,1,heldout,
real_moleculenet_freesolv,gp_ucb,67011,69.4333,42.3833,30.5667,1,heldout,
real_moleculenet_freesolv,llm_transfer_router,67011,100.0,100.0,0.0,1,heldout,
real_moleculenet_freesolv,matched_target_only_llm,67011,100.0,100.0,0.0,1,heldout,llambo_warmstart_balanced_feature_interaction_noprior
real_moleculenet_freesolv,mixed_kernel_gp_ei,67011,43.2667,38.3,56.7333,0,heldout,
real_moleculenet_freesolv,source_warmstart_only,67011,100.0,100.0,0.0,1,heldout,
real_moleculenet_freesolv,target_acquisition_portfolio,67011,43.2667,38.3,56.7333,0,heldout,
real_moleculenet_freesolv,care_source_outcome_router,67012,100.0,100.0,0.0,1,heldout,matched_target_only_llm
real_moleculenet_freesolv,fixed_data_only_transfer,67012,100.0,100.0,0.0,1,heldout,
real_moleculenet_freesolv,fixed_scale_ensemble_0p5_1_1p5_2_3_4,67012,69.4333,66.3066,30.5667,1,heldout,
real_moleculenet_freesolv,gp_ucb,67012,69.4333,66.3066,30.5667,1,heldout,
real_moleculenet_freesolv,llm_transfer_router,67012,100.0,100.0,0.0,1,heldout,
real_moleculenet_freesolv,matched_target_only_llm,67012,100.0,100.0,0.0,1,heldout,llambo_warmstart_balanced_feature_interaction_noprior
real_moleculenet_freesolv,mixed_kernel_gp_ei,67012,69.4333,66.3066,30.5667,1,heldout,
real_moleculenet_freesolv,source_warmstart_only,67012,100.0,100.0,0.0,1,heldout,
real_moleculenet_freesolv,target_acquisition_portfolio,67012,69.4333,66.3066,30.5667,1,heldout,
real_moleculenet_freesolv,care_source_outcome_router,67013,100.0,100.0,0.0,1,heldout,matched_target_only_llm
real_moleculenet_freesolv,fixed_data_only_transfer,67013,100.0,100.0,0.0,1,heldout,
real_moleculenet_freesolv,fixed_scale_ensemble_0p5_1_1p5_2_3_4,67013,53.3333,53.3333,46.6667,0,heldout,
real_moleculenet_freesolv,gp_ucb,67013,71.4333,57.13,28.5667,1,heldout,
real_moleculenet_freesolv,llm_transfer_router,67013,100.0,100.0,0.0,1,heldout,
real_moleculenet_freesolv,matched_target_only_llm,67013,100.0,100.0,0.0,1,heldout,llambo_warmstart_balanced_feature_interaction_noprior
real_moleculenet_freesolv,mixed_kernel_gp_ei,67013,71.4333,57.13,28.5667,1,heldout,
real_moleculenet_freesolv,source_warmstart_only,67013,100.0,100.0,0.0,1,heldout,
real_moleculenet_freesolv,target_acquisition_portfolio,67013,71.4333,55.1433,28.5667,1,heldout,
real_moleculenet_freesolv,care_source_outcome_router,67014,100.0,100.0,0.0,1,heldout,matched_target_only_llm
real_moleculenet_freesolv,fixed_data_only_transfer,67014,100.0,100.0,0.0,1,heldout,
real_moleculenet_freesolv,fixed_scale_ensemble_0p5_1_1p5_2_3_4,67014,76.8667,57.5,23.1333,1,heldout,
real_moleculenet_freesolv,gp_ucb,67014,76.8667,57.5,23.1333,1,heldout,
real_moleculenet_freesolv,llm_transfer_router,67014,100.0,100.0,0.0,1,heldout,
real_moleculenet_freesolv,matched_target_only_llm,67014,100.0,100.0,0.0,1,heldout,llambo_warmstart_balanced_feature_interaction_noprior
real_moleculenet_freesolv,mixed_kernel_gp_ei,67014,76.8667,63.0333,23.1333,1,heldout,
real_moleculenet_freesolv,source_warmstart_only,67014,100.0,100.0,0.0,1,heldout,
real_moleculenet_freesolv,target_acquisition_portfolio,67014,76.8667,57.5,23.1333,1,heldout,
real_moleculenet_freesolv,care_source_outcome_router,67015,100.0,100.0,0.0,1,heldout,matched_target_only_llm
real_moleculenet_freesolv,fixed_data_only_transfer,67015,100.0,100.0,0.0,1,heldout,
real_moleculenet_freesolv,fixed_scale_ensemble_0p5_1_1p5_2_3_4,67015,52.6,49.5633,47.4,0,heldout,
real_moleculenet_freesolv,gp_ucb,67015,56.1667,50.2767,43.8333,0,heldout,
real_moleculenet_freesolv,llm_transfer_router,67015,100.0,100.0,0.0,1,heldout,
real_moleculenet_freesolv,matched_target_only_llm,67015,100.0,100.0,0.0,1,heldout,llambo_warmstart_balanced_feature_interaction_noprior
real_moleculenet_freesolv,mixed_kernel_gp_ei,67015,76.8667,56.4933,23.1333,1,heldout,
real_moleculenet_freesolv,source_warmstart_only,67015,100.0,100.0,0.0,1,heldout,
real_moleculenet_freesolv,target_acquisition_portfolio,67015,76.8667,53.71,23.1333,1,heldout,
real_moleculenet_freesolv,care_source_outcome_router,67016,100.0,100.0,0.0,1,heldout,matched_target_only_llm
real_moleculenet_freesolv,fixed_data_only_transfer,67016,100.0,100.0,0.0,1,heldout,
real_moleculenet_freesolv,fixed_scale_ensemble_0p5_1_1p5_2_3_4,67016,100.0,77.72,0.0,1,heldout,
real_moleculenet_freesolv,gp_ucb,67016,100.0,84.2667,0.0,1,heldout,
real_moleculenet_freesolv,llm_transfer_router,67016,100.0,100.0,0.0,1,heldout,
real_moleculenet_freesolv,matched_target_only_llm,67016,100.0,100.0,0.0,1,heldout,llambo_warmstart_balanced_feature_interaction_noprior
real_moleculenet_freesolv,mixed_kernel_gp_ei,67016,100.0,85.76,0.0,1,heldout,
real_moleculenet_freesolv,source_warmstart_only,67016,100.0,100.0,0.0,1,heldout,
real_moleculenet_freesolv,target_acquisition_portfolio,67016,100.0,85.76,0.0,1,heldout,
real_moleculenet_freesolv,care_source_outcome_router,67017,100.0,100.0,0.0,1,heldout,matched_target_only_llm
real_moleculenet_freesolv,fixed_data_only_transfer,67017,100.0,100.0,0.0,1,heldout,
real_moleculenet_freesolv,fixed_scale_ensemble_0p5_1_1p5_2_3_4,67017,71.4333,62.8233,28.5667,1,heldout,
real_moleculenet_freesolv,gp_ucb,67017,71.4333,62.8233,28.5667,1,heldout,
real_moleculenet_freesolv,llm_transfer_router,67017,100.0,100.0,0.0,1,heldout,
real_moleculenet_freesolv,matched_target_only_llm,67017,100.0,100.0,0.0,1,heldout,llambo_warmstart_balanced_feature_interaction_noprior
real_moleculenet_freesolv,mixed_kernel_gp_ei,67017,71.4333,61.5933,28.5667,1,heldout,
real_moleculenet_freesolv,source_warmstart_only,67017,100.0,100.0,0.0,1,heldout,
real_moleculenet_freesolv,target_acquisition_portfolio,67017,71.4333,60.3633,28.5667,1,heldout,
real_moleculenet_freesolv,care_source_outcome_router,67018,100.0,100.0,0.0,1,heldout,matched_target_only_llm
real_moleculenet_freesolv,fixed_data_only_transfer,67018,100.0,100.0,0.0,1,heldout,
real_moleculenet_freesolv,fixed_scale_ensemble_0p5_1_1p5_2_3_4,67018,79.0667,64.0966,20.9333,1,heldout,
real_moleculenet_freesolv,gp_ucb,67018,68.2,55.97,31.8,0,heldout,
real_moleculenet_freesolv,llm_transfer_router,67018,100.0,100.0,0.0,1,heldout,
real_moleculenet_freesolv,matched_target_only_llm,67018,100.0,100.0,0.0,1,heldout,llambo_warmstart_balanced_feature_interaction_noprior
real_moleculenet_freesolv,mixed_kernel_gp_ei,67018,68.2,53.0633,31.8,0,heldout,
real_moleculenet_freesolv,source_warmstart_only,67018,100.0,100.0,0.0,1,heldout,
real_moleculenet_freesolv,target_acquisition_portfolio,67018,68.2,53.0633,31.8,0,heldout,
real_moleculenet_freesolv,care_source_outcome_router,67019,100.0,100.0,0.0,1,heldout,matched_target_only_llm
real_moleculenet_freesolv,fixed_data_only_transfer,67019,100.0,100.0,0.0,1,heldout,
real_moleculenet_freesolv,fixed_scale_ensemble_0p5_1_1p5_2_3_4,67019,35.2,35.2,64.8,0,heldout,
real_moleculenet_freesolv,gp_ucb,67019,56.1667,43.5867,43.8333,0,heldout,
real_moleculenet_freesolv,llm_transfer_router,67019,100.0,100.0,0.0,1,heldout,
real_moleculenet_freesolv,matched_target_only_llm,67019,100.0,100.0,0.0,1,heldout,llambo_warmstart_balanced_feature_interaction_noprior
real_moleculenet_freesolv,mixed_kernel_gp_ei,67019,35.2,35.2,64.8,0,heldout,
real_moleculenet_freesolv,source_warmstart_only,67019,100.0,100.0,0.0,1,heldout,
real_moleculenet_freesolv,target_acquisition_portfolio,67019,35.2,35.2,64.8,0,heldout,
real_moleculenet_freesolv,care_source_outcome_router,67020,100.0,100.0,0.0,1,heldout,matched_target_only_llm
real_moleculenet_freesolv,fixed_data_only_transfer,67020,100.0,100.0,0.0,1,heldout,
real_moleculenet_freesolv,fixed_scale_ensemble_0p5_1_1p5_2_3_4,67020,76.8667,62.8967,23.1333,1,heldout,
real_moleculenet_freesolv,gp_ucb,67020,76.8667,62.8967,23.1333,1,heldout,
real_moleculenet_freesolv,llm_transfer_router,67020,100.0,100.0,0.0,1,heldout,
real_moleculenet_freesolv,matched_target_only_llm,67020,100.0,100.0,0.0,1,heldout,llambo_warmstart_balanced_feature_interaction_noprior
real_moleculenet_freesolv,mixed_kernel_gp_ei,67020,76.8667,62.8967,23.1333,1,heldout,
real_moleculenet_freesolv,source_warmstart_only,67020,100.0,100.0,0.0,1,heldout,
real_moleculenet_freesolv,target_acquisition_portfolio,67020,76.8667,62.8967,23.1333,1,heldout,
real_moleculenet_freesolv,care_source_outcome_router,67021,100.0,100.0,0.0,1,heldout,matched_target_only_llm
real_moleculenet_freesolv,fixed_data_only_transfer,67021,100.0,100.0,0.0,1,heldout,
real_moleculenet_freesolv,fixed_scale_ensemble_0p5_1_1p5_2_3_4,67021,79.0667,79.0667,20.9333,1,heldout,
real_moleculenet_freesolv,gp_ucb,67021,79.0667,74.8667,20.9333,1,heldout,
real_moleculenet_freesolv,llm_transfer_router,67021,100.0,100.0,0.0,1,heldout,
real_moleculenet_freesolv,matched_target_only_llm,67021,100.0,100.0,0.0,1,heldout,llambo_warmstart_balanced_feature_interaction_noprior
real_moleculenet_freesolv,mixed_kernel_gp_ei,67021,73.0667,73.0667,26.9333,1,heldout,
real_moleculenet_freesolv,source_warmstart_only,67021,100.0,100.0,0.0,1,heldout,
real_moleculenet_freesolv,target_acquisition_portfolio,67021,79.0667,79.0667,20.9333,1,heldout,
real_moleculenet_freesolv,care_source_outcome_router,67022,100.0,100.0,0.0,1,heldout,matched_target_only_llm
real_moleculenet_freesolv,fixed_data_only_transfer,67022,100.0,100.0,0.0,1,heldout,
real_moleculenet_freesolv,fixed_scale_ensemble_0p5_1_1p5_2_3_4,67022,61.4333,61.4333,38.5667,0,heldout,
real_moleculenet_freesolv,gp_ucb,67022,61.4333,61.4333,38.5667,0,heldout,
real_moleculenet_freesolv,llm_transfer_router,67022,100.0,100.0,0.0,1,heldout,
real_moleculenet_freesolv,matched_target_only_llm,67022,100.0,100.0,0.0,1,heldout,llambo_warmstart_balanced_feature_interaction_noprior
real_moleculenet_freesolv,mixed_kernel_gp_ei,67022,100.0,79.7966,0.0,1,heldout,
real_moleculenet_freesolv,source_warmstart_only,67022,100.0,100.0,0.0,1,heldout,
real_moleculenet_freesolv,target_acquisition_portfolio,67022,100.0,83.6533,0.0,1,heldout,
real_moleculenet_freesolv,care_source_outcome_router,67023,100.0,100.0,0.0,1,heldout,matched_target_only_llm
real_moleculenet_freesolv,fixed_data_only_transfer,67023,100.0,100.0,0.0,1,heldout,
real_moleculenet_freesolv,fixed_scale_ensemble_0p5_1_1p5_2_3_4,67023,64.0333,59.7766,35.9667,0,heldout,
real_moleculenet_freesolv,gp_ucb,67023,71.4333,61.9966,28.5667,1,heldout,
real_moleculenet_freesolv,llm_transfer_router,67023,100.0,100.0,0.0,1,heldout,
real_moleculenet_freesolv,matched_target_only_llm,67023,100.0,100.0,0.0,1,heldout,llambo_warmstart_balanced_feature_interaction_noprior
real_moleculenet_freesolv,mixed_kernel_gp_ei,67023,64.0333,59.7766,35.9667,0,heldout,
real_moleculenet_freesolv,source_warmstart_only,67023,100.0,100.0,0.0,1,heldout,
real_moleculenet_freesolv,target_acquisition_portfolio,67023,71.4333,61.9966,28.5667,1,heldout,
real_moleculenet_freesolv,care_source_outcome_router,67024,100.0,100.0,0.0,1,heldout,matched_target_only_llm
real_moleculenet_freesolv,fixed_data_only_transfer,67024,100.0,100.0,0.0,1,heldout,
real_moleculenet_freesolv,fixed_scale_ensemble_0p5_1_1p5_2_3_4,67024,56.5,50.8733,43.5,0,heldout,
real_moleculenet_freesolv,gp_ucb,67024,50.7,46.11,49.3,0,heldout,
real_moleculenet_freesolv,llm_transfer_router,67024,100.0,100.0,0.0,1,heldout,
real_moleculenet_freesolv,matched_target_only_llm,67024,100.0,100.0,0.0,1,heldout,llambo_warmstart_balanced_feature_interaction_noprior
real_moleculenet_freesolv,mixed_kernel_gp_ei,67024,50.7,44.8467,49.3,0,heldout,
real_moleculenet_freesolv,source_warmstart_only,67024,100.0,100.0,0.0,1,heldout,
real_moleculenet_freesolv,target_acquisition_portfolio,67024,50.7,46.11,49.3,0,heldout,
real_moleculenet_freesolv,care_source_outcome_router,67025,100.0,100.0,0.0,1,heldout,matched_target_only_llm
real_moleculenet_freesolv,fixed_data_only_transfer,67025,100.0,100.0,0.0,1,heldout,
real_moleculenet_freesolv,fixed_scale_ensemble_0p5_1_1p5_2_3_4,67025,45.6667,45.0734,54.3333,0,heldout,
real_moleculenet_freesolv,gp_ucb,67025,52.1333,45.39,47.8667,0,heldout,
real_moleculenet_freesolv,llm_transfer_router,67025,100.0,100.0,0.0,1,heldout,
real_moleculenet_freesolv,matched_target_only_llm,67025,100.0,100.0,0.0,1,heldout,llambo_warmstart_balanced_feature_interaction_noprior
real_moleculenet_freesolv,mixed_kernel_gp_ei,67025,48.3667,46.1534,51.6333,0,heldout,
real_moleculenet_freesolv,source_warmstart_only,67025,100.0,100.0,0.0,1,heldout,
real_moleculenet_freesolv,target_acquisition_portfolio,67025,50.7,45.6467,49.3,0,heldout,
real_moleculenet_freesolv,care_source_outcome_router,67026,100.0,100.0,0.0,1,heldout,matched_target_only_llm
real_moleculenet_freesolv,fixed_data_only_transfer,67026,100.0,100.0,0.0,1,heldout,
real_moleculenet_freesolv,fixed_scale_ensemble_0p5_1_1p5_2_3_4,67026,40.9667,36.9933,59.0333,0,heldout,
real_moleculenet_freesolv,gp_ucb,67026,40.9667,37.9867,59.0333,0,heldout,
real_moleculenet_freesolv,llm_transfer_router,67026,100.0,100.0,0.0,1,heldout,
real_moleculenet_freesolv,matched_target_only_llm,67026,100.0,100.0,0.0,1,heldout,llambo_warmstart_balanced_feature_interaction_noprior
real_moleculenet_freesolv,mixed_kernel_gp_ei,67026,50.7333,37.97,49.2667,0,heldout,
real_moleculenet_freesolv,source_warmstart_only,67026,100.0,100.0,0.0,1,heldout,
real_moleculenet_freesolv,target_acquisition_portfolio,67026,42.1,38.44,57.9,0,heldout,
real_moleculenet_freesolv,care_source_outcome_router,67027,100.0,100.0,0.0,1,heldout,matched_target_only_llm
real_moleculenet_freesolv,fixed_data_only_transfer,67027,100.0,100.0,0.0,1,heldout,
real_moleculenet_freesolv,fixed_scale_ensemble_0p5_1_1p5_2_3_4,67027,53.3667,47.4167,46.6333,0,heldout,
real_moleculenet_freesolv,gp_ucb,67027,53.3667,49.7567,46.6333,0,heldout,
real_moleculenet_freesolv,llm_transfer_router,67027,100.0,100.0,0.0,1,heldout,
real_moleculenet_freesolv,matched_target_only_llm,67027,100.0,100.0,0.0,1,heldout,llambo_warmstart_balanced_feature_interaction_noprior
real_moleculenet_freesolv,mixed_kernel_gp_ei,67027,53.3667,47.5534,46.6333,0,heldout,
real_moleculenet_freesolv,source_warmstart_only,67027,100.0,100.0,0.0,1,heldout,
real_moleculenet_freesolv,target_acquisition_portfolio,67027,69.4333,53.7366,30.5667,1,heldout,
real_moleculenet_freesolv,care_source_outcome_router,67028,100.0,100.0,0.0,1,heldout,matched_target_only_llm
real_moleculenet_freesolv,fixed_data_only_transfer,67028,100.0,100.0,0.0,1,heldout,
real_moleculenet_freesolv,fixed_scale_ensemble_0p5_1_1p5_2_3_4,67028,49.8,38.44,50.2,0,heldout,
real_moleculenet_freesolv,gp_ucb,67028,49.8,38.2767,50.2,0,heldout,
real_moleculenet_freesolv,llm_transfer_router,67028,100.0,100.0,0.0,1,heldout,
real_moleculenet_freesolv,matched_target_only_llm,67028,100.0,100.0,0.0,1,heldout,llambo_warmstart_balanced_feature_interaction_noprior
real_moleculenet_freesolv,mixed_kernel_gp_ei,67028,56.5,40.83,43.5,0,heldout,
real_moleculenet_freesolv,source_warmstart_only,67028,100.0,100.0,0.0,1,heldout,
real_moleculenet_freesolv,target_acquisition_portfolio,67028,49.8,38.44,50.2,0,heldout,
real_moleculenet_freesolv,care_source_outcome_router,67029,100.0,100.0,0.0,1,heldout,matched_target_only_llm
real_moleculenet_freesolv,fixed_data_only_transfer,67029,100.0,100.0,0.0,1,heldout,
real_moleculenet_freesolv,fixed_scale_ensemble_0p5_1_1p5_2_3_4,67029,79.0667,78.3333,20.9333,1,heldout,
real_moleculenet_freesolv,gp_ucb,67029,79.0667,76.78,20.9333,1,heldout,
real_moleculenet_freesolv,llm_transfer_router,67029,100.0,100.0,0.0,1,heldout,
real_moleculenet_freesolv,matched_target_only_llm,67029,100.0,100.0,0.0,1,heldout,llambo_warmstart_balanced_feature_interaction_noprior
real_moleculenet_freesolv,mixed_kernel_gp_ei,67029,75.8,75.8,24.2,1,heldout,
real_moleculenet_freesolv,source_warmstart_only,67029,100.0,100.0,0.0,1,heldout,
real_moleculenet_freesolv,target_acquisition_portfolio,67029,79.0667,77.7833,20.9333,1,heldout,
real_moleculenet_freesolv,care_source_outcome_router,67030,100.0,100.0,0.0,1,heldout,matched_target_only_llm
real_moleculenet_freesolv,fixed_data_only_transfer,67030,100.0,100.0,0.0,1,heldout,
real_moleculenet_freesolv,fixed_scale_ensemble_0p5_1_1p5_2_3_4,67030,52.1333,46.9367,47.8667,0,heldout,
real_moleculenet_freesolv,gp_ucb,67030,47.8,44.4967,52.2,0,heldout,
real_moleculenet_freesolv,llm_transfer_router,67030,100.0,100.0,0.0,1,heldout,
real_moleculenet_freesolv,matched_target_only_llm,67030,100.0,100.0,0.0,1,heldout,llambo_warmstart_balanced_feature_interaction_noprior
real_moleculenet_freesolv,mixed_kernel_gp_ei,67030,49.8,45.47,50.2,0,heldout,
real_moleculenet_freesolv,source_warmstart_only,67030,100.0,100.0,0.0,1,heldout,
real_moleculenet_freesolv,target_acquisition_portfolio,67030,52.1333,47.1867,47.8667,0,heldout,
real_moleculenet_freesolv,care_source_outcome_router,67031,100.0,100.0,0.0,1,heldout,matched_target_only_llm
real_moleculenet_freesolv,fixed_data_only_transfer,67031,100.0,100.0,0.0,1,heldout,
real_moleculenet_freesolv,fixed_scale_ensemble_0p5_1_1p5_2_3_4,67031,49.4,43.6233,50.6,0,heldout,
real_moleculenet_freesolv,gp_ucb,67031,49.8,44.03,50.2,0,heldout,
real_moleculenet_freesolv,llm_transfer_router,67031,100.0,100.0,0.0,1,heldout,
real_moleculenet_freesolv,matched_target_only_llm,67031,100.0,100.0,0.0,1,heldout,llambo_warmstart_balanced_feature_interaction_noprior
real_moleculenet_freesolv,mixed_kernel_gp_ei,67031,52.6,42.81,47.4,0,heldout,
real_moleculenet_freesolv,source_warmstart_only,67031,100.0,100.0,0.0,1,heldout,
real_moleculenet_freesolv,target_acquisition_portfolio,67031,52.6,42.81,47.4,0,heldout,
real_moleculenet_freesolv,care_source_outcome_router,67032,100.0,100.0,0.0,1,heldout,matched_target_only_llm
real_moleculenet_freesolv,fixed_data_only_transfer,67032,100.0,100.0,0.0,1,heldout,
real_moleculenet_freesolv,fixed_scale_ensemble_0p5_1_1p5_2_3_4,67032,69.4333,49.9867,30.5667,1,heldout,
real_moleculenet_freesolv,gp_ucb,67032,69.4333,56.5533,30.5667,1,heldout,
real_moleculenet_freesolv,llm_transfer_router,67032,100.0,100.0,0.0,1,heldout,
real_moleculenet_freesolv,matched_target_only_llm,67032,100.0,100.0,0.0,1,heldout,llambo_warmstart_balanced_feature_interaction_noprior
real_moleculenet_freesolv,mixed_kernel_gp_ei,67032,75.8,59.4366,24.2,1,heldout,
real_moleculenet_freesolv,source_warmstart_only,67032,100.0,100.0,0.0,1,heldout,
real_moleculenet_freesolv,target_acquisition_portfolio,67032,77.2333,50.7667,22.7667,1,heldout,
real_moleculenet_freesolv,care_source_outcome_router,67033,100.0,100.0,0.0,1,heldout,matched_target_only_llm
real_moleculenet_freesolv,fixed_data_only_transfer,67033,100.0,100.0,0.0,1,heldout,
real_moleculenet_freesolv,fixed_scale_ensemble_0p5_1_1p5_2_3_4,67033,100.0,75.3133,0.0,1,heldout,
real_moleculenet_freesolv,gp_ucb,67033,100.0,75.3133,0.0,1,heldout,
real_moleculenet_freesolv,llm_transfer_router,67033,100.0,100.0,0.0,1,heldout,
real_moleculenet_freesolv,matched_target_only_llm,67033,100.0,100.0,0.0,1,heldout,llambo_warmstart_balanced_feature_interaction_noprior
real_moleculenet_freesolv,mixed_kernel_gp_ei,67033,64.0333,55.28,35.9667,0,heldout,
real_moleculenet_freesolv,source_warmstart_only,67033,100.0,100.0,0.0,1,heldout,
real_moleculenet_freesolv,target_acquisition_portfolio,67033,56.5,50.3433,43.5,0,heldout,
real_moleculenet_freesolv,care_source_outcome_router,67034,100.0,100.0,0.0,1,heldout,matched_target_only_llm
real_moleculenet_freesolv,fixed_data_only_transfer,67034,100.0,100.0,0.0,1,heldout,
real_moleculenet_freesolv,fixed_scale_ensemble_0p5_1_1p5_2_3_4,67034,79.0667,78.1034,20.9333,1,heldout,
real_moleculenet_freesolv,gp_ucb,67034,79.0667,76.3034,20.9333,1,heldout,
real_moleculenet_freesolv,llm_transfer_router,67034,100.0,100.0,0.0,1,heldout,
real_moleculenet_freesolv,matched_target_only_llm,67034,100.0,100.0,0.0,1,heldout,llambo_warmstart_balanced_feature_interaction_noprior
real_moleculenet_freesolv,mixed_kernel_gp_ei,67034,79.0667,74.5034,20.9333,1,heldout,
real_moleculenet_freesolv,source_warmstart_only,67034,100.0,100.0,0.0,1,heldout,
real_moleculenet_freesolv,target_acquisition_portfolio,67034,79.0667,78.1034,20.9333,1,heldout,
real_moleculenet_freesolv,care_source_outcome_router,67035,100.0,100.0,0.0,1,heldout,matched_target_only_llm
real_moleculenet_freesolv,fixed_data_only_transfer,67035,100.0,100.0,0.0,1,heldout,
real_moleculenet_freesolv,fixed_scale_ensemble_0p5_1_1p5_2_3_4,67035,68.2,65.19,31.8,0,heldout,
real_moleculenet_freesolv,gp_ucb,67035,68.2,65.19,31.8,0,heldout,
real_moleculenet_freesolv,llm_transfer_router,67035,100.0,100.0,0.0,1,heldout,
real_moleculenet_freesolv,matched_target_only_llm,67035,100.0,100.0,0.0,1,heldout,llambo_warmstart_balanced_feature_interaction_noprior
real_moleculenet_freesolv,mixed_kernel_gp_ei,67035,75.8,72.5633,24.2,1,heldout,
real_moleculenet_freesolv,source_warmstart_only,67035,100.0,100.0,0.0,1,heldout,
real_moleculenet_freesolv,target_acquisition_portfolio,67035,68.2,65.19,31.8,0,heldout,
real_moleculenet_freesolv,care_source_outcome_router,67036,100.0,100.0,0.0,1,heldout,matched_target_only_llm
real_moleculenet_freesolv,fixed_data_only_transfer,67036,100.0,100.0,0.0,1,heldout,
real_moleculenet_freesolv,fixed_scale_ensemble_0p5_1_1p5_2_3_4,67036,50.7333,45.6766,49.2667,0,heldout,
real_moleculenet_freesolv,gp_ucb,67036,39.7333,39.7333,60.2667,0,heldout,
real_moleculenet_freesolv,llm_transfer_router,67036,100.0,100.0,0.0,1,heldout,
real_moleculenet_freesolv,matched_target_only_llm,67036,100.0,100.0,0.0,1,heldout,llambo_warmstart_balanced_feature_interaction_noprior
real_moleculenet_freesolv,mixed_kernel_gp_ei,67036,58.8,46.6967,41.2,0,heldout,
real_moleculenet_freesolv,source_warmstart_only,67036,100.0,100.0,0.0,1,heldout,
real_moleculenet_freesolv,target_acquisition_portfolio,67036,42.1,38.42,57.9,0,heldout,
real_moleculenet_freesolv,care_source_outcome_router,67037,100.0,100.0,0.0,1,heldout,matched_target_only_llm
real_moleculenet_freesolv,fixed_data_only_transfer,67037,100.0,100.0,0.0,1,heldout,
real_moleculenet_freesolv,fixed_scale_ensemble_0p5_1_1p5_2_3_4,67037,79.0667,53.1033,20.9333,1,heldout,
real_moleculenet_freesolv,gp_ucb,67037,39.1333,37.97,60.8667,0,heldout,
real_moleculenet_freesolv,llm_transfer_router,67037,100.0,100.0,0.0,1,heldout,
real_moleculenet_freesolv,matched_target_only_llm,67037,100.0,100.0,0.0,1,heldout,llambo_warmstart_balanced_feature_interaction_noprior
real_moleculenet_freesolv,mixed_kernel_gp_ei,67037,39.1333,37.97,60.8667,0,heldout,
real_moleculenet_freesolv,source_warmstart_only,67037,100.0,100.0,0.0,1,heldout,
real_moleculenet_freesolv,target_acquisition_portfolio,67037,43.7,41.84,56.3,0,heldout,
real_moleculenet_freesolv,care_source_outcome_router,67038,100.0,100.0,0.0,1,heldout,matched_target_only_llm
real_moleculenet_freesolv,fixed_data_only_transfer,67038,100.0,100.0,0.0,1,heldout,
real_moleculenet_freesolv,fixed_scale_ensemble_0p5_1_1p5_2_3_4,67038,71.4333,71.4333,28.5667,1,heldout,
real_moleculenet_freesolv,gp_ucb,67038,71.4333,71.4333,28.5667,1,heldout,
real_moleculenet_freesolv,llm_transfer_router,67038,100.0,100.0,0.0,1,heldout,
real_moleculenet_freesolv,matched_target_only_llm,67038,100.0,100.0,0.0,1,heldout,llambo_warmstart_balanced_feature_interaction_noprior
real_moleculenet_freesolv,mixed_kernel_gp_ei,67038,71.4333,71.4333,28.5667,1,heldout,
real_moleculenet_freesolv,source_warmstart_only,67038,100.0,100.0,0.0,1,heldout,
real_moleculenet_freesolv,target_acquisition_portfolio,67038,71.4333,71.4333,28.5667,1,heldout,
real_moleculenet_freesolv,care_source_outcome_router,67039,100.0,100.0,0.0,1,heldout,matched_target_only_llm
real_moleculenet_freesolv,fixed_data_only_transfer,67039,100.0,100.0,0.0,1,heldout,
real_moleculenet_freesolv,fixed_scale_ensemble_0p5_1_1p5_2_3_4,67039,79.0667,76.6667,20.9333,1,heldout,
real_moleculenet_freesolv,gp_ucb,67039,79.0667,76.6667,20.9333,1,heldout,
real_moleculenet_freesolv,llm_transfer_router,67039,100.0,100.0,0.0,1,heldout,
real_moleculenet_freesolv,matched_target_only_llm,67039,100.0,100.0,0.0,1,heldout,llambo_warmstart_balanced_feature_interaction_noprior
real_moleculenet_freesolv,mixed_kernel_gp_ei,67039,73.0667,73.0667,26.9333,1,heldout,
real_moleculenet_freesolv,source_warmstart_only,67039,100.0,100.0,0.0,1,heldout,
real_moleculenet_freesolv,target_acquisition_portfolio,67039,73.0667,73.0667,26.9333,1,heldout,
real_moleculenet_freesolv,care_source_outcome_router,67040,100.0,100.0,0.0,1,heldout,matched_target_only_llm
real_moleculenet_freesolv,fixed_data_only_transfer,67040,100.0,100.0,0.0,1,heldout,
real_moleculenet_freesolv,fixed_scale_ensemble_0p5_1_1p5_2_3_4,67040,64.0333,55.7033,35.9667,0,heldout,
real_moleculenet_freesolv,gp_ucb,67040,64.0333,54.2467,35.9667,0,heldout,
real_moleculenet_freesolv,llm_transfer_router,67040,100.0,100.0,0.0,1,heldout,
real_moleculenet_freesolv,matched_target_only_llm,67040,100.0,100.0,0.0,1,heldout,llambo_warmstart_balanced_feature_interaction_noprior
real_moleculenet_freesolv,mixed_kernel_gp_ei,67040,64.0333,55.7033,35.9667,0,heldout,
real_moleculenet_freesolv,source_warmstart_only,67040,100.0,100.0,0.0,1,heldout,
real_moleculenet_freesolv,target_acquisition_portfolio,67040,64.0333,54.2467,35.9667,0,heldout,
real_moleculenet_freesolv,care_source_outcome_router,67041,100.0,100.0,0.0,1,heldout,matched_target_only_llm
real_moleculenet_freesolv,fixed_data_only_transfer,67041,100.0,100.0,0.0,1,heldout,
real_moleculenet_freesolv,fixed_scale_ensemble_0p5_1_1p5_2_3_4,67041,69.4333,63.8033,30.5667,1,heldout,
real_moleculenet_freesolv,gp_ucb,67041,69.4333,64.2733,30.5667,1,heldout,
real_moleculenet_freesolv,llm_transfer_router,67041,100.0,100.0,0.0,1,heldout,
real_moleculenet_freesolv,matched_target_only_llm,67041,100.0,100.0,0.0,1,heldout,llambo_warmstart_balanced_feature_interaction_noprior
real_moleculenet_freesolv,mixed_kernel_gp_ei,67041,69.4333,64.2733,30.5667,1,heldout,
real_moleculenet_freesolv,source_warmstart_only,67041,100.0,100.0,0.0,1,heldout,
real_moleculenet_freesolv,target_acquisition_portfolio,67041,69.4333,63.8033,30.5667,1,heldout,
real_moleculenet_freesolv,care_source_outcome_router,67042,100.0,100.0,0.0,1,heldout,matched_target_only_llm
real_moleculenet_freesolv,fixed_data_only_transfer,67042,100.0,100.0,0.0,1,heldout,
real_moleculenet_freesolv,fixed_scale_ensemble_0p5_1_1p5_2_3_4,67042,44.7,41.66,55.3,0,heldout,
real_moleculenet_freesolv,gp_ucb,67042,40.9333,40.9333,59.0667,0,heldout,
real_moleculenet_freesolv,llm_transfer_router,67042,100.0,100.0,0.0,1,heldout,
real_moleculenet_freesolv,matched_target_only_llm,67042,100.0,100.0,0.0,1,heldout,llambo_warmstart_balanced_feature_interaction_noprior
real_moleculenet_freesolv,mixed_kernel_gp_ei,67042,40.9333,40.9333,59.0667,0,heldout,
real_moleculenet_freesolv,source_warmstart_only,67042,100.0,100.0,0.0,1,heldout,
real_moleculenet_freesolv,target_acquisition_portfolio,67042,40.9333,40.9333,59.0667,0,heldout,
real_moleculenet_freesolv,care_source_outcome_router,67043,100.0,100.0,0.0,1,heldout,matched_target_only_llm
real_moleculenet_freesolv,fixed_data_only_transfer,67043,100.0,100.0,0.0,1,heldout,
real_moleculenet_freesolv,fixed_scale_ensemble_0p5_1_1p5_2_3_4,67043,45.6,41.3367,54.4,0,heldout,
real_moleculenet_freesolv,gp_ucb,67043,59.1333,42.69,40.8667,0,heldout,
real_moleculenet_freesolv,llm_transfer_router,67043,100.0,100.0,0.0,1,heldout,
real_moleculenet_freesolv,matched_target_only_llm,67043,100.0,100.0,0.0,1,heldout,llambo_warmstart_balanced_feature_interaction_noprior
real_moleculenet_freesolv,mixed_kernel_gp_ei,67043,59.1333,42.69,40.8667,0,heldout,
real_moleculenet_freesolv,source_warmstart_only,67043,100.0,100.0,0.0,1,heldout,
real_moleculenet_freesolv,target_acquisition_portfolio,67043,48.0,41.5767,52.0,0,heldout,
real_moleculenet_freesolv,care_source_outcome_router,67044,100.0,100.0,0.0,1,heldout,matched_target_only_llm
real_moleculenet_freesolv,fixed_data_only_transfer,67044,100.0,100.0,0.0,1,heldout,
real_moleculenet_freesolv,fixed_scale_ensemble_0p5_1_1p5_2_3_4,67044,79.0667,63.2967,20.9333,1,heldout,
real_moleculenet_freesolv,gp_ucb,67044,79.0667,62.0967,20.9333,1,heldout,
real_moleculenet_freesolv,llm_transfer_router,67044,100.0,100.0,0.0,1,heldout,
real_moleculenet_freesolv,matched_target_only_llm,67044,100.0,100.0,0.0,1,heldout,llambo_warmstart_balanced_feature_interaction_noprior
real_moleculenet_freesolv,mixed_kernel_gp_ei,67044,69.4333,60.4066,30.5667,1,heldout,
real_moleculenet_freesolv,source_warmstart_only,67044,100.0,100.0,0.0,1,heldout,
real_moleculenet_freesolv,target_acquisition_portfolio,67044,79.0667,63.2967,20.9333,1,heldout,
real_moleculenet_freesolv,care_source_outcome_router,67045,100.0,100.0,0.0,1,heldout,matched_target_only_llm
real_moleculenet_freesolv,fixed_data_only_transfer,67045,100.0,100.0,0.0,1,heldout,
real_moleculenet_freesolv,fixed_scale_ensemble_0p5_1_1p5_2_3_4,67045,47.6667,43.4833,52.3333,0,heldout,
real_moleculenet_freesolv,gp_ucb,67045,38.3333,37.83,61.6667,0,heldout,
real_moleculenet_freesolv,llm_transfer_router,67045,100.0,100.0,0.0,1,heldout,
real_moleculenet_freesolv,matched_target_only_llm,67045,100.0,100.0,0.0,1,heldout,llambo_warmstart_balanced_feature_interaction_noprior
real_moleculenet_freesolv,mixed_kernel_gp_ei,67045,37.7333,37.71,62.2667,0,heldout,
real_moleculenet_freesolv,source_warmstart_only,67045,100.0,100.0,0.0,1,heldout,
real_moleculenet_freesolv,target_acquisition_portfolio,67045,64.0333,50.8767,35.9667,0,heldout,
real_moleculenet_freesolv,care_source_outcome_router,67046,100.0,100.0,0.0,1,heldout,matched_target_only_llm
real_moleculenet_freesolv,fixed_data_only_transfer,67046,100.0,100.0,0.0,1,heldout,
real_moleculenet_freesolv,fixed_scale_ensemble_0p5_1_1p5_2_3_4,67046,68.2,66.29,31.8,0,heldout,
real_moleculenet_freesolv,gp_ucb,67046,69.4333,64.2733,30.5667,1,heldout,
real_moleculenet_freesolv,llm_transfer_router,67046,100.0,100.0,0.0,1,heldout,
real_moleculenet_freesolv,matched_target_only_llm,67046,100.0,100.0,0.0,1,heldout,llambo_warmstart_balanced_feature_interaction_noprior
real_moleculenet_freesolv,mixed_kernel_gp_ei,67046,69.4333,64.2733,30.5667,1,heldout,
real_moleculenet_freesolv,source_warmstart_only,67046,100.0,100.0,0.0,1,heldout,
real_moleculenet_freesolv,target_acquisition_portfolio,67046,69.4333,64.2733,30.5667,1,heldout,
real_moleculenet_freesolv,care_source_outcome_router,67047,100.0,100.0,0.0,1,heldout,matched_target_only_llm
real_moleculenet_freesolv,fixed_data_only_transfer,67047,100.0,100.0,0.0,1,heldout,
real_moleculenet_freesolv,fixed_scale_ensemble_0p5_1_1p5_2_3_4,67047,58.8,49.4967,41.2,0,heldout,
real_moleculenet_freesolv,gp_ucb,67047,71.4333,54.84,28.5667,1,heldout,
real_moleculenet_freesolv,llm_transfer_router,67047,100.0,100.0,0.0,1,heldout,
real_moleculenet_freesolv,matched_target_only_llm,67047,100.0,100.0,0.0,1,heldout,llambo_warmstart_balanced_feature_interaction_noprior
real_moleculenet_freesolv,mixed_kernel_gp_ei,67047,59.1333,50.9933,40.8667,0,heldout,
real_moleculenet_freesolv,source_warmstart_only,67047,100.0,100.0,0.0,1,heldout,
real_moleculenet_freesolv,target_acquisition_portfolio,67047,71.4333,50.76,28.5667,1,heldout,
real_moleculenet_freesolv,care_source_outcome_router,67048,100.0,100.0,0.0,1,heldout,matched_target_only_llm
real_moleculenet_freesolv,fixed_data_only_transfer,67048,100.0,100.0,0.0,1,heldout,
real_moleculenet_freesolv,fixed_scale_ensemble_0p5_1_1p5_2_3_4,67048,71.4333,71.4333,28.5667,1,heldout,
real_moleculenet_freesolv,gp_ucb,67048,71.4333,71.4333,28.5667,1,heldout,
real_moleculenet_freesolv,llm_transfer_router,67048,100.0,100.0,0.0,1,heldout,
real_moleculenet_freesolv,matched_target_only_llm,67048,100.0,100.0,0.0,1,heldout,llambo_warmstart_balanced_feature_interaction_noprior
real_moleculenet_freesolv,mixed_kernel_gp_ei,67048,71.4333,71.4333,28.5667,1,heldout,
real_moleculenet_freesolv,source_warmstart_only,67048,100.0,100.0,0.0,1,heldout,
real_moleculenet_freesolv,target_acquisition_portfolio,67048,71.4333,71.4333,28.5667,1,heldout,
real_moleculenet_freesolv,care_source_outcome_router,67049,100.0,100.0,0.0,1,heldout,matched_target_only_llm
real_moleculenet_freesolv,fixed_data_only_transfer,67049,100.0,100.0,0.0,1,heldout,
real_moleculenet_freesolv,fixed_scale_ensemble_0p5_1_1p5_2_3_4,67049,53.3667,51.55,46.6333,0,heldout,
real_moleculenet_freesolv,gp_ucb,67049,73.0667,57.3933,26.9333,1,heldout,
real_moleculenet_freesolv,llm_transfer_router,67049,100.0,100.0,0.0,1,heldout,
real_moleculenet_freesolv,matched_target_only_llm,67049,100.0,100.0,0.0,1,heldout,llambo_warmstart_balanced_feature_interaction_noprior
real_moleculenet_freesolv,mixed_kernel_gp_ei,67049,73.0667,50.5067,26.9333,1,heldout,
real_moleculenet_freesolv,source_warmstart_only,67049,100.0,100.0,0.0,1,heldout,
real_moleculenet_freesolv,target_acquisition_portfolio,67049,79.0667,59.5667,20.9333,1,heldout,
