dataset,mode,seed,final_best,best_so_far_auc,simple_regret,top10_hit,intervention_count,bad_intervention_count,rejected_good_challenger_count,transfer_active_rounds,transfer_scored_candidates_total,mean_transfer_confidence
real_suzuki_miyaura,gp_ucb,0,92.8344,92.7734,7.1656,0,0,0,0,0,0,0.428
real_suzuki_miyaura,hybrid_transfer_gp_ucb_gate_v1,0,92.8344,92.7734,7.1656,0,2,2,0,7,30524,0.428
real_suzuki_miyaura,hybrid_transfer_gp_ucb_no_gate,0,92.8344,92.7734,7.1656,0,2,2,0,7,30524,0.428
real_suzuki_miyaura,hybrid_value_prior_gp_ucb_gate_v1,0,92.8344,92.7734,7.1656,0,2,2,0,7,30524,0.428
real_suzuki_miyaura,hybrid_value_prior_gp_ucb_strict_gate_v1,0,92.8344,92.7734,7.1656,0,2,2,0,7,30524,0.428
real_suzuki_miyaura,hybrid_value_prior_gp_ucb_target_calibrated_gate_v1,0,92.8344,92.7734,7.1656,0,2,2,0,7,30524,0.428
real_suzuki_miyaura,hybrid_value_prior_gp_ucb_adaptive_gate_v1,0,92.8344,92.7734,7.1656,0,2,2,0,7,30524,0.428
real_suzuki_miyaura,gp_ucb,1,89.2206,87.7034,10.7794,0,0,0,0,0,0,0.4182
real_suzuki_miyaura,hybrid_transfer_gp_ucb_gate_v1,1,89.2206,87.847,10.7794,0,1,0,0,7,26300,0.4182
real_suzuki_miyaura,hybrid_transfer_gp_ucb_no_gate,1,89.2206,87.847,10.7794,0,1,0,0,7,26300,0.4182
real_suzuki_miyaura,hybrid_value_prior_gp_ucb_gate_v1,1,89.2206,87.847,10.7794,0,1,0,0,7,26300,0.4182
real_suzuki_miyaura,hybrid_value_prior_gp_ucb_strict_gate_v1,1,89.2206,87.847,10.7794,0,1,0,0,7,26300,0.4182
real_suzuki_miyaura,hybrid_value_prior_gp_ucb_target_calibrated_gate_v1,1,89.2206,87.847,10.7794,0,1,0,0,7,26300,0.4182
real_suzuki_miyaura,hybrid_value_prior_gp_ucb_adaptive_gate_v1,1,89.2206,87.847,10.7794,0,1,0,0,7,26300,0.4182
real_suzuki_miyaura,gp_ucb,2,95.5682,89.7686,4.4318,0,0,0,0,0,0,0.4333
real_suzuki_miyaura,hybrid_transfer_gp_ucb_gate_v1,2,93.9401,88.2136,6.0599,0,4,3,0,7,32477,0.4333
real_suzuki_miyaura,hybrid_transfer_gp_ucb_no_gate,2,93.9401,88.2136,6.0599,0,4,3,0,7,32477,0.4333
real_suzuki_miyaura,hybrid_value_prior_gp_ucb_gate_v1,2,93.9401,88.2136,6.0599,0,4,3,0,7,32477,0.4333
real_suzuki_miyaura,hybrid_value_prior_gp_ucb_strict_gate_v1,2,93.9401,88.2136,6.0599,0,4,3,0,7,32477,0.4333
real_suzuki_miyaura,hybrid_value_prior_gp_ucb_target_calibrated_gate_v1,2,93.9401,88.2136,6.0599,0,4,3,0,7,32477,0.4333
real_suzuki_miyaura,hybrid_value_prior_gp_ucb_adaptive_gate_v1,2,93.9401,88.2136,6.0599,0,4,3,0,7,32477,0.4333
real_suzuki_miyaura,gp_ucb,3,79.0135,77.1589,20.9865,0,0,0,0,0,0,0.4402
real_suzuki_miyaura,hybrid_transfer_gp_ucb_gate_v1,3,79.0135,77.1589,20.9865,0,1,1,0,7,10990,0.4402
real_suzuki_miyaura,hybrid_transfer_gp_ucb_no_gate,3,79.0135,77.1589,20.9865,0,1,1,0,7,10990,0.4402
real_suzuki_miyaura,hybrid_value_prior_gp_ucb_gate_v1,3,79.0135,77.1589,20.9865,0,1,1,0,7,10990,0.4402
real_suzuki_miyaura,hybrid_value_prior_gp_ucb_strict_gate_v1,3,79.0135,77.1589,20.9865,0,1,1,0,7,10990,0.4402
real_suzuki_miyaura,hybrid_value_prior_gp_ucb_target_calibrated_gate_v1,3,79.0135,77.1589,20.9865,0,1,1,0,7,10990,0.4402
real_suzuki_miyaura,hybrid_value_prior_gp_ucb_adaptive_gate_v1,3,79.0135,77.1589,20.9865,0,1,1,0,7,10990,0.4402
real_suzuki_miyaura,gp_ucb,4,96.6116,92.5055,3.3884,0,0,0,0,0,0,0.4652
real_suzuki_miyaura,hybrid_transfer_gp_ucb_gate_v1,4,96.6116,92.5055,3.3884,0,2,2,0,7,26387,0.4652
real_suzuki_miyaura,hybrid_transfer_gp_ucb_no_gate,4,96.6116,92.5055,3.3884,0,2,2,0,7,26387,0.4652
real_suzuki_miyaura,hybrid_value_prior_gp_ucb_gate_v1,4,96.6116,92.5055,3.3884,0,2,2,0,7,26387,0.4652
real_suzuki_miyaura,hybrid_value_prior_gp_ucb_strict_gate_v1,4,96.6116,92.5055,3.3884,0,2,2,0,7,26387,0.4652
real_suzuki_miyaura,hybrid_value_prior_gp_ucb_target_calibrated_gate_v1,4,96.6116,92.5055,3.3884,0,2,2,0,7,26387,0.4652
real_suzuki_miyaura,hybrid_value_prior_gp_ucb_adaptive_gate_v1,4,96.6116,92.5055,3.3884,0,2,2,0,7,26387,0.4652
real_suzuki_miyaura,gp_ucb,5,93.3265,92.8847,6.6735,0,0,0,0,0,0,0.4778
real_suzuki_miyaura,hybrid_transfer_gp_ucb_gate_v1,5,93.3265,92.8847,6.6735,0,3,1,0,7,18456,0.4778
real_suzuki_miyaura,hybrid_transfer_gp_ucb_no_gate,5,93.3265,92.8847,6.6735,0,3,1,0,7,18456,0.4778
real_suzuki_miyaura,hybrid_value_prior_gp_ucb_gate_v1,5,93.3265,92.8847,6.6735,0,3,1,0,7,18456,0.4778
real_suzuki_miyaura,hybrid_value_prior_gp_ucb_strict_gate_v1,5,93.3265,92.8847,6.6735,0,3,1,0,7,18456,0.4778
real_suzuki_miyaura,hybrid_value_prior_gp_ucb_target_calibrated_gate_v1,5,93.3265,92.8847,6.6735,0,3,1,0,7,18456,0.4778
real_suzuki_miyaura,hybrid_value_prior_gp_ucb_adaptive_gate_v1,5,93.3265,92.8847,6.6735,0,3,1,0,7,18456,0.4778
real_suzuki_miyaura,gp_ucb,6,71.1653,53.7896,28.8347,0,0,0,0,0,0,0.4101
real_suzuki_miyaura,hybrid_transfer_gp_ucb_gate_v1,6,54.8646,52.1595,45.1354,0,1,1,0,7,20709,0.4101
real_suzuki_miyaura,hybrid_transfer_gp_ucb_no_gate,6,73.1547,57.1979,26.8453,0,3,1,0,7,23137,0.4101
real_suzuki_miyaura,hybrid_value_prior_gp_ucb_gate_v1,6,54.8646,52.1595,45.1354,0,1,1,0,7,20709,0.4101
real_suzuki_miyaura,hybrid_value_prior_gp_ucb_strict_gate_v1,6,54.8646,52.1595,45.1354,0,1,1,0,7,20709,0.4101
real_suzuki_miyaura,hybrid_value_prior_gp_ucb_target_calibrated_gate_v1,6,54.8646,52.1595,45.1354,0,1,1,0,7,20709,0.4101
real_suzuki_miyaura,hybrid_value_prior_gp_ucb_adaptive_gate_v1,6,54.8646,52.1595,45.1354,0,1,1,0,7,20709,0.4101
real_suzuki_miyaura,gp_ucb,7,95.8015,95.8015,4.1985,0,0,0,0,0,0,0.4438
real_suzuki_miyaura,hybrid_transfer_gp_ucb_gate_v1,7,95.8015,95.8015,4.1985,0,6,4,0,7,34138,0.4438
real_suzuki_miyaura,hybrid_transfer_gp_ucb_no_gate,7,95.8015,95.8015,4.1985,0,6,4,0,7,34138,0.4438
real_suzuki_miyaura,hybrid_value_prior_gp_ucb_gate_v1,7,95.8015,95.8015,4.1985,0,6,4,0,7,34138,0.4438
real_suzuki_miyaura,hybrid_value_prior_gp_ucb_strict_gate_v1,7,95.8015,95.8015,4.1985,0,6,4,0,7,34138,0.4438
real_suzuki_miyaura,hybrid_value_prior_gp_ucb_target_calibrated_gate_v1,7,95.8015,95.8015,4.1985,0,6,4,0,7,34138,0.4438
real_suzuki_miyaura,hybrid_value_prior_gp_ucb_adaptive_gate_v1,7,95.8015,95.8015,4.1985,0,6,4,0,7,34138,0.4438
real_suzuki_miyaura,gp_ucb,8,93.6745,89.5985,6.3255,0,0,0,0,0,0,0.4226
real_suzuki_miyaura,hybrid_transfer_gp_ucb_gate_v1,8,93.6745,89.5985,6.3255,0,2,2,0,7,31707,0.4226
real_suzuki_miyaura,hybrid_transfer_gp_ucb_no_gate,8,93.6745,89.5985,6.3255,0,2,2,0,7,31707,0.4226
real_suzuki_miyaura,hybrid_value_prior_gp_ucb_gate_v1,8,93.6745,89.5985,6.3255,0,2,2,0,7,31707,0.4226
real_suzuki_miyaura,hybrid_value_prior_gp_ucb_strict_gate_v1,8,93.6745,89.5985,6.3255,0,2,2,0,7,31707,0.4226
real_suzuki_miyaura,hybrid_value_prior_gp_ucb_target_calibrated_gate_v1,8,93.6745,89.5985,6.3255,0,2,2,0,7,31707,0.4226
real_suzuki_miyaura,hybrid_value_prior_gp_ucb_adaptive_gate_v1,8,93.6745,89.5985,6.3255,0,2,2,0,7,31707,0.4226
real_suzuki_miyaura,gp_ucb,9,91.4527,89.8674,8.5473,0,0,0,0,0,0,0.4261
real_suzuki_miyaura,hybrid_transfer_gp_ucb_gate_v1,9,93.0579,90.3197,6.9421,0,4,2,0,7,27363,0.4261
real_suzuki_miyaura,hybrid_transfer_gp_ucb_no_gate,9,93.0579,90.3197,6.9421,0,4,2,0,7,27363,0.4261
real_suzuki_miyaura,hybrid_value_prior_gp_ucb_gate_v1,9,93.0579,90.3197,6.9421,0,4,2,0,7,27363,0.4261
real_suzuki_miyaura,hybrid_value_prior_gp_ucb_strict_gate_v1,9,93.0579,90.3197,6.9421,0,4,2,0,7,27363,0.4261
real_suzuki_miyaura,hybrid_value_prior_gp_ucb_target_calibrated_gate_v1,9,93.0579,90.3197,6.9421,0,4,2,0,7,27363,0.4261
real_suzuki_miyaura,hybrid_value_prior_gp_ucb_adaptive_gate_v1,9,93.0579,90.3197,6.9421,0,4,2,0,7,27363,0.4261
real_suzuki_miyaura,gp_ucb,10,96.7008,94.8954,3.2992,0,0,0,0,0,0,0.4694
real_suzuki_miyaura,hybrid_transfer_gp_ucb_gate_v1,10,95.3063,93.9451,4.6937,0,1,1,0,7,29690,0.4694
real_suzuki_miyaura,hybrid_transfer_gp_ucb_no_gate,10,95.3063,93.9451,4.6937,0,1,1,0,7,29690,0.4694
real_suzuki_miyaura,hybrid_value_prior_gp_ucb_gate_v1,10,95.3063,93.9451,4.6937,0,1,1,0,7,29690,0.4694
real_suzuki_miyaura,hybrid_value_prior_gp_ucb_strict_gate_v1,10,95.3063,93.9451,4.6937,0,1,1,0,7,29690,0.4694
real_suzuki_miyaura,hybrid_value_prior_gp_ucb_target_calibrated_gate_v1,10,95.3063,93.9451,4.6937,0,1,1,0,7,29690,0.4694
real_suzuki_miyaura,hybrid_value_prior_gp_ucb_adaptive_gate_v1,10,95.3063,93.9451,4.6937,0,1,1,0,7,29690,0.4694
real_suzuki_miyaura,gp_ucb,11,92.7985,92.7985,7.2015,0,0,0,0,0,0,0.3975
real_suzuki_miyaura,hybrid_transfer_gp_ucb_gate_v1,11,92.7985,92.7985,7.2015,0,2,1,0,7,28474,0.3975
real_suzuki_miyaura,hybrid_transfer_gp_ucb_no_gate,11,92.7985,92.7985,7.2015,0,2,1,0,7,28474,0.3975
real_suzuki_miyaura,hybrid_value_prior_gp_ucb_gate_v1,11,92.7985,92.7985,7.2015,0,2,1,0,7,28474,0.3975
real_suzuki_miyaura,hybrid_value_prior_gp_ucb_strict_gate_v1,11,92.7985,92.7985,7.2015,0,2,1,0,7,28474,0.3975
real_suzuki_miyaura,hybrid_value_prior_gp_ucb_target_calibrated_gate_v1,11,92.7985,92.7985,7.2015,0,2,1,0,7,28474,0.3975
real_suzuki_miyaura,hybrid_value_prior_gp_ucb_adaptive_gate_v1,11,92.7985,92.7985,7.2015,0,2,1,0,7,28474,0.3975
real_suzuki_miyaura,gp_ucb,12,91.7536,91.7536,8.2464,0,0,0,0,0,0,0.4237
real_suzuki_miyaura,hybrid_transfer_gp_ucb_gate_v1,12,100.0,95.8768,0.0,1,4,2,0,7,31086,0.4237
real_suzuki_miyaura,hybrid_transfer_gp_ucb_no_gate,12,100.0,95.8768,0.0,1,4,2,0,7,31086,0.4237
real_suzuki_miyaura,hybrid_value_prior_gp_ucb_gate_v1,12,100.0,95.8768,0.0,1,4,2,0,7,31086,0.4237
real_suzuki_miyaura,hybrid_value_prior_gp_ucb_strict_gate_v1,12,100.0,95.8768,0.0,1,4,2,0,7,31086,0.4237
real_suzuki_miyaura,hybrid_value_prior_gp_ucb_target_calibrated_gate_v1,12,100.0,95.8768,0.0,1,4,2,0,7,31086,0.4237
real_suzuki_miyaura,hybrid_value_prior_gp_ucb_adaptive_gate_v1,12,100.0,95.8768,0.0,1,4,2,0,7,31086,0.4237
real_suzuki_miyaura,gp_ucb,13,96.8863,83.4751,3.1137,0,0,0,0,0,0,0.4206
real_suzuki_miyaura,hybrid_transfer_gp_ucb_gate_v1,13,96.8863,80.8045,3.1137,0,2,2,0,7,29085,0.4206
real_suzuki_miyaura,hybrid_transfer_gp_ucb_no_gate,13,96.8863,80.8045,3.1137,0,2,2,0,7,29085,0.4206
real_suzuki_miyaura,hybrid_value_prior_gp_ucb_gate_v1,13,96.8863,80.8045,3.1137,0,2,2,0,7,29085,0.4206
real_suzuki_miyaura,hybrid_value_prior_gp_ucb_strict_gate_v1,13,96.8863,80.8045,3.1137,0,2,2,0,7,29085,0.4206
real_suzuki_miyaura,hybrid_value_prior_gp_ucb_target_calibrated_gate_v1,13,96.8863,80.8045,3.1137,0,2,2,0,7,29085,0.4206
real_suzuki_miyaura,hybrid_value_prior_gp_ucb_adaptive_gate_v1,13,96.8863,80.8045,3.1137,0,2,2,0,7,29085,0.4206
real_suzuki_miyaura,gp_ucb,14,95.0559,93.5266,4.9441,0,0,0,0,0,0,0.3994
real_suzuki_miyaura,hybrid_transfer_gp_ucb_gate_v1,14,96.7377,95.0351,3.2623,0,3,0,0,7,26394,0.3994
real_suzuki_miyaura,hybrid_transfer_gp_ucb_no_gate,14,96.7377,95.0351,3.2623,0,3,0,0,7,26394,0.3994
real_suzuki_miyaura,hybrid_value_prior_gp_ucb_gate_v1,14,96.7377,95.0351,3.2623,0,3,0,0,7,26394,0.3994
real_suzuki_miyaura,hybrid_value_prior_gp_ucb_strict_gate_v1,14,96.7377,95.0351,3.2623,0,3,0,0,7,26394,0.3994
real_suzuki_miyaura,hybrid_value_prior_gp_ucb_target_calibrated_gate_v1,14,96.7377,95.0351,3.2623,0,3,0,0,7,26394,0.3994
real_suzuki_miyaura,hybrid_value_prior_gp_ucb_adaptive_gate_v1,14,96.7377,95.0351,3.2623,0,3,0,0,7,26394,0.3994
real_suzuki_miyaura,gp_ucb,15,91.0794,89.4623,8.9206,0,0,0,0,0,0,0.4365
real_suzuki_miyaura,hybrid_transfer_gp_ucb_gate_v1,15,87.1835,86.7352,12.8165,0,6,4,1,7,29500,0.4365
real_suzuki_miyaura,hybrid_transfer_gp_ucb_no_gate,15,87.1835,86.7352,12.8165,0,7,4,0,7,29500,0.4365
real_suzuki_miyaura,hybrid_value_prior_gp_ucb_gate_v1,15,87.1835,86.7352,12.8165,0,6,4,1,7,29500,0.4365
real_suzuki_miyaura,hybrid_value_prior_gp_ucb_strict_gate_v1,15,87.1835,86.7352,12.8165,0,6,4,1,7,29500,0.4365
real_suzuki_miyaura,hybrid_value_prior_gp_ucb_target_calibrated_gate_v1,15,87.1835,86.7352,12.8165,0,6,4,1,7,29500,0.4365
real_suzuki_miyaura,hybrid_value_prior_gp_ucb_adaptive_gate_v1,15,87.1835,86.7352,12.8165,0,6,4,1,7,29500,0.4365
real_suzuki_miyaura,gp_ucb,16,93.3753,84.2558,6.6247,0,0,0,0,0,0,0.4502
real_suzuki_miyaura,hybrid_transfer_gp_ucb_gate_v1,16,93.3753,84.2558,6.6247,0,1,0,0,7,24510,0.4502
real_suzuki_miyaura,hybrid_transfer_gp_ucb_no_gate,16,93.3753,84.2558,6.6247,0,1,0,0,7,24510,0.4502
real_suzuki_miyaura,hybrid_value_prior_gp_ucb_gate_v1,16,93.3753,84.2558,6.6247,0,1,0,0,7,24510,0.4502
real_suzuki_miyaura,hybrid_value_prior_gp_ucb_strict_gate_v1,16,93.3753,84.2558,6.6247,0,1,0,0,7,24510,0.4502
real_suzuki_miyaura,hybrid_value_prior_gp_ucb_target_calibrated_gate_v1,16,93.3753,84.2558,6.6247,0,1,0,0,7,24510,0.4502
real_suzuki_miyaura,hybrid_value_prior_gp_ucb_adaptive_gate_v1,16,93.3753,84.2558,6.6247,0,1,0,0,7,24510,0.4502
real_suzuki_miyaura,gp_ucb,17,96.1623,96.1542,3.8377,0,0,0,0,0,0,0.3782
real_suzuki_miyaura,hybrid_transfer_gp_ucb_gate_v1,17,96.1623,96.1542,3.8377,0,2,1,0,7,31209,0.3782
real_suzuki_miyaura,hybrid_transfer_gp_ucb_no_gate,17,96.1623,96.1542,3.8377,0,2,1,0,7,31209,0.3782
real_suzuki_miyaura,hybrid_value_prior_gp_ucb_gate_v1,17,96.1623,96.1542,3.8377,0,2,1,0,7,31209,0.3782
real_suzuki_miyaura,hybrid_value_prior_gp_ucb_strict_gate_v1,17,96.1623,96.1542,3.8377,0,2,1,0,7,31209,0.3782
real_suzuki_miyaura,hybrid_value_prior_gp_ucb_target_calibrated_gate_v1,17,96.1623,96.1542,3.8377,0,2,1,0,7,31209,0.3782
real_suzuki_miyaura,hybrid_value_prior_gp_ucb_adaptive_gate_v1,17,96.1623,96.1542,3.8377,0,2,1,0,7,31209,0.3782
real_suzuki_miyaura,gp_ucb,18,98.6922,97.9924,1.3078,1,0,0,0,0,0,0.4452
real_suzuki_miyaura,hybrid_transfer_gp_ucb_gate_v1,18,98.6922,97.9924,1.3078,1,3,3,0,7,30153,0.4452
real_suzuki_miyaura,hybrid_transfer_gp_ucb_no_gate,18,98.6922,97.9924,1.3078,1,3,3,0,7,30153,0.4452
real_suzuki_miyaura,hybrid_value_prior_gp_ucb_gate_v1,18,98.6922,97.9924,1.3078,1,3,3,0,7,30153,0.4452
real_suzuki_miyaura,hybrid_value_prior_gp_ucb_strict_gate_v1,18,98.6922,97.9924,1.3078,1,3,3,0,7,30153,0.4452
real_suzuki_miyaura,hybrid_value_prior_gp_ucb_target_calibrated_gate_v1,18,98.6922,97.9924,1.3078,1,3,3,0,7,30153,0.4452
real_suzuki_miyaura,hybrid_value_prior_gp_ucb_adaptive_gate_v1,18,98.6922,97.9924,1.3078,1,3,3,0,7,30153,0.4452
real_suzuki_miyaura,gp_ucb,19,86.4021,82.9653,13.5979,0,0,0,0,0,0,0.4723
real_suzuki_miyaura,hybrid_transfer_gp_ucb_gate_v1,19,86.4021,82.9653,13.5979,0,1,1,0,7,27731,0.4723
real_suzuki_miyaura,hybrid_transfer_gp_ucb_no_gate,19,86.4021,82.9653,13.5979,0,1,1,0,7,27731,0.4723
real_suzuki_miyaura,hybrid_value_prior_gp_ucb_gate_v1,19,86.4021,82.9653,13.5979,0,1,1,0,7,27731,0.4723
real_suzuki_miyaura,hybrid_value_prior_gp_ucb_strict_gate_v1,19,86.4021,82.9653,13.5979,0,1,1,0,7,27731,0.4723
real_suzuki_miyaura,hybrid_value_prior_gp_ucb_target_calibrated_gate_v1,19,86.4021,82.9653,13.5979,0,1,1,0,7,27731,0.4723
real_suzuki_miyaura,hybrid_value_prior_gp_ucb_adaptive_gate_v1,19,86.4021,82.9653,13.5979,0,1,1,0,7,27731,0.4723
real_suzuki_miyaura,gp_ucb,20,93.9499,89.4312,6.0501,0,0,0,0,0,0,0.3986
real_suzuki_miyaura,hybrid_transfer_gp_ucb_gate_v1,20,95.9684,90.5382,4.0316,0,4,2,0,7,31362,0.3986
real_suzuki_miyaura,hybrid_transfer_gp_ucb_no_gate,20,95.9684,90.5382,4.0316,0,4,2,0,7,31362,0.3986
real_suzuki_miyaura,hybrid_value_prior_gp_ucb_gate_v1,20,95.9684,90.5382,4.0316,0,4,2,0,7,31362,0.3986
real_suzuki_miyaura,hybrid_value_prior_gp_ucb_strict_gate_v1,20,95.9684,90.5382,4.0316,0,4,2,0,7,31362,0.3986
real_suzuki_miyaura,hybrid_value_prior_gp_ucb_target_calibrated_gate_v1,20,95.9684,90.5382,4.0316,0,4,2,0,7,31362,0.3986
real_suzuki_miyaura,hybrid_value_prior_gp_ucb_adaptive_gate_v1,20,95.9684,90.5382,4.0316,0,4,2,0,7,31362,0.3986
real_suzuki_miyaura,gp_ucb,21,91.8802,88.8172,8.1198,0,0,0,0,0,0,0.4288
real_suzuki_miyaura,hybrid_transfer_gp_ucb_gate_v1,21,91.8802,88.8172,8.1198,0,1,1,0,7,20941,0.4288
real_suzuki_miyaura,hybrid_transfer_gp_ucb_no_gate,21,91.8802,88.8172,8.1198,0,1,1,0,7,20941,0.4288
real_suzuki_miyaura,hybrid_value_prior_gp_ucb_gate_v1,21,91.8802,88.8172,8.1198,0,1,1,0,7,20941,0.4288
real_suzuki_miyaura,hybrid_value_prior_gp_ucb_strict_gate_v1,21,91.8802,88.8172,8.1198,0,1,1,0,7,20941,0.4288
real_suzuki_miyaura,hybrid_value_prior_gp_ucb_target_calibrated_gate_v1,21,91.8802,88.8172,8.1198,0,1,1,0,7,20941,0.4288
real_suzuki_miyaura,hybrid_value_prior_gp_ucb_adaptive_gate_v1,21,91.8802,88.8172,8.1198,0,1,1,0,7,20941,0.4288
real_suzuki_miyaura,gp_ucb,22,92.6924,81.264,7.3076,0,0,0,0,0,0,0.4192
real_suzuki_miyaura,hybrid_transfer_gp_ucb_gate_v1,22,92.6924,81.264,7.3076,0,0,0,0,7,19294,0.4192
real_suzuki_miyaura,hybrid_transfer_gp_ucb_no_gate,22,92.6924,81.264,7.3076,0,0,0,0,7,19294,0.4192
real_suzuki_miyaura,hybrid_value_prior_gp_ucb_gate_v1,22,92.6924,81.264,7.3076,0,0,0,0,7,19294,0.4192
real_suzuki_miyaura,hybrid_value_prior_gp_ucb_strict_gate_v1,22,92.6924,81.264,7.3076,0,0,0,0,7,19294,0.4192
real_suzuki_miyaura,hybrid_value_prior_gp_ucb_target_calibrated_gate_v1,22,92.6924,81.264,7.3076,0,0,0,0,7,19294,0.4192
real_suzuki_miyaura,hybrid_value_prior_gp_ucb_adaptive_gate_v1,22,92.6924,81.264,7.3076,0,0,0,0,7,19294,0.4192
real_suzuki_miyaura,gp_ucb,23,96.9708,96.3357,3.0292,0,0,0,0,0,0,0.4409
real_suzuki_miyaura,hybrid_transfer_gp_ucb_gate_v1,23,96.9708,96.3908,3.0292,0,3,0,0,7,33385,0.4409
real_suzuki_miyaura,hybrid_transfer_gp_ucb_no_gate,23,96.9708,96.3908,3.0292,0,3,0,0,7,33385,0.4409
real_suzuki_miyaura,hybrid_value_prior_gp_ucb_gate_v1,23,96.9708,96.3908,3.0292,0,3,0,0,7,33385,0.4409
real_suzuki_miyaura,hybrid_value_prior_gp_ucb_strict_gate_v1,23,96.9708,96.3908,3.0292,0,3,0,0,7,33385,0.4409
real_suzuki_miyaura,hybrid_value_prior_gp_ucb_target_calibrated_gate_v1,23,96.9708,96.3908,3.0292,0,3,0,0,7,33385,0.4409
real_suzuki_miyaura,hybrid_value_prior_gp_ucb_adaptive_gate_v1,23,96.9708,96.3908,3.0292,0,3,0,0,7,33385,0.4409
real_suzuki_miyaura,gp_ucb,24,95.2867,95.0279,4.7133,0,0,0,0,0,0,0.4564
real_suzuki_miyaura,hybrid_transfer_gp_ucb_gate_v1,24,95.2867,95.0279,4.7133,0,0,0,0,7,28349,0.4564
real_suzuki_miyaura,hybrid_transfer_gp_ucb_no_gate,24,95.2867,95.0279,4.7133,0,0,0,0,7,28349,0.4564
real_suzuki_miyaura,hybrid_value_prior_gp_ucb_gate_v1,24,95.2867,95.0279,4.7133,0,0,0,0,7,28349,0.4564
real_suzuki_miyaura,hybrid_value_prior_gp_ucb_strict_gate_v1,24,95.2867,95.0279,4.7133,0,0,0,0,7,28349,0.4564
real_suzuki_miyaura,hybrid_value_prior_gp_ucb_target_calibrated_gate_v1,24,95.2867,95.0279,4.7133,0,0,0,0,7,28349,0.4564
real_suzuki_miyaura,hybrid_value_prior_gp_ucb_adaptive_gate_v1,24,95.2867,95.0279,4.7133,0,0,0,0,7,28349,0.4564
real_suzuki_miyaura,gp_ucb,25,100.0,100.0,0.0,1,0,0,0,0,0,0.4168
real_suzuki_miyaura,hybrid_transfer_gp_ucb_gate_v1,25,100.0,100.0,0.0,1,4,0,0,7,33456,0.4168
real_suzuki_miyaura,hybrid_transfer_gp_ucb_no_gate,25,100.0,100.0,0.0,1,4,0,0,7,33456,0.4168
real_suzuki_miyaura,hybrid_value_prior_gp_ucb_gate_v1,25,100.0,100.0,0.0,1,4,0,0,7,33456,0.4168
real_suzuki_miyaura,hybrid_value_prior_gp_ucb_strict_gate_v1,25,100.0,100.0,0.0,1,4,0,0,7,33456,0.4168
real_suzuki_miyaura,hybrid_value_prior_gp_ucb_target_calibrated_gate_v1,25,100.0,100.0,0.0,1,4,0,0,7,33456,0.4168
real_suzuki_miyaura,hybrid_value_prior_gp_ucb_adaptive_gate_v1,25,100.0,100.0,0.0,1,4,0,0,7,33456,0.4168
real_suzuki_miyaura,gp_ucb,26,92.4342,87.6877,7.5658,0,0,0,0,0,0,0.4123
real_suzuki_miyaura,hybrid_transfer_gp_ucb_gate_v1,26,92.4342,87.6877,7.5658,0,0,0,0,7,23516,0.4123
real_suzuki_miyaura,hybrid_transfer_gp_ucb_no_gate,26,92.4342,87.6877,7.5658,0,0,0,0,7,23516,0.4123
real_suzuki_miyaura,hybrid_value_prior_gp_ucb_gate_v1,26,92.4342,87.6877,7.5658,0,0,0,0,7,23516,0.4123
real_suzuki_miyaura,hybrid_value_prior_gp_ucb_strict_gate_v1,26,92.4342,87.6877,7.5658,0,0,0,0,7,23516,0.4123
real_suzuki_miyaura,hybrid_value_prior_gp_ucb_target_calibrated_gate_v1,26,92.4342,87.6877,7.5658,0,0,0,0,7,23516,0.4123
real_suzuki_miyaura,hybrid_value_prior_gp_ucb_adaptive_gate_v1,26,92.4342,87.6877,7.5658,0,0,0,0,7,23516,0.4123
real_suzuki_miyaura,gp_ucb,27,98.6922,87.2779,1.3078,1,0,0,0,0,0,0.4512
real_suzuki_miyaura,hybrid_transfer_gp_ucb_gate_v1,27,98.6922,87.2779,1.3078,1,0,0,0,7,28645,0.4512
real_suzuki_miyaura,hybrid_transfer_gp_ucb_no_gate,27,98.6922,87.2779,1.3078,1,0,0,0,7,28645,0.4512
real_suzuki_miyaura,hybrid_value_prior_gp_ucb_gate_v1,27,98.6922,87.2779,1.3078,1,0,0,0,7,28645,0.4512
real_suzuki_miyaura,hybrid_value_prior_gp_ucb_strict_gate_v1,27,98.6922,87.2779,1.3078,1,0,0,0,7,28645,0.4512
real_suzuki_miyaura,hybrid_value_prior_gp_ucb_target_calibrated_gate_v1,27,98.6922,87.2779,1.3078,1,0,0,0,7,28645,0.4512
real_suzuki_miyaura,hybrid_value_prior_gp_ucb_adaptive_gate_v1,27,98.6922,87.2779,1.3078,1,0,0,0,7,28645,0.4512
real_suzuki_miyaura,gp_ucb,28,84.6337,73.8915,15.3663,0,0,0,0,0,0,0.4369
real_suzuki_miyaura,hybrid_transfer_gp_ucb_gate_v1,28,84.6337,73.6841,15.3663,0,1,1,0,7,32285,0.4369
real_suzuki_miyaura,hybrid_transfer_gp_ucb_no_gate,28,84.6337,73.6841,15.3663,0,1,1,0,7,32285,0.4369
real_suzuki_miyaura,hybrid_value_prior_gp_ucb_gate_v1,28,84.6337,73.6841,15.3663,0,1,1,0,7,32285,0.4369
real_suzuki_miyaura,hybrid_value_prior_gp_ucb_strict_gate_v1,28,84.6337,73.6841,15.3663,0,1,1,0,7,32285,0.4369
real_suzuki_miyaura,hybrid_value_prior_gp_ucb_target_calibrated_gate_v1,28,84.6337,73.6841,15.3663,0,1,1,0,7,32285,0.4369
real_suzuki_miyaura,hybrid_value_prior_gp_ucb_adaptive_gate_v1,28,84.6337,73.6841,15.3663,0,1,1,0,7,32285,0.4369
real_suzuki_miyaura,gp_ucb,29,100.0,86.9532,0.0,1,0,0,0,0,0,0.4329
real_suzuki_miyaura,hybrid_transfer_gp_ucb_gate_v1,29,88.1923,84.5916,11.8077,0,1,1,0,7,32701,0.4329
real_suzuki_miyaura,hybrid_transfer_gp_ucb_no_gate,29,88.1923,84.5916,11.8077,0,1,1,0,7,32701,0.4329
real_suzuki_miyaura,hybrid_value_prior_gp_ucb_gate_v1,29,88.1923,84.5916,11.8077,0,1,1,0,7,32701,0.4329
real_suzuki_miyaura,hybrid_value_prior_gp_ucb_strict_gate_v1,29,88.1923,84.5916,11.8077,0,1,1,0,7,32701,0.4329
real_suzuki_miyaura,hybrid_value_prior_gp_ucb_target_calibrated_gate_v1,29,88.1923,84.5916,11.8077,0,1,1,0,7,32701,0.4329
real_suzuki_miyaura,hybrid_value_prior_gp_ucb_adaptive_gate_v1,29,88.1923,84.5916,11.8077,0,1,1,0,7,32701,0.4329
real_suzuki_miyaura,gp_ucb,30,94.8302,93.5919,5.1698,0,0,0,0,0,0,0.4461
real_suzuki_miyaura,hybrid_transfer_gp_ucb_gate_v1,30,97.9833,93.5583,2.0167,0,6,3,0,7,32158,0.4461
real_suzuki_miyaura,hybrid_transfer_gp_ucb_no_gate,30,97.9833,93.5583,2.0167,0,6,3,0,7,32158,0.4461
real_suzuki_miyaura,hybrid_value_prior_gp_ucb_gate_v1,30,97.9833,93.5583,2.0167,0,6,3,0,7,32158,0.4461
real_suzuki_miyaura,hybrid_value_prior_gp_ucb_strict_gate_v1,30,97.9833,93.5583,2.0167,0,6,3,0,7,32158,0.4461
real_suzuki_miyaura,hybrid_value_prior_gp_ucb_target_calibrated_gate_v1,30,97.9833,93.5583,2.0167,0,6,3,0,7,32158,0.4461
real_suzuki_miyaura,hybrid_value_prior_gp_ucb_adaptive_gate_v1,30,97.9833,93.5583,2.0167,0,6,3,0,7,32158,0.4461
real_suzuki_miyaura,gp_ucb,31,96.2958,96.2958,3.7042,0,0,0,0,0,0,0.4528
real_suzuki_miyaura,hybrid_transfer_gp_ucb_gate_v1,31,96.2958,96.2958,3.7042,0,4,0,0,7,30693,0.4528
real_suzuki_miyaura,hybrid_transfer_gp_ucb_no_gate,31,96.2958,96.2958,3.7042,0,4,0,0,7,30693,0.4528
real_suzuki_miyaura,hybrid_value_prior_gp_ucb_gate_v1,31,96.2958,96.2958,3.7042,0,4,0,0,7,30693,0.4528
real_suzuki_miyaura,hybrid_value_prior_gp_ucb_strict_gate_v1,31,96.2958,96.2958,3.7042,0,4,0,0,7,30693,0.4528
real_suzuki_miyaura,hybrid_value_prior_gp_ucb_target_calibrated_gate_v1,31,96.2958,96.2958,3.7042,0,4,0,0,7,30693,0.4528
real_suzuki_miyaura,hybrid_value_prior_gp_ucb_adaptive_gate_v1,31,96.2958,96.2958,3.7042,0,4,0,0,7,30693,0.4528
real_suzuki_miyaura,gp_ucb,32,87.6529,53.8283,12.3471,0,0,0,0,0,0,0.4365
real_suzuki_miyaura,hybrid_transfer_gp_ucb_gate_v1,32,87.6529,53.8283,12.3471,0,0,0,0,5,11329,0.4365
real_suzuki_miyaura,hybrid_transfer_gp_ucb_no_gate,32,87.6529,53.8283,12.3471,0,0,0,0,5,11329,0.4365
real_suzuki_miyaura,hybrid_value_prior_gp_ucb_gate_v1,32,87.6529,53.8283,12.3471,0,0,0,0,5,11329,0.4365
real_suzuki_miyaura,hybrid_value_prior_gp_ucb_strict_gate_v1,32,87.6529,53.8283,12.3471,0,0,0,0,5,11329,0.4365
real_suzuki_miyaura,hybrid_value_prior_gp_ucb_target_calibrated_gate_v1,32,87.6529,53.8283,12.3471,0,0,0,0,5,11329,0.4365
real_suzuki_miyaura,hybrid_value_prior_gp_ucb_adaptive_gate_v1,32,87.6529,53.8283,12.3471,0,0,0,0,5,11329,0.4365
real_suzuki_miyaura,gp_ucb,33,97.4247,96.3358,2.5753,0,0,0,0,0,0,0.4244
real_suzuki_miyaura,hybrid_transfer_gp_ucb_gate_v1,33,97.4247,96.4179,2.5753,0,5,1,0,7,35487,0.4244
real_suzuki_miyaura,hybrid_transfer_gp_ucb_no_gate,33,97.4247,96.4179,2.5753,0,5,1,0,7,35487,0.4244
real_suzuki_miyaura,hybrid_value_prior_gp_ucb_gate_v1,33,97.4247,96.4179,2.5753,0,5,1,0,7,35487,0.4244
real_suzuki_miyaura,hybrid_value_prior_gp_ucb_strict_gate_v1,33,97.4247,96.4179,2.5753,0,5,1,0,7,35487,0.4244
real_suzuki_miyaura,hybrid_value_prior_gp_ucb_target_calibrated_gate_v1,33,97.4247,96.4179,2.5753,0,5,1,0,7,35487,0.4244
real_suzuki_miyaura,hybrid_value_prior_gp_ucb_adaptive_gate_v1,33,97.4247,96.4179,2.5753,0,5,1,0,7,35487,0.4244
real_suzuki_miyaura,gp_ucb,34,96.1995,93.8333,3.8005,0,0,0,0,0,0,0.4183
real_suzuki_miyaura,hybrid_transfer_gp_ucb_gate_v1,34,96.1995,93.8333,3.8005,0,0,0,0,7,34879,0.4183
real_suzuki_miyaura,hybrid_transfer_gp_ucb_no_gate,34,96.1995,93.8333,3.8005,0,0,0,0,7,34879,0.4183
real_suzuki_miyaura,hybrid_value_prior_gp_ucb_gate_v1,34,96.1995,93.8333,3.8005,0,0,0,0,7,34879,0.4183
real_suzuki_miyaura,hybrid_value_prior_gp_ucb_strict_gate_v1,34,96.1995,93.8333,3.8005,0,0,0,0,7,34879,0.4183
real_suzuki_miyaura,hybrid_value_prior_gp_ucb_target_calibrated_gate_v1,34,96.1995,93.8333,3.8005,0,0,0,0,7,34879,0.4183
real_suzuki_miyaura,hybrid_value_prior_gp_ucb_adaptive_gate_v1,34,96.1995,93.8333,3.8005,0,0,0,0,7,34879,0.4183
real_suzuki_miyaura,gp_ucb,35,100.0,95.3966,0.0,1,0,0,0,0,0,0.417
real_suzuki_miyaura,hybrid_transfer_gp_ucb_gate_v1,35,100.0,92.407,0.0,1,4,3,0,7,32086,0.417
real_suzuki_miyaura,hybrid_transfer_gp_ucb_no_gate,35,100.0,92.407,0.0,1,4,3,0,7,32086,0.417
real_suzuki_miyaura,hybrid_value_prior_gp_ucb_gate_v1,35,100.0,92.407,0.0,1,4,3,0,7,32086,0.417
real_suzuki_miyaura,hybrid_value_prior_gp_ucb_strict_gate_v1,35,100.0,92.407,0.0,1,4,3,0,7,32086,0.417
real_suzuki_miyaura,hybrid_value_prior_gp_ucb_target_calibrated_gate_v1,35,100.0,92.407,0.0,1,4,3,0,7,32086,0.417
real_suzuki_miyaura,hybrid_value_prior_gp_ucb_adaptive_gate_v1,35,100.0,92.407,0.0,1,4,3,0,7,32086,0.417
real_suzuki_miyaura,gp_ucb,36,93.6177,87.7811,6.3823,0,0,0,0,0,0,0.3875
real_suzuki_miyaura,hybrid_transfer_gp_ucb_gate_v1,36,93.6177,87.7811,6.3823,0,2,1,0,7,34270,0.3875
real_suzuki_miyaura,hybrid_transfer_gp_ucb_no_gate,36,93.6177,87.7811,6.3823,0,2,1,0,7,34270,0.3875
real_suzuki_miyaura,hybrid_value_prior_gp_ucb_gate_v1,36,93.6177,87.7811,6.3823,0,2,1,0,7,34270,0.3875
real_suzuki_miyaura,hybrid_value_prior_gp_ucb_strict_gate_v1,36,93.6177,87.7811,6.3823,0,2,1,0,7,34270,0.3875
real_suzuki_miyaura,hybrid_value_prior_gp_ucb_target_calibrated_gate_v1,36,93.6177,87.7811,6.3823,0,2,1,0,7,34270,0.3875
real_suzuki_miyaura,hybrid_value_prior_gp_ucb_adaptive_gate_v1,36,93.6177,87.7811,6.3823,0,2,1,0,7,34270,0.3875
real_suzuki_miyaura,gp_ucb,37,85.9243,72.5547,14.0757,0,0,0,0,0,0,0.4399
real_suzuki_miyaura,hybrid_transfer_gp_ucb_gate_v1,37,98.4243,70.4748,1.5757,1,3,2,0,7,29023,0.4399
real_suzuki_miyaura,hybrid_transfer_gp_ucb_no_gate,37,98.4243,70.4748,1.5757,1,3,2,0,7,29023,0.4399
real_suzuki_miyaura,hybrid_value_prior_gp_ucb_gate_v1,37,98.4243,70.4748,1.5757,1,3,2,0,7,29023,0.4399
real_suzuki_miyaura,hybrid_value_prior_gp_ucb_strict_gate_v1,37,98.4243,70.4748,1.5757,1,3,2,0,7,29023,0.4399
real_suzuki_miyaura,hybrid_value_prior_gp_ucb_target_calibrated_gate_v1,37,98.4243,70.4748,1.5757,1,3,2,0,7,29023,0.4399
real_suzuki_miyaura,hybrid_value_prior_gp_ucb_adaptive_gate_v1,37,98.4243,70.4748,1.5757,1,3,2,0,7,29023,0.4399
real_suzuki_miyaura,gp_ucb,38,95.1802,93.5042,4.8198,0,0,0,0,0,0,0.43
real_suzuki_miyaura,hybrid_transfer_gp_ucb_gate_v1,38,94.2329,92.9358,5.7671,0,4,4,0,7,30316,0.43
real_suzuki_miyaura,hybrid_transfer_gp_ucb_no_gate,38,94.2329,92.9358,5.7671,0,4,4,0,7,30316,0.43
real_suzuki_miyaura,hybrid_value_prior_gp_ucb_gate_v1,38,94.2329,92.9358,5.7671,0,4,4,0,7,30316,0.43
real_suzuki_miyaura,hybrid_value_prior_gp_ucb_strict_gate_v1,38,94.2329,92.9358,5.7671,0,4,4,0,7,30316,0.43
real_suzuki_miyaura,hybrid_value_prior_gp_ucb_target_calibrated_gate_v1,38,94.2329,92.9358,5.7671,0,4,4,0,7,30316,0.43
real_suzuki_miyaura,hybrid_value_prior_gp_ucb_adaptive_gate_v1,38,94.2329,92.9358,5.7671,0,4,4,0,7,30316,0.43
real_suzuki_miyaura,gp_ucb,39,76.2605,76.2605,23.7395,0,0,0,0,0,0,0.4385
real_suzuki_miyaura,hybrid_transfer_gp_ucb_gate_v1,39,80.3991,77.0882,19.6009,0,3,1,0,7,28893,0.4385
real_suzuki_miyaura,hybrid_transfer_gp_ucb_no_gate,39,80.3991,77.0882,19.6009,0,3,1,0,7,28893,0.4385
real_suzuki_miyaura,hybrid_value_prior_gp_ucb_gate_v1,39,80.3991,77.0882,19.6009,0,3,1,0,7,28893,0.4385
real_suzuki_miyaura,hybrid_value_prior_gp_ucb_strict_gate_v1,39,80.3991,77.0882,19.6009,0,3,1,0,7,28893,0.4385
real_suzuki_miyaura,hybrid_value_prior_gp_ucb_target_calibrated_gate_v1,39,80.3991,77.0882,19.6009,0,3,1,0,7,28893,0.4385
real_suzuki_miyaura,hybrid_value_prior_gp_ucb_adaptive_gate_v1,39,80.3991,77.0882,19.6009,0,3,1,0,7,28893,0.4385
real_suzuki_miyaura,gp_ucb,40,93.6724,77.7525,6.3276,0,0,0,0,0,0,0.4539
real_suzuki_miyaura,hybrid_transfer_gp_ucb_gate_v1,40,95.3416,80.2241,4.6584,0,1,0,0,7,31603,0.4539
real_suzuki_miyaura,hybrid_transfer_gp_ucb_no_gate,40,95.3416,80.2241,4.6584,0,1,0,0,7,31603,0.4539
real_suzuki_miyaura,hybrid_value_prior_gp_ucb_gate_v1,40,95.3416,80.2241,4.6584,0,1,0,0,7,31603,0.4539
real_suzuki_miyaura,hybrid_value_prior_gp_ucb_strict_gate_v1,40,95.3416,80.2241,4.6584,0,1,0,0,7,31603,0.4539
real_suzuki_miyaura,hybrid_value_prior_gp_ucb_target_calibrated_gate_v1,40,95.3416,80.2241,4.6584,0,1,0,0,7,31603,0.4539
real_suzuki_miyaura,hybrid_value_prior_gp_ucb_adaptive_gate_v1,40,95.3416,80.2241,4.6584,0,1,0,0,7,31603,0.4539
real_suzuki_miyaura,gp_ucb,41,95.8453,95.6706,4.1547,0,0,0,0,0,0,0.4674
real_suzuki_miyaura,hybrid_transfer_gp_ucb_gate_v1,41,95.8453,95.6706,4.1547,0,2,2,0,7,21925,0.4674
real_suzuki_miyaura,hybrid_transfer_gp_ucb_no_gate,41,95.8453,95.6706,4.1547,0,1,1,0,7,23116,0.4674
real_suzuki_miyaura,hybrid_value_prior_gp_ucb_gate_v1,41,95.8453,95.6706,4.1547,0,2,2,0,7,21925,0.4674
real_suzuki_miyaura,hybrid_value_prior_gp_ucb_strict_gate_v1,41,95.8453,95.6706,4.1547,0,2,2,0,7,21925,0.4674
real_suzuki_miyaura,hybrid_value_prior_gp_ucb_target_calibrated_gate_v1,41,95.8453,95.6706,4.1547,0,2,2,0,7,21925,0.4674
real_suzuki_miyaura,hybrid_value_prior_gp_ucb_adaptive_gate_v1,41,95.8453,95.6706,4.1547,0,2,2,0,7,21925,0.4674
real_suzuki_miyaura,gp_ucb,42,95.4927,93.2517,4.5073,0,0,0,0,0,0,0.443
real_suzuki_miyaura,hybrid_transfer_gp_ucb_gate_v1,42,93.4634,92.9488,6.5366,0,4,1,0,7,28733,0.443
real_suzuki_miyaura,hybrid_transfer_gp_ucb_no_gate,42,93.4634,92.9488,6.5366,0,4,1,0,7,28733,0.443
real_suzuki_miyaura,hybrid_value_prior_gp_ucb_gate_v1,42,93.4634,92.9488,6.5366,0,4,1,0,7,28733,0.443
real_suzuki_miyaura,hybrid_value_prior_gp_ucb_strict_gate_v1,42,93.4634,92.9488,6.5366,0,4,1,0,7,28733,0.443
real_suzuki_miyaura,hybrid_value_prior_gp_ucb_target_calibrated_gate_v1,42,93.4634,92.9488,6.5366,0,4,1,0,7,28733,0.443
real_suzuki_miyaura,hybrid_value_prior_gp_ucb_adaptive_gate_v1,42,93.4634,92.9488,6.5366,0,4,1,0,7,28733,0.443
real_suzuki_miyaura,gp_ucb,43,98.5294,94.2224,1.4706,1,0,0,0,0,0,0.4321
real_suzuki_miyaura,hybrid_transfer_gp_ucb_gate_v1,43,97.4616,94.7731,2.5384,0,4,0,0,7,25493,0.4321
real_suzuki_miyaura,hybrid_transfer_gp_ucb_no_gate,43,97.4616,94.7731,2.5384,0,4,0,0,7,25493,0.4321
real_suzuki_miyaura,hybrid_value_prior_gp_ucb_gate_v1,43,97.4616,94.7731,2.5384,0,4,0,0,7,25493,0.4321
real_suzuki_miyaura,hybrid_value_prior_gp_ucb_strict_gate_v1,43,97.4616,94.7731,2.5384,0,4,0,0,7,25493,0.4321
real_suzuki_miyaura,hybrid_value_prior_gp_ucb_target_calibrated_gate_v1,43,97.4616,94.7731,2.5384,0,4,0,0,7,25493,0.4321
real_suzuki_miyaura,hybrid_value_prior_gp_ucb_adaptive_gate_v1,43,97.4616,94.7731,2.5384,0,4,0,0,7,25493,0.4321
real_suzuki_miyaura,gp_ucb,44,88.5733,81.1382,11.4267,0,0,0,0,0,0,0.4543
real_suzuki_miyaura,hybrid_transfer_gp_ucb_gate_v1,44,88.5733,81.1382,11.4267,0,2,1,0,7,33259,0.4543
real_suzuki_miyaura,hybrid_transfer_gp_ucb_no_gate,44,88.5733,81.1382,11.4267,0,2,1,0,7,33259,0.4543
real_suzuki_miyaura,hybrid_value_prior_gp_ucb_gate_v1,44,88.5733,81.1382,11.4267,0,2,1,0,7,33259,0.4543
real_suzuki_miyaura,hybrid_value_prior_gp_ucb_strict_gate_v1,44,88.5733,81.1382,11.4267,0,2,1,0,7,33259,0.4543
real_suzuki_miyaura,hybrid_value_prior_gp_ucb_target_calibrated_gate_v1,44,88.5733,81.1382,11.4267,0,2,1,0,7,33259,0.4543
real_suzuki_miyaura,hybrid_value_prior_gp_ucb_adaptive_gate_v1,44,88.5733,81.1382,11.4267,0,2,1,0,7,33259,0.4543
real_suzuki_miyaura,gp_ucb,45,95.5273,93.7227,4.4727,0,0,0,0,0,0,0.4683
real_suzuki_miyaura,hybrid_transfer_gp_ucb_gate_v1,45,95.5273,93.818,4.4727,0,1,0,0,7,32422,0.4683
real_suzuki_miyaura,hybrid_transfer_gp_ucb_no_gate,45,95.5273,93.818,4.4727,0,1,0,0,7,32422,0.4683
real_suzuki_miyaura,hybrid_value_prior_gp_ucb_gate_v1,45,95.5273,93.818,4.4727,0,1,0,0,7,32422,0.4683
real_suzuki_miyaura,hybrid_value_prior_gp_ucb_strict_gate_v1,45,95.5273,93.818,4.4727,0,1,0,0,7,32422,0.4683
real_suzuki_miyaura,hybrid_value_prior_gp_ucb_target_calibrated_gate_v1,45,95.5273,93.818,4.4727,0,1,0,0,7,32422,0.4683
real_suzuki_miyaura,hybrid_value_prior_gp_ucb_adaptive_gate_v1,45,95.5273,93.818,4.4727,0,1,0,0,7,32422,0.4683
real_suzuki_miyaura,gp_ucb,46,100.0,100.0,0.0,1,0,0,0,0,0,0.3833
real_suzuki_miyaura,hybrid_transfer_gp_ucb_gate_v1,46,100.0,100.0,0.0,1,4,2,0,7,27926,0.3833
real_suzuki_miyaura,hybrid_transfer_gp_ucb_no_gate,46,100.0,100.0,0.0,1,4,2,0,7,27926,0.3833
real_suzuki_miyaura,hybrid_value_prior_gp_ucb_gate_v1,46,100.0,100.0,0.0,1,4,2,0,7,27926,0.3833
real_suzuki_miyaura,hybrid_value_prior_gp_ucb_strict_gate_v1,46,100.0,100.0,0.0,1,4,2,0,7,27926,0.3833
real_suzuki_miyaura,hybrid_value_prior_gp_ucb_target_calibrated_gate_v1,46,100.0,100.0,0.0,1,4,2,0,7,27926,0.3833
real_suzuki_miyaura,hybrid_value_prior_gp_ucb_adaptive_gate_v1,46,100.0,100.0,0.0,1,4,2,0,7,27926,0.3833
real_suzuki_miyaura,gp_ucb,47,90.9881,89.1793,9.0119,0,0,0,0,0,0,0.4345
real_suzuki_miyaura,hybrid_transfer_gp_ucb_gate_v1,47,90.9881,89.1793,9.0119,0,2,1,0,7,22821,0.4345
real_suzuki_miyaura,hybrid_transfer_gp_ucb_no_gate,47,90.9881,89.1793,9.0119,0,2,1,0,7,22821,0.4345
real_suzuki_miyaura,hybrid_value_prior_gp_ucb_gate_v1,47,90.9881,89.1793,9.0119,0,2,1,0,7,22821,0.4345
real_suzuki_miyaura,hybrid_value_prior_gp_ucb_strict_gate_v1,47,90.9881,89.1793,9.0119,0,2,1,0,7,22821,0.4345
real_suzuki_miyaura,hybrid_value_prior_gp_ucb_target_calibrated_gate_v1,47,90.9881,89.1793,9.0119,0,2,1,0,7,22821,0.4345
real_suzuki_miyaura,hybrid_value_prior_gp_ucb_adaptive_gate_v1,47,90.9881,89.1793,9.0119,0,2,1,0,7,22821,0.4345
real_suzuki_miyaura,gp_ucb,48,93.7818,93.5276,6.2182,0,0,0,0,0,0,0.459
real_suzuki_miyaura,hybrid_transfer_gp_ucb_gate_v1,48,93.7818,93.5276,6.2182,0,2,1,0,7,31664,0.459
real_suzuki_miyaura,hybrid_transfer_gp_ucb_no_gate,48,93.7818,93.5276,6.2182,0,2,1,0,7,31664,0.459
real_suzuki_miyaura,hybrid_value_prior_gp_ucb_gate_v1,48,93.7818,93.5276,6.2182,0,2,1,0,7,31664,0.459
real_suzuki_miyaura,hybrid_value_prior_gp_ucb_strict_gate_v1,48,93.7818,93.5276,6.2182,0,2,1,0,7,31664,0.459
real_suzuki_miyaura,hybrid_value_prior_gp_ucb_target_calibrated_gate_v1,48,93.7818,93.5276,6.2182,0,2,1,0,7,31664,0.459
real_suzuki_miyaura,hybrid_value_prior_gp_ucb_adaptive_gate_v1,48,93.7818,93.5276,6.2182,0,2,1,0,7,31664,0.459
real_suzuki_miyaura,gp_ucb,49,95.1903,91.7235,4.8097,0,0,0,0,0,0,0.4654
real_suzuki_miyaura,hybrid_transfer_gp_ucb_gate_v1,49,95.1903,91.7235,4.8097,0,1,1,0,7,31939,0.4654
real_suzuki_miyaura,hybrid_transfer_gp_ucb_no_gate,49,95.1903,91.7235,4.8097,0,1,1,0,7,31939,0.4654
real_suzuki_miyaura,hybrid_value_prior_gp_ucb_gate_v1,49,95.1903,91.7235,4.8097,0,1,1,0,7,31939,0.4654
real_suzuki_miyaura,hybrid_value_prior_gp_ucb_strict_gate_v1,49,95.1903,91.7235,4.8097,0,1,1,0,7,31939,0.4654
real_suzuki_miyaura,hybrid_value_prior_gp_ucb_target_calibrated_gate_v1,49,95.1903,91.7235,4.8097,0,1,1,0,7,31939,0.4654
real_suzuki_miyaura,hybrid_value_prior_gp_ucb_adaptive_gate_v1,49,95.1903,91.7235,4.8097,0,1,1,0,7,31939,0.4654
