source_dataset,target_dataset,mode,seed,initial_observations,reveal_rounds,final_best,best_so_far_auc,simple_regret,top10_hit,source_observations,source_inducing_points,pair_id,split
real_moleculenet_lipophilicity,real_moleculenet_freesolv,target_gp_ucb,70000,5,10,49.8,40.34664,50.2,0,2048,256,molecular_lipophilicity_to_freesolv,calibration
real_moleculenet_lipophilicity,real_moleculenet_freesolv,rgpe,70000,5,10,33.9333,33.9333,66.0667,0,2048,256,molecular_lipophilicity_to_freesolv,calibration
real_moleculenet_lipophilicity,real_moleculenet_freesolv,multitask_gp_icm,70000,5,10,68.2,54.49332,31.8,0,2048,256,molecular_lipophilicity_to_freesolv,calibration
real_moleculenet_lipophilicity,real_moleculenet_freesolv,target_gp_ucb,70001,5,10,79.0667,62.66332,20.9333,1,2048,256,molecular_lipophilicity_to_freesolv,calibration
real_moleculenet_lipophilicity,real_moleculenet_freesolv,rgpe,70001,5,10,68.2,56.30664,31.8,0,2048,256,molecular_lipophilicity_to_freesolv,calibration
real_moleculenet_lipophilicity,real_moleculenet_freesolv,multitask_gp_icm,70001,5,10,53.3333,53.3333,46.6667,0,2048,256,molecular_lipophilicity_to_freesolv,calibration
real_moleculenet_lipophilicity,real_moleculenet_freesolv,target_gp_ucb,70002,5,10,79.0667,74.8667,20.9333,1,2048,256,molecular_lipophilicity_to_freesolv,calibration
real_moleculenet_lipophilicity,real_moleculenet_freesolv,rgpe,70002,5,10,79.0667,74.8667,20.9333,1,2048,256,molecular_lipophilicity_to_freesolv,calibration
real_moleculenet_lipophilicity,real_moleculenet_freesolv,multitask_gp_icm,70002,5,10,73.0667,73.0667,26.9333,1,2048,256,molecular_lipophilicity_to_freesolv,calibration
real_moleculenet_lipophilicity,real_moleculenet_freesolv,target_gp_ucb,70003,5,10,42.2,39.06001,57.8,0,2048,256,molecular_lipophilicity_to_freesolv,calibration
real_moleculenet_lipophilicity,real_moleculenet_freesolv,rgpe,70003,5,10,40.9667,39.92002,59.0333,0,2048,256,molecular_lipophilicity_to_freesolv,calibration
real_moleculenet_lipophilicity,real_moleculenet_freesolv,multitask_gp_icm,70003,5,10,40.9667,40.9667,59.0333,0,2048,256,molecular_lipophilicity_to_freesolv,calibration
real_moleculenet_lipophilicity,real_moleculenet_freesolv,target_gp_ucb,70004,5,10,50.7333,43.50333,49.2667,0,2048,256,molecular_lipophilicity_to_freesolv,calibration
real_moleculenet_lipophilicity,real_moleculenet_freesolv,rgpe,70004,5,10,42.7,42.7,57.3,0,2048,256,molecular_lipophilicity_to_freesolv,calibration
real_moleculenet_lipophilicity,real_moleculenet_freesolv,multitask_gp_icm,70004,5,10,45.6667,45.37003,54.3333,0,2048,256,molecular_lipophilicity_to_freesolv,calibration
real_moleculenet_lipophilicity,real_moleculenet_freesolv,target_gp_ucb,70005,5,10,48.3667,42.67001,51.6333,0,2048,256,molecular_lipophilicity_to_freesolv,calibration
real_moleculenet_lipophilicity,real_moleculenet_freesolv,rgpe,70005,5,10,35.7667,35.7667,64.2333,0,2048,256,molecular_lipophilicity_to_freesolv,calibration
real_moleculenet_lipophilicity,real_moleculenet_freesolv,multitask_gp_icm,70005,5,10,56.5,49.03,43.5,0,2048,256,molecular_lipophilicity_to_freesolv,calibration
real_moleculenet_lipophilicity,real_moleculenet_freesolv,target_gp_ucb,70006,5,10,71.4333,42.00666,28.5667,1,2048,256,molecular_lipophilicity_to_freesolv,calibration
real_moleculenet_lipophilicity,real_moleculenet_freesolv,rgpe,70006,5,10,40.9667,32.69331,59.0333,0,2048,256,molecular_lipophilicity_to_freesolv,calibration
real_moleculenet_lipophilicity,real_moleculenet_freesolv,multitask_gp_icm,70006,5,10,68.2,38.96,31.8,0,2048,256,molecular_lipophilicity_to_freesolv,calibration
real_moleculenet_lipophilicity,real_moleculenet_freesolv,target_gp_ucb,70007,5,10,76.8667,54.73667,23.1333,1,2048,256,molecular_lipophilicity_to_freesolv,calibration
real_moleculenet_lipophilicity,real_moleculenet_freesolv,rgpe,70007,5,10,68.2,59.80999,31.8,0,2048,256,molecular_lipophilicity_to_freesolv,calibration
real_moleculenet_lipophilicity,real_moleculenet_freesolv,multitask_gp_icm,70007,5,10,58.8,51.61666,41.2,0,2048,256,molecular_lipophilicity_to_freesolv,calibration
real_moleculenet_lipophilicity,real_moleculenet_freesolv,target_gp_ucb,70008,5,10,76.8667,76.8667,23.1333,1,2048,256,molecular_lipophilicity_to_freesolv,calibration
real_moleculenet_lipophilicity,real_moleculenet_freesolv,rgpe,70008,5,10,76.8667,76.8667,23.1333,1,2048,256,molecular_lipophilicity_to_freesolv,calibration
real_moleculenet_lipophilicity,real_moleculenet_freesolv,multitask_gp_icm,70008,5,10,76.8667,76.8667,23.1333,1,2048,256,molecular_lipophilicity_to_freesolv,calibration
real_moleculenet_lipophilicity,real_moleculenet_freesolv,target_gp_ucb,70009,5,10,68.2,49.32666,31.8,0,2048,256,molecular_lipophilicity_to_freesolv,calibration
real_moleculenet_lipophilicity,real_moleculenet_freesolv,rgpe,70009,5,10,68.2,53.63998,31.8,0,2048,256,molecular_lipophilicity_to_freesolv,calibration
real_moleculenet_lipophilicity,real_moleculenet_freesolv,multitask_gp_icm,70009,5,10,59.1333,50.2533,40.8667,0,2048,256,molecular_lipophilicity_to_freesolv,calibration
real_moleculenet_lipophilicity,real_moleculenet_freesolv,target_gp_ucb,70010,5,10,79.0667,56.23333,20.9333,1,2048,256,molecular_lipophilicity_to_freesolv,calibration
real_moleculenet_lipophilicity,real_moleculenet_freesolv,rgpe,70010,5,10,46.1,46.1,53.9,0,2048,256,molecular_lipophilicity_to_freesolv,calibration
real_moleculenet_lipophilicity,real_moleculenet_freesolv,multitask_gp_icm,70010,5,10,77.2333,60.6133,22.7667,1,2048,256,molecular_lipophilicity_to_freesolv,calibration
real_moleculenet_lipophilicity,real_moleculenet_freesolv,target_gp_ucb,70011,5,10,68.2,68.2,31.8,0,2048,256,molecular_lipophilicity_to_freesolv,calibration
real_moleculenet_lipophilicity,real_moleculenet_freesolv,rgpe,70011,5,10,68.2,68.2,31.8,0,2048,256,molecular_lipophilicity_to_freesolv,calibration
real_moleculenet_lipophilicity,real_moleculenet_freesolv,multitask_gp_icm,70011,5,10,68.2,68.2,31.8,0,2048,256,molecular_lipophilicity_to_freesolv,calibration
real_moleculenet_lipophilicity,real_moleculenet_freesolv,target_gp_ucb,70012,5,10,50.2667,49.1467,49.7333,0,2048,256,molecular_lipophilicity_to_freesolv,calibration
real_moleculenet_lipophilicity,real_moleculenet_freesolv,rgpe,70012,5,10,39.0667,39.0667,60.9333,0,2048,256,molecular_lipophilicity_to_freesolv,calibration
real_moleculenet_lipophilicity,real_moleculenet_freesolv,multitask_gp_icm,70012,5,10,59.1333,50.45332,40.8667,0,2048,256,molecular_lipophilicity_to_freesolv,calibration
real_moleculenet_lipophilicity,real_moleculenet_freesolv,target_gp_ucb,70013,5,10,68.2,68.2,31.8,0,2048,256,molecular_lipophilicity_to_freesolv,calibration
real_moleculenet_lipophilicity,real_moleculenet_freesolv,rgpe,70013,5,10,68.2,67.03,31.8,0,2048,256,molecular_lipophilicity_to_freesolv,calibration
real_moleculenet_lipophilicity,real_moleculenet_freesolv,multitask_gp_icm,70013,5,10,71.4333,60.99332,28.5667,1,2048,256,molecular_lipophilicity_to_freesolv,calibration
real_moleculenet_lipophilicity,real_moleculenet_freesolv,target_gp_ucb,70014,5,10,69.4333,67.46997,30.5667,1,2048,256,molecular_lipophilicity_to_freesolv,calibration
real_moleculenet_lipophilicity,real_moleculenet_freesolv,rgpe,70014,5,10,68.2,65.04333,31.8,0,2048,256,molecular_lipophilicity_to_freesolv,calibration
real_moleculenet_lipophilicity,real_moleculenet_freesolv,multitask_gp_icm,70014,5,10,52.1333,50.35998,47.8667,0,2048,256,molecular_lipophilicity_to_freesolv,calibration
real_moleculenet_lipophilicity,real_moleculenet_freesolv,target_gp_ucb,70015,5,10,79.0667,71.51666,20.9333,1,2048,256,molecular_lipophilicity_to_freesolv,calibration
real_moleculenet_lipophilicity,real_moleculenet_freesolv,rgpe,70015,5,10,68.2,58.45,31.8,0,2048,256,molecular_lipophilicity_to_freesolv,calibration
real_moleculenet_lipophilicity,real_moleculenet_freesolv,multitask_gp_icm,70015,5,10,69.4333,53.98665,30.5667,1,2048,256,molecular_lipophilicity_to_freesolv,calibration
real_moleculenet_lipophilicity,real_moleculenet_freesolv,target_gp_ucb,70016,5,10,77.2333,73.8033,22.7667,1,2048,256,molecular_lipophilicity_to_freesolv,calibration
real_moleculenet_lipophilicity,real_moleculenet_freesolv,rgpe,70016,5,10,68.2,43.24335,31.8,0,2048,256,molecular_lipophilicity_to_freesolv,calibration
real_moleculenet_lipophilicity,real_moleculenet_freesolv,multitask_gp_icm,70016,5,10,68.2,54.58335,31.8,0,2048,256,molecular_lipophilicity_to_freesolv,calibration
real_moleculenet_lipophilicity,real_moleculenet_freesolv,target_gp_ucb,70017,5,10,76.8667,45.85669,23.1333,1,2048,256,molecular_lipophilicity_to_freesolv,calibration
real_moleculenet_lipophilicity,real_moleculenet_freesolv,rgpe,70017,5,10,47.6333,41.63336,52.3667,0,2048,256,molecular_lipophilicity_to_freesolv,calibration
real_moleculenet_lipophilicity,real_moleculenet_freesolv,multitask_gp_icm,70017,5,10,69.4333,52.30664,30.5667,1,2048,256,molecular_lipophilicity_to_freesolv,calibration
real_moleculenet_lipophilicity,real_moleculenet_freesolv,target_gp_ucb,70018,5,10,64.0333,47.27331,35.9667,0,2048,256,molecular_lipophilicity_to_freesolv,calibration
real_moleculenet_lipophilicity,real_moleculenet_freesolv,rgpe,70018,5,10,32.0333,31.91331,67.9667,0,2048,256,molecular_lipophilicity_to_freesolv,calibration
real_moleculenet_lipophilicity,real_moleculenet_freesolv,multitask_gp_icm,70018,5,10,68.2,49.96333,31.8,0,2048,256,molecular_lipophilicity_to_freesolv,calibration
real_moleculenet_lipophilicity,real_moleculenet_freesolv,target_gp_ucb,70019,5,10,45.6667,45.6667,54.3333,0,2048,256,molecular_lipophilicity_to_freesolv,calibration
real_moleculenet_lipophilicity,real_moleculenet_freesolv,rgpe,70019,5,10,45.6667,45.6667,54.3333,0,2048,256,molecular_lipophilicity_to_freesolv,calibration
real_moleculenet_lipophilicity,real_moleculenet_freesolv,multitask_gp_icm,70019,5,10,45.6667,45.6667,54.3333,0,2048,256,molecular_lipophilicity_to_freesolv,calibration
real_moleculenet_lipophilicity,real_moleculenet_freesolv,target_gp_ucb,70020,5,10,79.0667,76.12667,20.9333,1,2048,256,molecular_lipophilicity_to_freesolv,calibration
real_moleculenet_lipophilicity,real_moleculenet_freesolv,rgpe,70020,5,10,79.0667,77.43335,20.9333,1,2048,256,molecular_lipophilicity_to_freesolv,calibration
real_moleculenet_lipophilicity,real_moleculenet_freesolv,multitask_gp_icm,70020,5,10,76.8667,76.12001,23.1333,1,2048,256,molecular_lipophilicity_to_freesolv,calibration
real_moleculenet_lipophilicity,real_moleculenet_freesolv,target_gp_ucb,70021,5,10,79.0667,77.43335,20.9333,1,2048,256,molecular_lipophilicity_to_freesolv,calibration
real_moleculenet_lipophilicity,real_moleculenet_freesolv,rgpe,70021,5,10,75.8,75.8,24.2,1,2048,256,molecular_lipophilicity_to_freesolv,calibration
real_moleculenet_lipophilicity,real_moleculenet_freesolv,multitask_gp_icm,70021,5,10,75.8,75.8,24.2,1,2048,256,molecular_lipophilicity_to_freesolv,calibration
real_moleculenet_lipophilicity,real_moleculenet_freesolv,target_gp_ucb,70022,5,10,43.2667,42.41334,56.7333,0,2048,256,molecular_lipophilicity_to_freesolv,calibration
real_moleculenet_lipophilicity,real_moleculenet_freesolv,rgpe,70022,5,10,68.2,47.4,31.8,0,2048,256,molecular_lipophilicity_to_freesolv,calibration
real_moleculenet_lipophilicity,real_moleculenet_freesolv,multitask_gp_icm,70022,5,10,68.2,55.2,31.8,0,2048,256,molecular_lipophilicity_to_freesolv,calibration
real_moleculenet_lipophilicity,real_moleculenet_freesolv,target_gp_ucb,70023,5,10,43.2667,41.9067,56.7333,0,2048,256,molecular_lipophilicity_to_freesolv,calibration
real_moleculenet_lipophilicity,real_moleculenet_freesolv,rgpe,70023,5,10,41.5667,41.5667,58.4333,0,2048,256,molecular_lipophilicity_to_freesolv,calibration
real_moleculenet_lipophilicity,real_moleculenet_freesolv,multitask_gp_icm,70023,5,10,68.2,49.55669,31.8,0,2048,256,molecular_lipophilicity_to_freesolv,calibration
real_moleculenet_lipophilicity,real_moleculenet_freesolv,target_gp_ucb,70024,5,10,71.4333,51.60664,28.5667,1,2048,256,molecular_lipophilicity_to_freesolv,calibration
real_moleculenet_lipophilicity,real_moleculenet_freesolv,rgpe,70024,5,10,49.0333,49.0333,50.9667,0,2048,256,molecular_lipophilicity_to_freesolv,calibration
real_moleculenet_lipophilicity,real_moleculenet_freesolv,multitask_gp_icm,70024,5,10,52.1333,50.8933,47.8667,0,2048,256,molecular_lipophilicity_to_freesolv,calibration
real_moleculenet_lipophilicity,real_moleculenet_freesolv,target_gp_ucb,70025,5,10,49.8,43.46664,50.2,0,2048,256,molecular_lipophilicity_to_freesolv,calibration
real_moleculenet_lipophilicity,real_moleculenet_freesolv,rgpe,70025,5,10,41.9333,41.9333,58.0667,0,2048,256,molecular_lipophilicity_to_freesolv,calibration
real_moleculenet_lipophilicity,real_moleculenet_freesolv,multitask_gp_icm,70025,5,10,45.6667,44.14669,54.3333,0,2048,256,molecular_lipophilicity_to_freesolv,calibration
real_moleculenet_lipophilicity,real_moleculenet_freesolv,target_gp_ucb,70026,5,10,53.3667,40.85336,46.6333,0,2048,256,molecular_lipophilicity_to_freesolv,calibration
real_moleculenet_lipophilicity,real_moleculenet_freesolv,rgpe,70026,5,10,40.9667,40.9667,59.0333,0,2048,256,molecular_lipophilicity_to_freesolv,calibration
real_moleculenet_lipophilicity,real_moleculenet_freesolv,multitask_gp_icm,70026,5,10,69.4333,50.86332,30.5667,1,2048,256,molecular_lipophilicity_to_freesolv,calibration
real_moleculenet_lipophilicity,real_moleculenet_freesolv,target_gp_ucb,70027,5,10,40.9667,36.4367,59.0333,0,2048,256,molecular_lipophilicity_to_freesolv,calibration
real_moleculenet_lipophilicity,real_moleculenet_freesolv,rgpe,70027,5,10,33.6667,33.6667,66.3333,0,2048,256,molecular_lipophilicity_to_freesolv,calibration
real_moleculenet_lipophilicity,real_moleculenet_freesolv,multitask_gp_icm,70027,5,10,68.2,42.76336,31.8,0,2048,256,molecular_lipophilicity_to_freesolv,calibration
real_moleculenet_lipophilicity,real_moleculenet_freesolv,target_gp_ucb,70028,5,10,76.8667,54.69335,23.1333,1,2048,256,molecular_lipophilicity_to_freesolv,calibration
real_moleculenet_lipophilicity,real_moleculenet_freesolv,rgpe,70028,5,10,42.0667,42.0667,57.9333,0,2048,256,molecular_lipophilicity_to_freesolv,calibration
real_moleculenet_lipophilicity,real_moleculenet_freesolv,multitask_gp_icm,70028,5,10,77.2333,59.60664,22.7667,1,2048,256,molecular_lipophilicity_to_freesolv,calibration
real_moleculenet_lipophilicity,real_moleculenet_freesolv,target_gp_ucb,70029,5,10,68.2,66.33333,31.8,0,2048,256,molecular_lipophilicity_to_freesolv,calibration
real_moleculenet_lipophilicity,real_moleculenet_freesolv,rgpe,70029,5,10,68.2,64.46666,31.8,0,2048,256,molecular_lipophilicity_to_freesolv,calibration
real_moleculenet_lipophilicity,real_moleculenet_freesolv,multitask_gp_icm,70029,5,10,68.2,68.2,31.8,0,2048,256,molecular_lipophilicity_to_freesolv,calibration
real_moleculenet_lipophilicity,real_moleculenet_freesolv,target_gp_ucb,71000,5,10,68.2,62.58001,31.8,0,2048,256,molecular_lipophilicity_to_freesolv,heldout
real_moleculenet_lipophilicity,real_moleculenet_freesolv,rgpe,71000,5,10,68.2,66.71667,31.8,0,2048,256,molecular_lipophilicity_to_freesolv,heldout
real_moleculenet_lipophilicity,real_moleculenet_freesolv,multitask_gp_icm,71000,5,10,53.3667,53.3667,46.6333,0,2048,256,molecular_lipophilicity_to_freesolv,heldout
real_moleculenet_lipophilicity,real_moleculenet_freesolv,target_gp_ucb,71001,5,10,76.8667,64.61001,23.1333,1,2048,256,molecular_lipophilicity_to_freesolv,heldout
real_moleculenet_lipophilicity,real_moleculenet_freesolv,rgpe,71001,5,10,68.2,68.2,31.8,0,2048,256,molecular_lipophilicity_to_freesolv,heldout
real_moleculenet_lipophilicity,real_moleculenet_freesolv,multitask_gp_icm,71001,5,10,59.1333,53.6333,40.8667,0,2048,256,molecular_lipophilicity_to_freesolv,heldout
real_moleculenet_lipophilicity,real_moleculenet_freesolv,target_gp_ucb,71002,5,10,48.3667,46.3567,51.6333,0,2048,256,molecular_lipophilicity_to_freesolv,heldout
real_moleculenet_lipophilicity,real_moleculenet_freesolv,rgpe,71002,5,10,41.6667,41.6667,58.3333,0,2048,256,molecular_lipophilicity_to_freesolv,heldout
real_moleculenet_lipophilicity,real_moleculenet_freesolv,multitask_gp_icm,71002,5,10,77.2333,56.16998,22.7667,1,2048,256,molecular_lipophilicity_to_freesolv,heldout
real_moleculenet_lipophilicity,real_moleculenet_freesolv,target_gp_ucb,71003,5,10,76.8667,64.91002,23.1333,1,2048,256,molecular_lipophilicity_to_freesolv,heldout
real_moleculenet_lipophilicity,real_moleculenet_freesolv,rgpe,71003,5,10,68.2,49.13669,31.8,0,2048,256,molecular_lipophilicity_to_freesolv,heldout
real_moleculenet_lipophilicity,real_moleculenet_freesolv,multitask_gp_icm,71003,5,10,69.4333,50.90998,30.5667,1,2048,256,molecular_lipophilicity_to_freesolv,heldout
real_moleculenet_lipophilicity,real_moleculenet_freesolv,target_gp_ucb,71004,5,10,71.4333,69.35997,28.5667,1,2048,256,molecular_lipophilicity_to_freesolv,heldout
real_moleculenet_lipophilicity,real_moleculenet_freesolv,rgpe,71004,5,10,71.4333,54.57998,28.5667,1,2048,256,molecular_lipophilicity_to_freesolv,heldout
real_moleculenet_lipophilicity,real_moleculenet_freesolv,multitask_gp_icm,71004,5,10,68.2,61.49333,31.8,0,2048,256,molecular_lipophilicity_to_freesolv,heldout
real_moleculenet_lipophilicity,real_moleculenet_freesolv,target_gp_ucb,71005,5,10,71.4333,62.8233,28.5667,1,2048,256,molecular_lipophilicity_to_freesolv,heldout
real_moleculenet_lipophilicity,real_moleculenet_freesolv,rgpe,71005,5,10,59.1333,59.1333,40.8667,0,2048,256,molecular_lipophilicity_to_freesolv,heldout
real_moleculenet_lipophilicity,real_moleculenet_freesolv,multitask_gp_icm,71005,5,10,59.1333,59.1333,40.8667,0,2048,256,molecular_lipophilicity_to_freesolv,heldout
real_moleculenet_lipophilicity,real_moleculenet_freesolv,target_gp_ucb,71006,5,10,45.6,40.53001,54.4,0,2048,256,molecular_lipophilicity_to_freesolv,heldout
real_moleculenet_lipophilicity,real_moleculenet_freesolv,rgpe,71006,5,10,40.9667,40.9667,59.0333,0,2048,256,molecular_lipophilicity_to_freesolv,heldout
real_moleculenet_lipophilicity,real_moleculenet_freesolv,multitask_gp_icm,71006,5,10,64.0333,50.31,35.9667,0,2048,256,molecular_lipophilicity_to_freesolv,heldout
real_moleculenet_lipophilicity,real_moleculenet_freesolv,target_gp_ucb,71007,5,10,64.0333,54.55998,35.9667,0,2048,256,molecular_lipophilicity_to_freesolv,heldout
real_moleculenet_lipophilicity,real_moleculenet_freesolv,rgpe,71007,5,10,76.8667,42.20668,23.1333,1,2048,256,molecular_lipophilicity_to_freesolv,heldout
real_moleculenet_lipophilicity,real_moleculenet_freesolv,multitask_gp_icm,71007,5,10,58.8,52.77333,41.2,0,2048,256,molecular_lipophilicity_to_freesolv,heldout
real_moleculenet_lipophilicity,real_moleculenet_freesolv,target_gp_ucb,71008,5,10,69.4333,51.95998,30.5667,1,2048,256,molecular_lipophilicity_to_freesolv,heldout
real_moleculenet_lipophilicity,real_moleculenet_freesolv,rgpe,71008,5,10,68.2,51.21331,31.8,0,2048,256,molecular_lipophilicity_to_freesolv,heldout
real_moleculenet_lipophilicity,real_moleculenet_freesolv,multitask_gp_icm,71008,5,10,59.1333,54.5733,40.8667,0,2048,256,molecular_lipophilicity_to_freesolv,heldout
real_moleculenet_lipophilicity,real_moleculenet_freesolv,target_gp_ucb,71009,5,10,49.4667,45.6267,50.5333,0,2048,256,molecular_lipophilicity_to_freesolv,heldout
real_moleculenet_lipophilicity,real_moleculenet_freesolv,rgpe,71009,5,10,68.2,48.70669,31.8,0,2048,256,molecular_lipophilicity_to_freesolv,heldout
real_moleculenet_lipophilicity,real_moleculenet_freesolv,multitask_gp_icm,71009,5,10,47.6667,46.5667,52.3333,0,2048,256,molecular_lipophilicity_to_freesolv,heldout
real_moleculenet_lipophilicity,real_moleculenet_freesolv,target_gp_ucb,71010,5,10,61.4333,43.40336,38.5667,0,2048,256,molecular_lipophilicity_to_freesolv,heldout
real_moleculenet_lipophilicity,real_moleculenet_freesolv,rgpe,71010,5,10,48.1667,39.4367,51.8333,0,2048,256,molecular_lipophilicity_to_freesolv,heldout
real_moleculenet_lipophilicity,real_moleculenet_freesolv,multitask_gp_icm,71010,5,10,59.1333,52.87666,40.8667,0,2048,256,molecular_lipophilicity_to_freesolv,heldout
real_moleculenet_lipophilicity,real_moleculenet_freesolv,target_gp_ucb,71011,5,10,52.1333,47.45999,47.8667,0,2048,256,molecular_lipophilicity_to_freesolv,heldout
real_moleculenet_lipophilicity,real_moleculenet_freesolv,rgpe,71011,5,10,68.2,43.69003,31.8,0,2048,256,molecular_lipophilicity_to_freesolv,heldout
real_moleculenet_lipophilicity,real_moleculenet_freesolv,multitask_gp_icm,71011,5,10,40.9667,40.9667,59.0333,0,2048,256,molecular_lipophilicity_to_freesolv,heldout
real_moleculenet_lipophilicity,real_moleculenet_freesolv,target_gp_ucb,71012,5,10,44.7,40.79333,55.3,0,2048,256,molecular_lipophilicity_to_freesolv,heldout
real_moleculenet_lipophilicity,real_moleculenet_freesolv,rgpe,71012,5,10,40.9667,36.88335,59.0333,0,2048,256,molecular_lipophilicity_to_freesolv,heldout
real_moleculenet_lipophilicity,real_moleculenet_freesolv,multitask_gp_icm,71012,5,10,52.1333,49.47332,47.8667,0,2048,256,molecular_lipophilicity_to_freesolv,heldout
real_moleculenet_lipophilicity,real_moleculenet_freesolv,target_gp_ucb,71013,5,10,42.1667,42.01334,57.8333,0,2048,256,molecular_lipophilicity_to_freesolv,heldout
real_moleculenet_lipophilicity,real_moleculenet_freesolv,rgpe,71013,5,10,68.2,54.9,31.8,0,2048,256,molecular_lipophilicity_to_freesolv,heldout
real_moleculenet_lipophilicity,real_moleculenet_freesolv,multitask_gp_icm,71013,5,10,68.2,54.9,31.8,0,2048,256,molecular_lipophilicity_to_freesolv,heldout
real_moleculenet_lipophilicity,real_moleculenet_freesolv,target_gp_ucb,71014,5,10,61.4333,61.4333,38.5667,0,2048,256,molecular_lipophilicity_to_freesolv,heldout
real_moleculenet_lipophilicity,real_moleculenet_freesolv,rgpe,71014,5,10,61.4333,61.4333,38.5667,0,2048,256,molecular_lipophilicity_to_freesolv,heldout
real_moleculenet_lipophilicity,real_moleculenet_freesolv,multitask_gp_icm,71014,5,10,61.4333,61.4333,38.5667,0,2048,256,molecular_lipophilicity_to_freesolv,heldout
real_moleculenet_lipophilicity,real_moleculenet_freesolv,target_gp_ucb,71015,5,10,69.4333,54.1933,30.5667,1,2048,256,molecular_lipophilicity_to_freesolv,heldout
real_moleculenet_lipophilicity,real_moleculenet_freesolv,rgpe,71015,5,10,49.3333,49.3333,50.6667,0,2048,256,molecular_lipophilicity_to_freesolv,heldout
real_moleculenet_lipophilicity,real_moleculenet_freesolv,multitask_gp_icm,71015,5,10,52.1333,51.0133,47.8667,0,2048,256,molecular_lipophilicity_to_freesolv,heldout
real_moleculenet_lipophilicity,real_moleculenet_freesolv,target_gp_ucb,71016,5,10,58.8,56.78,41.2,0,2048,256,molecular_lipophilicity_to_freesolv,heldout
real_moleculenet_lipophilicity,real_moleculenet_freesolv,rgpe,71016,5,10,68.2,64.3,31.8,0,2048,256,molecular_lipophilicity_to_freesolv,heldout
real_moleculenet_lipophilicity,real_moleculenet_freesolv,multitask_gp_icm,71016,5,10,58.8,55.77,41.2,0,2048,256,molecular_lipophilicity_to_freesolv,heldout
real_moleculenet_lipophilicity,real_moleculenet_freesolv,target_gp_ucb,71017,5,10,100.0,100.0,0.0,1,2048,256,molecular_lipophilicity_to_freesolv,heldout
real_moleculenet_lipophilicity,real_moleculenet_freesolv,rgpe,71017,5,10,100.0,100.0,0.0,1,2048,256,molecular_lipophilicity_to_freesolv,heldout
real_moleculenet_lipophilicity,real_moleculenet_freesolv,multitask_gp_icm,71017,5,10,100.0,100.0,0.0,1,2048,256,molecular_lipophilicity_to_freesolv,heldout
real_moleculenet_lipophilicity,real_moleculenet_freesolv,target_gp_ucb,71018,5,10,76.8667,63.48001,23.1333,1,2048,256,molecular_lipophilicity_to_freesolv,heldout
real_moleculenet_lipophilicity,real_moleculenet_freesolv,rgpe,71018,5,10,76.8667,62.74001,23.1333,1,2048,256,molecular_lipophilicity_to_freesolv,heldout
real_moleculenet_lipophilicity,real_moleculenet_freesolv,multitask_gp_icm,71018,5,10,68.2,66.89,31.8,0,2048,256,molecular_lipophilicity_to_freesolv,heldout
real_moleculenet_lipophilicity,real_moleculenet_freesolv,target_gp_ucb,71019,5,10,44.7,42.08669,55.3,0,2048,256,molecular_lipophilicity_to_freesolv,heldout
real_moleculenet_lipophilicity,real_moleculenet_freesolv,rgpe,71019,5,10,64.0333,46.75335,35.9667,0,2048,256,molecular_lipophilicity_to_freesolv,heldout
real_moleculenet_lipophilicity,real_moleculenet_freesolv,multitask_gp_icm,71019,5,10,50.7333,43.06335,49.2667,0,2048,256,molecular_lipophilicity_to_freesolv,heldout
real_moleculenet_lipophilicity,real_moleculenet_freesolv,target_gp_ucb,71020,5,10,68.2,67.03,31.8,0,2048,256,molecular_lipophilicity_to_freesolv,heldout
real_moleculenet_lipophilicity,real_moleculenet_freesolv,rgpe,71020,5,10,68.2,67.03,31.8,0,2048,256,molecular_lipophilicity_to_freesolv,heldout
real_moleculenet_lipophilicity,real_moleculenet_freesolv,multitask_gp_icm,71020,5,10,64.0333,60.26665,35.9667,0,2048,256,molecular_lipophilicity_to_freesolv,heldout
real_moleculenet_lipophilicity,real_moleculenet_freesolv,target_gp_ucb,71021,5,10,50.0,50.0,50.0,0,2048,256,molecular_lipophilicity_to_freesolv,heldout
real_moleculenet_lipophilicity,real_moleculenet_freesolv,rgpe,71021,5,10,50.0,50.0,50.0,0,2048,256,molecular_lipophilicity_to_freesolv,heldout
real_moleculenet_lipophilicity,real_moleculenet_freesolv,multitask_gp_icm,71021,5,10,52.1333,50.63999,47.8667,0,2048,256,molecular_lipophilicity_to_freesolv,heldout
real_moleculenet_lipophilicity,real_moleculenet_freesolv,target_gp_ucb,71022,5,10,56.5,49.28333,43.5,0,2048,256,molecular_lipophilicity_to_freesolv,heldout
real_moleculenet_lipophilicity,real_moleculenet_freesolv,rgpe,71022,5,10,32.0333,31.72997,67.9667,0,2048,256,molecular_lipophilicity_to_freesolv,heldout
real_moleculenet_lipophilicity,real_moleculenet_freesolv,multitask_gp_icm,71022,5,10,40.9667,32.62665,59.0333,0,2048,256,molecular_lipophilicity_to_freesolv,heldout
real_moleculenet_lipophilicity,real_moleculenet_freesolv,target_gp_ucb,71023,5,10,79.0667,55.82332,20.9333,1,2048,256,molecular_lipophilicity_to_freesolv,heldout
real_moleculenet_lipophilicity,real_moleculenet_freesolv,rgpe,71023,5,10,37.5,37.5,62.5,0,2048,256,molecular_lipophilicity_to_freesolv,heldout
real_moleculenet_lipophilicity,real_moleculenet_freesolv,multitask_gp_icm,71023,5,10,69.4333,52.93332,30.5667,1,2048,256,molecular_lipophilicity_to_freesolv,heldout
real_moleculenet_lipophilicity,real_moleculenet_freesolv,target_gp_ucb,71024,5,10,64.0333,49.39334,35.9667,0,2048,256,molecular_lipophilicity_to_freesolv,heldout
real_moleculenet_lipophilicity,real_moleculenet_freesolv,rgpe,71024,5,10,41.3333,41.3333,58.6667,0,2048,256,molecular_lipophilicity_to_freesolv,heldout
real_moleculenet_lipophilicity,real_moleculenet_freesolv,multitask_gp_icm,71024,5,10,100.0,50.23,0.0,1,2048,256,molecular_lipophilicity_to_freesolv,heldout
real_moleculenet_lipophilicity,real_moleculenet_freesolv,target_gp_ucb,71025,5,10,68.2,68.2,31.8,0,2048,256,molecular_lipophilicity_to_freesolv,heldout
real_moleculenet_lipophilicity,real_moleculenet_freesolv,rgpe,71025,5,10,68.2,68.2,31.8,0,2048,256,molecular_lipophilicity_to_freesolv,heldout
real_moleculenet_lipophilicity,real_moleculenet_freesolv,multitask_gp_icm,71025,5,10,68.2,68.2,31.8,0,2048,256,molecular_lipophilicity_to_freesolv,heldout
real_moleculenet_lipophilicity,real_moleculenet_freesolv,target_gp_ucb,71026,5,10,47.8,40.47334,52.2,0,2048,256,molecular_lipophilicity_to_freesolv,heldout
real_moleculenet_lipophilicity,real_moleculenet_freesolv,rgpe,71026,5,10,40.9667,39.89336,59.0333,0,2048,256,molecular_lipophilicity_to_freesolv,heldout
real_moleculenet_lipophilicity,real_moleculenet_freesolv,multitask_gp_icm,71026,5,10,68.2,45.34002,31.8,0,2048,256,molecular_lipophilicity_to_freesolv,heldout
real_moleculenet_lipophilicity,real_moleculenet_freesolv,target_gp_ucb,71027,5,10,79.0667,57.63331,20.9333,1,2048,256,molecular_lipophilicity_to_freesolv,heldout
real_moleculenet_lipophilicity,real_moleculenet_freesolv,rgpe,71027,5,10,68.2,65.94,31.8,0,2048,256,molecular_lipophilicity_to_freesolv,heldout
real_moleculenet_lipophilicity,real_moleculenet_freesolv,multitask_gp_icm,71027,5,10,77.2333,60.6133,22.7667,1,2048,256,molecular_lipophilicity_to_freesolv,heldout
real_moleculenet_lipophilicity,real_moleculenet_freesolv,target_gp_ucb,71028,5,10,79.0667,56.23334,20.9333,1,2048,256,molecular_lipophilicity_to_freesolv,heldout
real_moleculenet_lipophilicity,real_moleculenet_freesolv,rgpe,71028,5,10,34.8333,34.8333,65.1667,0,2048,256,molecular_lipophilicity_to_freesolv,heldout
real_moleculenet_lipophilicity,real_moleculenet_freesolv,multitask_gp_icm,71028,5,10,47.6667,45.76668,52.3333,0,2048,256,molecular_lipophilicity_to_freesolv,heldout
real_moleculenet_lipophilicity,real_moleculenet_freesolv,target_gp_ucb,71029,5,10,48.0333,44.69666,51.9667,0,2048,256,molecular_lipophilicity_to_freesolv,heldout
real_moleculenet_lipophilicity,real_moleculenet_freesolv,rgpe,71029,5,10,38.7333,38.7333,61.2667,0,2048,256,molecular_lipophilicity_to_freesolv,heldout
real_moleculenet_lipophilicity,real_moleculenet_freesolv,multitask_gp_icm,71029,5,10,44.7,44.36333,55.3,0,2048,256,molecular_lipophilicity_to_freesolv,heldout
real_moleculenet_lipophilicity,real_moleculenet_freesolv,target_gp_ucb,71030,5,10,79.0667,71.70332,20.9333,1,2048,256,molecular_lipophilicity_to_freesolv,heldout
real_moleculenet_lipophilicity,real_moleculenet_freesolv,rgpe,71030,5,10,68.2,56.93335,31.8,0,2048,256,molecular_lipophilicity_to_freesolv,heldout
real_moleculenet_lipophilicity,real_moleculenet_freesolv,multitask_gp_icm,71030,5,10,59.1333,55.09332,40.8667,0,2048,256,molecular_lipophilicity_to_freesolv,heldout
real_moleculenet_lipophilicity,real_moleculenet_freesolv,target_gp_ucb,71031,5,10,38.3333,33.71665,61.6667,0,2048,256,molecular_lipophilicity_to_freesolv,heldout
real_moleculenet_lipophilicity,real_moleculenet_freesolv,rgpe,71031,5,10,32.0333,31.72997,67.9667,0,2048,256,molecular_lipophilicity_to_freesolv,heldout
real_moleculenet_lipophilicity,real_moleculenet_freesolv,multitask_gp_icm,71031,5,10,59.1333,49.42332,40.8667,0,2048,256,molecular_lipophilicity_to_freesolv,heldout
real_moleculenet_lipophilicity,real_moleculenet_freesolv,target_gp_ucb,71032,5,10,79.0667,65.53664,20.9333,1,2048,256,molecular_lipophilicity_to_freesolv,heldout
real_moleculenet_lipophilicity,real_moleculenet_freesolv,rgpe,71032,5,10,68.2,67.36666,31.8,0,2048,256,molecular_lipophilicity_to_freesolv,heldout
real_moleculenet_lipophilicity,real_moleculenet_freesolv,multitask_gp_icm,71032,5,10,68.2,66.11665,31.8,0,2048,256,molecular_lipophilicity_to_freesolv,heldout
real_moleculenet_lipophilicity,real_moleculenet_freesolv,target_gp_ucb,71033,5,10,79.0667,59.87667,20.9333,1,2048,256,molecular_lipophilicity_to_freesolv,heldout
real_moleculenet_lipophilicity,real_moleculenet_freesolv,rgpe,71033,5,10,40.9667,40.9667,59.0333,0,2048,256,molecular_lipophilicity_to_freesolv,heldout
real_moleculenet_lipophilicity,real_moleculenet_freesolv,multitask_gp_icm,71033,5,10,69.4333,60.7833,30.5667,1,2048,256,molecular_lipophilicity_to_freesolv,heldout
real_moleculenet_lipophilicity,real_moleculenet_freesolv,target_gp_ucb,71034,5,10,68.2,65.28331,31.8,0,2048,256,molecular_lipophilicity_to_freesolv,heldout
real_moleculenet_lipophilicity,real_moleculenet_freesolv,rgpe,71034,5,10,68.2,67.36666,31.8,0,2048,256,molecular_lipophilicity_to_freesolv,heldout
real_moleculenet_lipophilicity,real_moleculenet_freesolv,multitask_gp_icm,71034,5,10,68.2,64.86664,31.8,0,2048,256,molecular_lipophilicity_to_freesolv,heldout
real_moleculenet_lipophilicity,real_moleculenet_freesolv,target_gp_ucb,71035,5,10,49.5333,46.11998,50.4667,0,2048,256,molecular_lipophilicity_to_freesolv,heldout
real_moleculenet_lipophilicity,real_moleculenet_freesolv,rgpe,71035,5,10,68.2,45.89334,31.8,0,2048,256,molecular_lipophilicity_to_freesolv,heldout
real_moleculenet_lipophilicity,real_moleculenet_freesolv,multitask_gp_icm,71035,5,10,40.9667,40.9667,59.0333,0,2048,256,molecular_lipophilicity_to_freesolv,heldout
real_moleculenet_lipophilicity,real_moleculenet_freesolv,target_gp_ucb,71036,5,10,53.3667,45.65002,46.6333,0,2048,256,molecular_lipophilicity_to_freesolv,heldout
real_moleculenet_lipophilicity,real_moleculenet_freesolv,rgpe,71036,5,10,32.0333,31.75997,67.9667,0,2048,256,molecular_lipophilicity_to_freesolv,heldout
real_moleculenet_lipophilicity,real_moleculenet_freesolv,multitask_gp_icm,71036,5,10,69.4333,50.86332,30.5667,1,2048,256,molecular_lipophilicity_to_freesolv,heldout
real_moleculenet_lipophilicity,real_moleculenet_freesolv,target_gp_ucb,71037,5,10,49.2,47.52333,50.8,0,2048,256,molecular_lipophilicity_to_freesolv,heldout
real_moleculenet_lipophilicity,real_moleculenet_freesolv,rgpe,71037,5,10,48.0333,44.09332,51.9667,0,2048,256,molecular_lipophilicity_to_freesolv,heldout
real_moleculenet_lipophilicity,real_moleculenet_freesolv,multitask_gp_icm,71037,5,10,69.4333,53.48664,30.5667,1,2048,256,molecular_lipophilicity_to_freesolv,heldout
real_moleculenet_lipophilicity,real_moleculenet_freesolv,target_gp_ucb,71038,5,10,50.9,48.02999,49.1,0,2048,256,molecular_lipophilicity_to_freesolv,heldout
real_moleculenet_lipophilicity,real_moleculenet_freesolv,rgpe,71038,5,10,68.2,54.76665,31.8,0,2048,256,molecular_lipophilicity_to_freesolv,heldout
real_moleculenet_lipophilicity,real_moleculenet_freesolv,multitask_gp_icm,71038,5,10,47.6667,44.24002,52.3333,0,2048,256,molecular_lipophilicity_to_freesolv,heldout
real_moleculenet_lipophilicity,real_moleculenet_freesolv,target_gp_ucb,71039,5,10,68.2,55.75,31.8,0,2048,256,molecular_lipophilicity_to_freesolv,heldout
real_moleculenet_lipophilicity,real_moleculenet_freesolv,rgpe,71039,5,10,41.4333,41.4333,58.5667,0,2048,256,molecular_lipophilicity_to_freesolv,heldout
real_moleculenet_lipophilicity,real_moleculenet_freesolv,multitask_gp_icm,71039,5,10,52.6,49.24,47.4,0,2048,256,molecular_lipophilicity_to_freesolv,heldout
real_moleculenet_lipophilicity,real_moleculenet_freesolv,target_gp_ucb,71040,5,10,47.6333,42.95667,52.3667,0,2048,256,molecular_lipophilicity_to_freesolv,heldout
real_moleculenet_lipophilicity,real_moleculenet_freesolv,rgpe,71040,5,10,40.9667,40.9667,59.0333,0,2048,256,molecular_lipophilicity_to_freesolv,heldout
real_moleculenet_lipophilicity,real_moleculenet_freesolv,multitask_gp_icm,71040,5,10,56.5,50.47,43.5,0,2048,256,molecular_lipophilicity_to_freesolv,heldout
real_moleculenet_lipophilicity,real_moleculenet_freesolv,target_gp_ucb,71041,5,10,76.8667,60.60001,23.1333,1,2048,256,molecular_lipophilicity_to_freesolv,heldout
real_moleculenet_lipophilicity,real_moleculenet_freesolv,rgpe,71041,5,10,68.2,66.32,31.8,0,2048,256,molecular_lipophilicity_to_freesolv,heldout
real_moleculenet_lipophilicity,real_moleculenet_freesolv,multitask_gp_icm,71041,5,10,52.1333,51.85997,47.8667,0,2048,256,molecular_lipophilicity_to_freesolv,heldout
real_moleculenet_lipophilicity,real_moleculenet_freesolv,target_gp_ucb,71042,5,10,50.7333,42.31666,49.2667,0,2048,256,molecular_lipophilicity_to_freesolv,heldout
real_moleculenet_lipophilicity,real_moleculenet_freesolv,rgpe,71042,5,10,40.9667,40.9667,59.0333,0,2048,256,molecular_lipophilicity_to_freesolv,heldout
real_moleculenet_lipophilicity,real_moleculenet_freesolv,multitask_gp_icm,71042,5,10,68.2,48.44335,31.8,0,2048,256,molecular_lipophilicity_to_freesolv,heldout
real_moleculenet_lipophilicity,real_moleculenet_freesolv,target_gp_ucb,71043,5,10,79.0667,56.38001,20.9333,1,2048,256,molecular_lipophilicity_to_freesolv,heldout
real_moleculenet_lipophilicity,real_moleculenet_freesolv,rgpe,71043,5,10,45.6667,45.6667,54.3333,0,2048,256,molecular_lipophilicity_to_freesolv,heldout
real_moleculenet_lipophilicity,real_moleculenet_freesolv,multitask_gp_icm,71043,5,10,69.4333,54.94664,30.5667,1,2048,256,molecular_lipophilicity_to_freesolv,heldout
real_moleculenet_lipophilicity,real_moleculenet_freesolv,target_gp_ucb,71044,5,10,69.4333,55.52998,30.5667,1,2048,256,molecular_lipophilicity_to_freesolv,heldout
real_moleculenet_lipophilicity,real_moleculenet_freesolv,rgpe,71044,5,10,77.2333,45.91333,22.7667,1,2048,256,molecular_lipophilicity_to_freesolv,heldout
real_moleculenet_lipophilicity,real_moleculenet_freesolv,multitask_gp_icm,71044,5,10,52.1333,48.25332,47.8667,0,2048,256,molecular_lipophilicity_to_freesolv,heldout
real_moleculenet_lipophilicity,real_moleculenet_freesolv,target_gp_ucb,71045,5,10,50.9,45.72999,49.1,0,2048,256,molecular_lipophilicity_to_freesolv,heldout
real_moleculenet_lipophilicity,real_moleculenet_freesolv,rgpe,71045,5,10,41.3333,41.3333,58.6667,0,2048,256,molecular_lipophilicity_to_freesolv,heldout
real_moleculenet_lipophilicity,real_moleculenet_freesolv,multitask_gp_icm,71045,5,10,52.1333,49.27998,47.8667,0,2048,256,molecular_lipophilicity_to_freesolv,heldout
real_moleculenet_lipophilicity,real_moleculenet_freesolv,target_gp_ucb,71046,5,10,79.0667,49.51334,20.9333,1,2048,256,molecular_lipophilicity_to_freesolv,heldout
real_moleculenet_lipophilicity,real_moleculenet_freesolv,rgpe,71046,5,10,47.6333,37.23664,52.3667,0,2048,256,molecular_lipophilicity_to_freesolv,heldout
real_moleculenet_lipophilicity,real_moleculenet_freesolv,multitask_gp_icm,71046,5,10,69.4333,51.70666,30.5667,1,2048,256,molecular_lipophilicity_to_freesolv,heldout
real_moleculenet_lipophilicity,real_moleculenet_freesolv,target_gp_ucb,71047,5,10,64.0333,55.88666,35.9667,0,2048,256,molecular_lipophilicity_to_freesolv,heldout
real_moleculenet_lipophilicity,real_moleculenet_freesolv,rgpe,71047,5,10,58.8,51.71668,41.2,0,2048,256,molecular_lipophilicity_to_freesolv,heldout
real_moleculenet_lipophilicity,real_moleculenet_freesolv,multitask_gp_icm,71047,5,10,52.1333,51.24664,47.8667,0,2048,256,molecular_lipophilicity_to_freesolv,heldout
real_moleculenet_lipophilicity,real_moleculenet_freesolv,target_gp_ucb,71048,5,10,76.8667,57.50001,23.1333,1,2048,256,molecular_lipophilicity_to_freesolv,heldout
real_moleculenet_lipophilicity,real_moleculenet_freesolv,rgpe,71048,5,10,77.2333,53.62666,22.7667,1,2048,256,molecular_lipophilicity_to_freesolv,heldout
real_moleculenet_lipophilicity,real_moleculenet_freesolv,multitask_gp_icm,71048,5,10,52.1333,52.1333,47.8667,0,2048,256,molecular_lipophilicity_to_freesolv,heldout
real_moleculenet_lipophilicity,real_moleculenet_freesolv,target_gp_ucb,71049,5,10,71.4333,61.81998,28.5667,1,2048,256,molecular_lipophilicity_to_freesolv,heldout
real_moleculenet_lipophilicity,real_moleculenet_freesolv,rgpe,71049,5,10,68.2,65.94,31.8,0,2048,256,molecular_lipophilicity_to_freesolv,heldout
real_moleculenet_lipophilicity,real_moleculenet_freesolv,multitask_gp_icm,71049,5,10,68.2,68.2,31.8,0,2048,256,molecular_lipophilicity_to_freesolv,heldout
real_moleculenet_lipophilicity,real_moleculenet_freesolv,target_gp_ucb,71050,5,10,71.4333,67.28664,28.5667,1,2048,256,molecular_lipophilicity_to_freesolv,heldout
real_moleculenet_lipophilicity,real_moleculenet_freesolv,rgpe,71050,5,10,68.2,62.24334,31.8,0,2048,256,molecular_lipophilicity_to_freesolv,heldout
real_moleculenet_lipophilicity,real_moleculenet_freesolv,multitask_gp_icm,71050,5,10,59.1333,50.88002,40.8667,0,2048,256,molecular_lipophilicity_to_freesolv,heldout
real_moleculenet_lipophilicity,real_moleculenet_freesolv,target_gp_ucb,71051,5,10,52.1333,48.26665,47.8667,0,2048,256,molecular_lipophilicity_to_freesolv,heldout
real_moleculenet_lipophilicity,real_moleculenet_freesolv,rgpe,71051,5,10,68.2,55.7,31.8,0,2048,256,molecular_lipophilicity_to_freesolv,heldout
real_moleculenet_lipophilicity,real_moleculenet_freesolv,multitask_gp_icm,71051,5,10,52.6,47.54,47.4,0,2048,256,molecular_lipophilicity_to_freesolv,heldout
real_moleculenet_lipophilicity,real_moleculenet_freesolv,target_gp_ucb,71052,5,10,69.4333,66.30664,30.5667,1,2048,256,molecular_lipophilicity_to_freesolv,heldout
real_moleculenet_lipophilicity,real_moleculenet_freesolv,rgpe,71052,5,10,34.0667,34.0667,65.9333,0,2048,256,molecular_lipophilicity_to_freesolv,heldout
real_moleculenet_lipophilicity,real_moleculenet_freesolv,multitask_gp_icm,71052,5,10,68.2,64.78667,31.8,0,2048,256,molecular_lipophilicity_to_freesolv,heldout
real_moleculenet_lipophilicity,real_moleculenet_freesolv,target_gp_ucb,71053,5,10,48.8333,48.8333,51.1667,0,2048,256,molecular_lipophilicity_to_freesolv,heldout
real_moleculenet_lipophilicity,real_moleculenet_freesolv,rgpe,71053,5,10,48.8333,48.8333,51.1667,0,2048,256,molecular_lipophilicity_to_freesolv,heldout
real_moleculenet_lipophilicity,real_moleculenet_freesolv,multitask_gp_icm,71053,5,10,68.2,51.78665,31.8,0,2048,256,molecular_lipophilicity_to_freesolv,heldout
real_moleculenet_lipophilicity,real_moleculenet_freesolv,target_gp_ucb,71054,5,10,100.0,94.15333,0.0,1,2048,256,molecular_lipophilicity_to_freesolv,heldout
real_moleculenet_lipophilicity,real_moleculenet_freesolv,rgpe,71054,5,10,100.0,81.99999,0.0,1,2048,256,molecular_lipophilicity_to_freesolv,heldout
real_moleculenet_lipophilicity,real_moleculenet_freesolv,multitask_gp_icm,71054,5,10,100.0,88.76666,0.0,1,2048,256,molecular_lipophilicity_to_freesolv,heldout
real_moleculenet_lipophilicity,real_moleculenet_freesolv,target_gp_ucb,71055,5,10,85.0667,56.5367,14.9333,1,2048,256,molecular_lipophilicity_to_freesolv,heldout
real_moleculenet_lipophilicity,real_moleculenet_freesolv,rgpe,71055,5,10,68.2,68.2,31.8,0,2048,256,molecular_lipophilicity_to_freesolv,heldout
real_moleculenet_lipophilicity,real_moleculenet_freesolv,multitask_gp_icm,71055,5,10,53.3667,53.3667,46.6333,0,2048,256,molecular_lipophilicity_to_freesolv,heldout
real_moleculenet_lipophilicity,real_moleculenet_freesolv,target_gp_ucb,71056,5,10,49.2,44.11333,50.8,0,2048,256,molecular_lipophilicity_to_freesolv,heldout
real_moleculenet_lipophilicity,real_moleculenet_freesolv,rgpe,71056,5,10,32.0333,32.00664,67.9667,0,2048,256,molecular_lipophilicity_to_freesolv,heldout
real_moleculenet_lipophilicity,real_moleculenet_freesolv,multitask_gp_icm,71056,5,10,68.2,40.35666,31.8,0,2048,256,molecular_lipophilicity_to_freesolv,heldout
real_moleculenet_lipophilicity,real_moleculenet_freesolv,target_gp_ucb,71057,5,10,68.2,68.2,31.8,0,2048,256,molecular_lipophilicity_to_freesolv,heldout
real_moleculenet_lipophilicity,real_moleculenet_freesolv,rgpe,71057,5,10,68.2,68.2,31.8,0,2048,256,molecular_lipophilicity_to_freesolv,heldout
real_moleculenet_lipophilicity,real_moleculenet_freesolv,multitask_gp_icm,71057,5,10,68.2,68.2,31.8,0,2048,256,molecular_lipophilicity_to_freesolv,heldout
real_moleculenet_lipophilicity,real_moleculenet_freesolv,target_gp_ucb,71058,5,10,68.2,54.94666,31.8,0,2048,256,molecular_lipophilicity_to_freesolv,heldout
real_moleculenet_lipophilicity,real_moleculenet_freesolv,rgpe,71058,5,10,68.2,43.68001,31.8,0,2048,256,molecular_lipophilicity_to_freesolv,heldout
real_moleculenet_lipophilicity,real_moleculenet_freesolv,multitask_gp_icm,71058,5,10,68.2,51.85334,31.8,0,2048,256,molecular_lipophilicity_to_freesolv,heldout
real_moleculenet_lipophilicity,real_moleculenet_freesolv,target_gp_ucb,71059,5,10,50.9,39.94,49.1,0,2048,256,molecular_lipophilicity_to_freesolv,heldout
real_moleculenet_lipophilicity,real_moleculenet_freesolv,rgpe,71059,5,10,32.0333,31.99331,67.9667,0,2048,256,molecular_lipophilicity_to_freesolv,heldout
real_moleculenet_lipophilicity,real_moleculenet_freesolv,multitask_gp_icm,71059,5,10,68.2,42.78668,31.8,0,2048,256,molecular_lipophilicity_to_freesolv,heldout
real_moleculenet_lipophilicity,real_moleculenet_freesolv,target_gp_ucb,71060,5,10,71.4333,62.42664,28.5667,1,2048,256,molecular_lipophilicity_to_freesolv,heldout
real_moleculenet_lipophilicity,real_moleculenet_freesolv,rgpe,71060,5,10,68.2,68.2,31.8,0,2048,256,molecular_lipophilicity_to_freesolv,heldout
real_moleculenet_lipophilicity,real_moleculenet_freesolv,multitask_gp_icm,71060,5,10,68.2,64.30666,31.8,0,2048,256,molecular_lipophilicity_to_freesolv,heldout
real_moleculenet_lipophilicity,real_moleculenet_freesolv,target_gp_ucb,71061,5,10,42.1,41.64668,57.9,0,2048,256,molecular_lipophilicity_to_freesolv,heldout
real_moleculenet_lipophilicity,real_moleculenet_freesolv,rgpe,71061,5,10,40.9667,40.9667,59.0333,0,2048,256,molecular_lipophilicity_to_freesolv,heldout
real_moleculenet_lipophilicity,real_moleculenet_freesolv,multitask_gp_icm,71061,5,10,77.2333,55.10332,22.7667,1,2048,256,molecular_lipophilicity_to_freesolv,heldout
real_moleculenet_lipophilicity,real_moleculenet_freesolv,target_gp_ucb,71062,5,10,64.0333,64.0333,35.9667,0,2048,256,molecular_lipophilicity_to_freesolv,heldout
real_moleculenet_lipophilicity,real_moleculenet_freesolv,rgpe,71062,5,10,71.4333,69.9533,28.5667,1,2048,256,molecular_lipophilicity_to_freesolv,heldout
real_moleculenet_lipophilicity,real_moleculenet_freesolv,multitask_gp_icm,71062,5,10,71.4333,69.2133,28.5667,1,2048,256,molecular_lipophilicity_to_freesolv,heldout
real_moleculenet_lipophilicity,real_moleculenet_freesolv,target_gp_ucb,71063,5,10,64.0333,48.62665,35.9667,0,2048,256,molecular_lipophilicity_to_freesolv,heldout
real_moleculenet_lipophilicity,real_moleculenet_freesolv,rgpe,71063,5,10,32.0333,31.9433,67.9667,0,2048,256,molecular_lipophilicity_to_freesolv,heldout
real_moleculenet_lipophilicity,real_moleculenet_freesolv,multitask_gp_icm,71063,5,10,100.0,64.49335,0.0,1,2048,256,molecular_lipophilicity_to_freesolv,heldout
real_moleculenet_lipophilicity,real_moleculenet_freesolv,target_gp_ucb,71064,5,10,53.8,48.56332,46.2,0,2048,256,molecular_lipophilicity_to_freesolv,heldout
real_moleculenet_lipophilicity,real_moleculenet_freesolv,rgpe,71064,5,10,43.9333,43.9333,56.0667,0,2048,256,molecular_lipophilicity_to_freesolv,heldout
real_moleculenet_lipophilicity,real_moleculenet_freesolv,multitask_gp_icm,71064,5,10,69.4333,55.5933,30.5667,1,2048,256,molecular_lipophilicity_to_freesolv,heldout
real_moleculenet_lipophilicity,real_moleculenet_freesolv,target_gp_ucb,71065,5,10,44.7,41.03666,55.3,0,2048,256,molecular_lipophilicity_to_freesolv,heldout
real_moleculenet_lipophilicity,real_moleculenet_freesolv,rgpe,71065,5,10,33.4333,33.4333,66.5667,0,2048,256,molecular_lipophilicity_to_freesolv,heldout
real_moleculenet_lipophilicity,real_moleculenet_freesolv,multitask_gp_icm,71065,5,10,56.5,51.65667,43.5,0,2048,256,molecular_lipophilicity_to_freesolv,heldout
real_moleculenet_lipophilicity,real_moleculenet_freesolv,target_gp_ucb,71066,5,10,49.4667,49.35998,50.5333,0,2048,256,molecular_lipophilicity_to_freesolv,heldout
real_moleculenet_lipophilicity,real_moleculenet_freesolv,rgpe,71066,5,10,49.3333,49.3333,50.6667,0,2048,256,molecular_lipophilicity_to_freesolv,heldout
real_moleculenet_lipophilicity,real_moleculenet_freesolv,multitask_gp_icm,71066,5,10,58.8,51.22664,41.2,0,2048,256,molecular_lipophilicity_to_freesolv,heldout
real_moleculenet_lipophilicity,real_moleculenet_freesolv,target_gp_ucb,71067,5,10,71.4333,69.35997,28.5667,1,2048,256,molecular_lipophilicity_to_freesolv,heldout
real_moleculenet_lipophilicity,real_moleculenet_freesolv,rgpe,71067,5,10,71.4333,56.90998,28.5667,1,2048,256,molecular_lipophilicity_to_freesolv,heldout
real_moleculenet_lipophilicity,real_moleculenet_freesolv,multitask_gp_icm,71067,5,10,68.2,61.06666,31.8,0,2048,256,molecular_lipophilicity_to_freesolv,heldout
real_moleculenet_lipophilicity,real_moleculenet_freesolv,target_gp_ucb,71068,5,10,71.4333,71.4333,28.5667,1,2048,256,molecular_lipophilicity_to_freesolv,heldout
real_moleculenet_lipophilicity,real_moleculenet_freesolv,rgpe,71068,5,10,71.4333,71.4333,28.5667,1,2048,256,molecular_lipophilicity_to_freesolv,heldout
real_moleculenet_lipophilicity,real_moleculenet_freesolv,multitask_gp_icm,71068,5,10,71.4333,71.4333,28.5667,1,2048,256,molecular_lipophilicity_to_freesolv,heldout
real_moleculenet_lipophilicity,real_moleculenet_freesolv,target_gp_ucb,71069,5,10,73.0667,73.0667,26.9333,1,2048,256,molecular_lipophilicity_to_freesolv,heldout
real_moleculenet_lipophilicity,real_moleculenet_freesolv,rgpe,71069,5,10,73.0667,73.0667,26.9333,1,2048,256,molecular_lipophilicity_to_freesolv,heldout
real_moleculenet_lipophilicity,real_moleculenet_freesolv,multitask_gp_icm,71069,5,10,73.0667,73.0667,26.9333,1,2048,256,molecular_lipophilicity_to_freesolv,heldout
real_moleculenet_lipophilicity,real_moleculenet_freesolv,target_gp_ucb,71070,5,10,68.2,68.2,31.8,0,2048,256,molecular_lipophilicity_to_freesolv,heldout
real_moleculenet_lipophilicity,real_moleculenet_freesolv,rgpe,71070,5,10,68.2,68.2,31.8,0,2048,256,molecular_lipophilicity_to_freesolv,heldout
real_moleculenet_lipophilicity,real_moleculenet_freesolv,multitask_gp_icm,71070,5,10,68.2,68.2,31.8,0,2048,256,molecular_lipophilicity_to_freesolv,heldout
real_moleculenet_lipophilicity,real_moleculenet_freesolv,target_gp_ucb,71071,5,10,64.0333,54.64664,35.9667,0,2048,256,molecular_lipophilicity_to_freesolv,heldout
real_moleculenet_lipophilicity,real_moleculenet_freesolv,rgpe,71071,5,10,68.2,61.62,31.8,0,2048,256,molecular_lipophilicity_to_freesolv,heldout
real_moleculenet_lipophilicity,real_moleculenet_freesolv,multitask_gp_icm,71071,5,10,69.4333,54.70664,30.5667,1,2048,256,molecular_lipophilicity_to_freesolv,heldout
real_moleculenet_lipophilicity,real_moleculenet_freesolv,target_gp_ucb,71072,5,10,100.0,100.0,0.0,1,2048,256,molecular_lipophilicity_to_freesolv,heldout
real_moleculenet_lipophilicity,real_moleculenet_freesolv,rgpe,71072,5,10,100.0,100.0,0.0,1,2048,256,molecular_lipophilicity_to_freesolv,heldout
real_moleculenet_lipophilicity,real_moleculenet_freesolv,multitask_gp_icm,71072,5,10,100.0,100.0,0.0,1,2048,256,molecular_lipophilicity_to_freesolv,heldout
real_moleculenet_lipophilicity,real_moleculenet_freesolv,target_gp_ucb,71073,5,10,56.5,51.32668,43.5,0,2048,256,molecular_lipophilicity_to_freesolv,heldout
real_moleculenet_lipophilicity,real_moleculenet_freesolv,rgpe,71073,5,10,68.2,51.4,31.8,0,2048,256,molecular_lipophilicity_to_freesolv,heldout
real_moleculenet_lipophilicity,real_moleculenet_freesolv,multitask_gp_icm,71073,5,10,69.4333,51.48331,30.5667,1,2048,256,molecular_lipophilicity_to_freesolv,heldout
real_moleculenet_lipophilicity,real_moleculenet_freesolv,target_gp_ucb,71074,5,10,71.4333,60.86665,28.5667,1,2048,256,molecular_lipophilicity_to_freesolv,heldout
real_moleculenet_lipophilicity,real_moleculenet_freesolv,rgpe,71074,5,10,41.2333,41.2333,58.7667,0,2048,256,molecular_lipophilicity_to_freesolv,heldout
real_moleculenet_lipophilicity,real_moleculenet_freesolv,multitask_gp_icm,71074,5,10,64.0333,50.45998,35.9667,0,2048,256,molecular_lipophilicity_to_freesolv,heldout
real_moleculenet_lipophilicity,real_moleculenet_freesolv,target_gp_ucb,71075,5,10,53.3667,44.97667,46.6333,0,2048,256,molecular_lipophilicity_to_freesolv,heldout
real_moleculenet_lipophilicity,real_moleculenet_freesolv,rgpe,71075,5,10,68.2,46.41336,31.8,0,2048,256,molecular_lipophilicity_to_freesolv,heldout
real_moleculenet_lipophilicity,real_moleculenet_freesolv,multitask_gp_icm,71075,5,10,77.2333,57.61332,22.7667,1,2048,256,molecular_lipophilicity_to_freesolv,heldout
real_moleculenet_lipophilicity,real_moleculenet_freesolv,target_gp_ucb,71076,5,10,50.9,44.87665,49.1,0,2048,256,molecular_lipophilicity_to_freesolv,heldout
real_moleculenet_lipophilicity,real_moleculenet_freesolv,rgpe,71076,5,10,38.9667,38.9667,61.0333,0,2048,256,molecular_lipophilicity_to_freesolv,heldout
real_moleculenet_lipophilicity,real_moleculenet_freesolv,multitask_gp_icm,71076,5,10,52.1333,49.27998,47.8667,0,2048,256,molecular_lipophilicity_to_freesolv,heldout
real_moleculenet_lipophilicity,real_moleculenet_freesolv,target_gp_ucb,71077,5,10,50.7333,39.73333,49.2667,0,2048,256,molecular_lipophilicity_to_freesolv,heldout
real_moleculenet_lipophilicity,real_moleculenet_freesolv,rgpe,71077,5,10,32.6,32.6,67.4,0,2048,256,molecular_lipophilicity_to_freesolv,heldout
real_moleculenet_lipophilicity,real_moleculenet_freesolv,multitask_gp_icm,71077,5,10,56.5,50.88,43.5,0,2048,256,molecular_lipophilicity_to_freesolv,heldout
real_moleculenet_lipophilicity,real_moleculenet_freesolv,target_gp_ucb,71078,5,10,64.0333,55.70334,35.9667,0,2048,256,molecular_lipophilicity_to_freesolv,heldout
real_moleculenet_lipophilicity,real_moleculenet_freesolv,rgpe,71078,5,10,49.4667,49.4667,50.5333,0,2048,256,molecular_lipophilicity_to_freesolv,heldout
real_moleculenet_lipophilicity,real_moleculenet_freesolv,multitask_gp_icm,71078,5,10,68.2,55.08669,31.8,0,2048,256,molecular_lipophilicity_to_freesolv,heldout
real_moleculenet_lipophilicity,real_moleculenet_freesolv,target_gp_ucb,71079,5,10,71.4333,50.57998,28.5667,1,2048,256,molecular_lipophilicity_to_freesolv,heldout
real_moleculenet_lipophilicity,real_moleculenet_freesolv,rgpe,71079,5,10,40.9667,40.0667,59.0333,0,2048,256,molecular_lipophilicity_to_freesolv,heldout
real_moleculenet_lipophilicity,real_moleculenet_freesolv,multitask_gp_icm,71079,5,10,69.4333,47.46335,30.5667,1,2048,256,molecular_lipophilicity_to_freesolv,heldout
real_moleculenet_lipophilicity,real_moleculenet_freesolv,target_gp_ucb,71080,5,10,79.0667,53.28001,20.9333,1,2048,256,molecular_lipophilicity_to_freesolv,heldout
real_moleculenet_lipophilicity,real_moleculenet_freesolv,rgpe,71080,5,10,68.2,46.97336,31.8,0,2048,256,molecular_lipophilicity_to_freesolv,heldout
real_moleculenet_lipophilicity,real_moleculenet_freesolv,multitask_gp_icm,71080,5,10,59.1333,55.63998,40.8667,0,2048,256,molecular_lipophilicity_to_freesolv,heldout
real_moleculenet_lipophilicity,real_moleculenet_freesolv,target_gp_ucb,71081,5,10,77.2333,73.8033,22.7667,1,2048,256,molecular_lipophilicity_to_freesolv,heldout
real_moleculenet_lipophilicity,real_moleculenet_freesolv,rgpe,71081,5,10,40.9667,40.31336,59.0333,0,2048,256,molecular_lipophilicity_to_freesolv,heldout
real_moleculenet_lipophilicity,real_moleculenet_freesolv,multitask_gp_icm,71081,5,10,59.1333,49.28666,40.8667,0,2048,256,molecular_lipophilicity_to_freesolv,heldout
real_moleculenet_lipophilicity,real_moleculenet_freesolv,target_gp_ucb,71082,5,10,100.0,99.54,0.0,1,2048,256,molecular_lipophilicity_to_freesolv,heldout
real_moleculenet_lipophilicity,real_moleculenet_freesolv,rgpe,71082,5,10,100.0,96.32,0.0,1,2048,256,molecular_lipophilicity_to_freesolv,heldout
real_moleculenet_lipophilicity,real_moleculenet_freesolv,multitask_gp_icm,71082,5,10,100.0,99.08,0.0,1,2048,256,molecular_lipophilicity_to_freesolv,heldout
real_moleculenet_lipophilicity,real_moleculenet_freesolv,target_gp_ucb,71083,5,10,69.4333,50.61333,30.5667,1,2048,256,molecular_lipophilicity_to_freesolv,heldout
real_moleculenet_lipophilicity,real_moleculenet_freesolv,rgpe,71083,5,10,40.9667,40.9667,59.0333,0,2048,256,molecular_lipophilicity_to_freesolv,heldout
real_moleculenet_lipophilicity,real_moleculenet_freesolv,multitask_gp_icm,71083,5,10,77.2333,56.32998,22.7667,1,2048,256,molecular_lipophilicity_to_freesolv,heldout
real_moleculenet_lipophilicity,real_moleculenet_freesolv,target_gp_ucb,71084,5,10,100.0,74.66668,0.0,1,2048,256,molecular_lipophilicity_to_freesolv,heldout
real_moleculenet_lipophilicity,real_moleculenet_freesolv,rgpe,71084,5,10,38.9667,38.9667,61.0333,0,2048,256,molecular_lipophilicity_to_freesolv,heldout
real_moleculenet_lipophilicity,real_moleculenet_freesolv,multitask_gp_icm,71084,5,10,44.7,44.36333,55.3,0,2048,256,molecular_lipophilicity_to_freesolv,heldout
real_moleculenet_lipophilicity,real_moleculenet_freesolv,target_gp_ucb,71085,5,10,58.8,57.56,41.2,0,2048,256,molecular_lipophilicity_to_freesolv,heldout
real_moleculenet_lipophilicity,real_moleculenet_freesolv,rgpe,71085,5,10,76.8667,57.93334,23.1333,1,2048,256,molecular_lipophilicity_to_freesolv,heldout
real_moleculenet_lipophilicity,real_moleculenet_freesolv,multitask_gp_icm,71085,5,10,68.2,59.89,31.8,0,2048,256,molecular_lipophilicity_to_freesolv,heldout
real_moleculenet_lipophilicity,real_moleculenet_freesolv,target_gp_ucb,71086,5,10,71.4333,66.98664,28.5667,1,2048,256,molecular_lipophilicity_to_freesolv,heldout
real_moleculenet_lipophilicity,real_moleculenet_freesolv,rgpe,71086,5,10,68.2,62.5,31.8,0,2048,256,molecular_lipophilicity_to_freesolv,heldout
real_moleculenet_lipophilicity,real_moleculenet_freesolv,multitask_gp_icm,71086,5,10,71.4333,62.68998,28.5667,1,2048,256,molecular_lipophilicity_to_freesolv,heldout
real_moleculenet_lipophilicity,real_moleculenet_freesolv,target_gp_ucb,71087,5,10,47.6333,44.28332,52.3667,0,2048,256,molecular_lipophilicity_to_freesolv,heldout
real_moleculenet_lipophilicity,real_moleculenet_freesolv,rgpe,71087,5,10,32.0333,31.75997,67.9667,0,2048,256,molecular_lipophilicity_to_freesolv,heldout
real_moleculenet_lipophilicity,real_moleculenet_freesolv,multitask_gp_icm,71087,5,10,56.5,51.31667,43.5,0,2048,256,molecular_lipophilicity_to_freesolv,heldout
real_moleculenet_lipophilicity,real_moleculenet_freesolv,target_gp_ucb,71088,5,10,71.4333,63.13331,28.5667,1,2048,256,molecular_lipophilicity_to_freesolv,heldout
real_moleculenet_lipophilicity,real_moleculenet_freesolv,rgpe,71088,5,10,68.2,47.65003,31.8,0,2048,256,molecular_lipophilicity_to_freesolv,heldout
real_moleculenet_lipophilicity,real_moleculenet_freesolv,multitask_gp_icm,71088,5,10,71.4333,59.8533,28.5667,1,2048,256,molecular_lipophilicity_to_freesolv,heldout
real_moleculenet_lipophilicity,real_moleculenet_freesolv,target_gp_ucb,71089,5,10,48.8333,48.8333,51.1667,0,2048,256,molecular_lipophilicity_to_freesolv,heldout
real_moleculenet_lipophilicity,real_moleculenet_freesolv,rgpe,71089,5,10,48.8333,48.8333,51.1667,0,2048,256,molecular_lipophilicity_to_freesolv,heldout
real_moleculenet_lipophilicity,real_moleculenet_freesolv,multitask_gp_icm,71089,5,10,48.8333,48.8333,51.1667,0,2048,256,molecular_lipophilicity_to_freesolv,heldout
real_moleculenet_lipophilicity,real_moleculenet_freesolv,target_gp_ucb,71090,5,10,49.4,45.78333,50.6,0,2048,256,molecular_lipophilicity_to_freesolv,heldout
real_moleculenet_lipophilicity,real_moleculenet_freesolv,rgpe,71090,5,10,40.9667,40.84336,59.0333,0,2048,256,molecular_lipophilicity_to_freesolv,heldout
real_moleculenet_lipophilicity,real_moleculenet_freesolv,multitask_gp_icm,71090,5,10,52.1333,47.03333,47.8667,0,2048,256,molecular_lipophilicity_to_freesolv,heldout
real_moleculenet_lipophilicity,real_moleculenet_freesolv,target_gp_ucb,71091,5,10,34.0667,32.53334,65.9333,0,2048,256,molecular_lipophilicity_to_freesolv,heldout
real_moleculenet_lipophilicity,real_moleculenet_freesolv,rgpe,71091,5,10,40.9667,32.9567,59.0333,0,2048,256,molecular_lipophilicity_to_freesolv,heldout
real_moleculenet_lipophilicity,real_moleculenet_freesolv,multitask_gp_icm,71091,5,10,44.7,42.53336,55.3,0,2048,256,molecular_lipophilicity_to_freesolv,heldout
real_moleculenet_lipophilicity,real_moleculenet_freesolv,target_gp_ucb,71092,5,10,100.0,100.0,0.0,1,2048,256,molecular_lipophilicity_to_freesolv,heldout
real_moleculenet_lipophilicity,real_moleculenet_freesolv,rgpe,71092,5,10,100.0,92.64668,0.0,1,2048,256,molecular_lipophilicity_to_freesolv,heldout
real_moleculenet_lipophilicity,real_moleculenet_freesolv,multitask_gp_icm,71092,5,10,100.0,97.01334,0.0,1,2048,256,molecular_lipophilicity_to_freesolv,heldout
real_moleculenet_lipophilicity,real_moleculenet_freesolv,target_gp_ucb,71093,5,10,79.0667,64.36666,20.9333,1,2048,256,molecular_lipophilicity_to_freesolv,heldout
real_moleculenet_lipophilicity,real_moleculenet_freesolv,rgpe,71093,5,10,68.2,60.76665,31.8,0,2048,256,molecular_lipophilicity_to_freesolv,heldout
real_moleculenet_lipophilicity,real_moleculenet_freesolv,multitask_gp_icm,71093,5,10,79.0667,62.57332,20.9333,1,2048,256,molecular_lipophilicity_to_freesolv,heldout
real_moleculenet_lipophilicity,real_moleculenet_freesolv,target_gp_ucb,71094,5,10,71.4333,59.73332,28.5667,1,2048,256,molecular_lipophilicity_to_freesolv,heldout
real_moleculenet_lipophilicity,real_moleculenet_freesolv,rgpe,71094,5,10,32.0333,31.91331,67.9667,0,2048,256,molecular_lipophilicity_to_freesolv,heldout
real_moleculenet_lipophilicity,real_moleculenet_freesolv,multitask_gp_icm,71094,5,10,69.4333,53.81998,30.5667,1,2048,256,molecular_lipophilicity_to_freesolv,heldout
real_moleculenet_lipophilicity,real_moleculenet_freesolv,target_gp_ucb,71095,5,10,79.0667,69.82666,20.9333,1,2048,256,molecular_lipophilicity_to_freesolv,heldout
real_moleculenet_lipophilicity,real_moleculenet_freesolv,rgpe,71095,5,10,47.9,47.9,52.1,0,2048,256,molecular_lipophilicity_to_freesolv,heldout
real_moleculenet_lipophilicity,real_moleculenet_freesolv,multitask_gp_icm,71095,5,10,69.4333,57.3233,30.5667,1,2048,256,molecular_lipophilicity_to_freesolv,heldout
real_moleculenet_lipophilicity,real_moleculenet_freesolv,target_gp_ucb,71096,5,10,49.2,48.31333,50.8,0,2048,256,molecular_lipophilicity_to_freesolv,heldout
real_moleculenet_lipophilicity,real_moleculenet_freesolv,rgpe,71096,5,10,42.6,41.13003,57.4,0,2048,256,molecular_lipophilicity_to_freesolv,heldout
real_moleculenet_lipophilicity,real_moleculenet_freesolv,multitask_gp_icm,71096,5,10,69.4333,50.90998,30.5667,1,2048,256,molecular_lipophilicity_to_freesolv,heldout
real_moleculenet_lipophilicity,real_moleculenet_freesolv,target_gp_ucb,71097,5,10,64.0333,54.85998,35.9667,0,2048,256,molecular_lipophilicity_to_freesolv,heldout
real_moleculenet_lipophilicity,real_moleculenet_freesolv,rgpe,71097,5,10,76.8667,61.51334,23.1333,1,2048,256,molecular_lipophilicity_to_freesolv,heldout
real_moleculenet_lipophilicity,real_moleculenet_freesolv,multitask_gp_icm,71097,5,10,59.1333,50.17332,40.8667,0,2048,256,molecular_lipophilicity_to_freesolv,heldout
real_moleculenet_lipophilicity,real_moleculenet_freesolv,target_gp_ucb,71098,5,10,76.8667,65.31664,23.1333,1,2048,256,molecular_lipophilicity_to_freesolv,heldout
real_moleculenet_lipophilicity,real_moleculenet_freesolv,rgpe,71098,5,10,68.2,60.32,31.8,0,2048,256,molecular_lipophilicity_to_freesolv,heldout
real_moleculenet_lipophilicity,real_moleculenet_freesolv,multitask_gp_icm,71098,5,10,68.2,62.39,31.8,0,2048,256,molecular_lipophilicity_to_freesolv,heldout
real_moleculenet_lipophilicity,real_moleculenet_freesolv,target_gp_ucb,71099,5,10,76.8667,76.8667,23.1333,1,2048,256,molecular_lipophilicity_to_freesolv,heldout
real_moleculenet_lipophilicity,real_moleculenet_freesolv,rgpe,71099,5,10,42.1667,42.1667,57.8333,0,2048,256,molecular_lipophilicity_to_freesolv,heldout
real_moleculenet_lipophilicity,real_moleculenet_freesolv,multitask_gp_icm,71099,5,10,76.8667,76.8667,23.1333,1,2048,256,molecular_lipophilicity_to_freesolv,heldout
